Age,Revenu,Genre,IMC,Achats,Score_Credit,Nombre_Enfants,Statut_Marital,Ville,Depenses_Mensuelles,Epargne,Temps_Travail,Satisfaction_Client,Anciennete_Client,Score_Sante
54,72134.0,homme,37.0,41,337,2,marié,dakar,21230.0,9013.0,50,3,15,18
67,147413.0,homme,35.0,38,324,0,célibataire,kaolack,93301.0,39113.0,11,4,17,1
44,105327.0,femme,19.4,24,709,4,marié,kaolack,15902.0,3574.0,28,5,8,91
30,146410.0,homme,29.1,45,760,3,divorcé,thiès,76758.0,32480.0,25,3,3,95
58,26344.0,homme,18.5,31,716,2,marié,kaolack,37050.0,7838.0,52,1,8,61
23,147822.0,femme,17.1,23,656,4,divorcé,saint-louis,84586.0,28363.0,53,3,1,82
76,82957.0,femme,31.8,47,682,1,marié,thiès,79110.0,31368.0,34,5,8,15
36,120423.0,homme,28.8,46,457,2,divorcé,thiès,86693.0,32228.0,10,4,8,93
54,73053.0,homme,18.0,43,732,4,célibataire,kaolack,29575.0,49711.0,11,2,17,21
34,105600.0,homme,,39,627,0,marié,dakar,50244.0,28639.0,36,2,12,55
38,137732.0,homme,16.7,49,732,0,divorcé,dakar,93481.0,14823.0,11,4,5,64
26,52641.0,femme,26.7,22,730,0,divorcé,dakar,24962.0,23510.0,39,2,8,44
26,44711.0,femme,28.1,49,355,5,marié,thiès,87332.0,38333.0,19,5,15,53
68,121896.0,homme,20.1,31,368,0,célibataire,kaolack,63494.0,38418.0,51,2,1,85
55,71276.0,femme,34.3,14,556,0,célibataire,dakar,93040.0,7436.0,22,4,14,32
39,34541.0,homme,28.2,35,789,5,marié,kaolack,40041.0,36476.0,57,4,5,78
18,109457.0,homme,31.3,48,348,2,célibataire,kaolack,20715.0,47219.0,59,3,10,49
68,39070.0,femme,34.4,21,712,4,divorcé,saint-louis,78906.0,24244.0,59,1,16,39
17,95559.0,homme,26.4,15,733,0,marié,kaolack,71726.0,42721.0,40,5,3,38
39,56786.0,femme,26.7,40,301,4,célibataire,kaolack,11908.0,1692.0,54,4,18,40
59,51062.0,femme,30.9,9,444,0,marié,saint-louis,47075.0,15523.0,34,5,6,74
45,66571.0,homme,32.0,23,665,0,célibataire,dakar,74587.0,32326.0,48,5,10,67
53,40510.0,femme,28.0,17,719,3,célibataire,thiès,63648.0,47090.0,30,5,12,6
17,34426.0,femme,31.5,48,743,3,célibataire,dakar,31134.0,42205.0,59,3,2,84
79,52265.0,homme,16.6,17,733,3,divorcé,thiès,66143.0,125.0,47,5,13,70
75,81150.0,femme,26.3,6,356,1,marié,thiès,79123.0,45712.0,50,2,1,3
36,1000000.0,homme,22.7,3,477,3,célibataire,kaolack,55153.0,1199.0,38,2,17,75
48,104613.0,homme,19.1,25,592,0,divorcé,kaolack,12413.0,38860.0,15,1,4,90
27,89910.0,femme,18.4,4,345,5,célibataire,saint-louis,32555.0,16375.0,27,1,12,58
73,67375.0,femme,30.5,15,469,5,marié,dakar,20952.0,2711.0,58,5,12,80
37,136826.0,femme,28.6,34,570,2,divorcé,dakar,78993.0,32437.0,53,5,13,83
76,50435.0,homme,22.1,25,716,3,célibataire,thiès,84000.0,28022.0,44,3,11,94
59,111443.0,femme,27.3,17,438,5,célibataire,kaolack,76686.0,9182.0,36,5,12,25
40,149055.0,homme,27.8,28,546,3,célibataire,kaolack,42264.0,27641.0,14,5,17,30
64,38510.0,femme,20.7,22,447,2,marié,dakar,57553.0,29530.0,16,5,12,98
42,109071.0,femme,31.7,13,529,5,divorcé,saint-louis,64359.0,22612.0,19,4,3,72
78,59547.0,homme,35.0,48,379,1,divorcé,saint-louis,62330.0,40950.0,37,3,4,51
57,69620.0,femme,30.5,32,364,3,célibataire,dakar,48345.0,38270.0,45,3,17,71
79,130608.0,femme,28.3,24,387,5,divorcé,dakar,79617.0,12920.0,19,2,7,20
43,22564.0,homme,17.5,20,387,5,célibataire,saint-louis,49222.0,22144.0,59,3,13,15
75,128824.0,homme,22.9,16,503,2,marié,kaolack,67755.0,18882.0,44,2,1,50
31,94273.0,femme,18.2,22,681,0,divorcé,dakar,18933.0,2565.0,44,5,7,15
30,89859.0,femme,39.1,42,775,4,célibataire,thiès,78207.0,23373.0,46,3,15,17
77,125017.0,femme,19.2,16,838,5,divorcé,dakar,53739.0,43557.0,57,3,6,46
77,138618.0,homme,19.6,13,513,1,divorcé,kaolack,57738.0,5024.0,29,3,2,55
62,140341.0,homme,37.3,28,1000,2,marié,thiès,94544.0,24691.0,22,2,3,27
77,44430.0,homme,38.7,19,360,5,divorcé,dakar,31883.0,33799.0,20,2,6,81
66,42788.0,homme,34.4,29,842,5,marié,kaolack,53401.0,1241.0,54,1,3,77
59,84346.0,femme,16.1,18,518,2,divorcé,kaolack,25380.0,34510.0,28,2,8,55
70,111122.0,homme,16.0,38,311,2,divorcé,dakar,28212.0,38477.0,37,2,16,36
67,54974.0,homme,25.1,12,714,3,divorcé,kaolack,38174.0,22383.0,47,4,16,15
79,122309.0,homme,19.4,17,331,5,divorcé,saint-louis,16861.0,47507.0,54,3,19,84
72,31371.0,femme,16.4,22,459,4,divorcé,thiès,16094.0,11830.0,13,2,13,64
18,60084.0,femme,27.1,45,536,1,divorcé,saint-louis,61319.0,28975.0,46,3,13,59
52,76916.0,homme,38.6,32,480,0,marié,dakar,56728.0,46546.0,28,3,12,60
12,88972.0,homme,23.8,38,640,4,marié,saint-louis,34363.0,26551.0,46,4,3,10
22,27984.0,femme,31.9,39,757,4,célibataire,dakar,97846.0,40928.0,23,3,12,74
36,48039.0,femme,31.7,17,379,2,divorcé,dakar,49300.0,23267.0,40,2,16,65
24,100431.0,femme,22.0,8,772,2,marié,kaolack,64808.0,12375.0,37,3,14,31
54,98691.0,femme,31.6,32,411,2,divorcé,kaolack,15943.0,21513.0,45,1,17,18
33,73606.0,femme,21.1,31,591,5,divorcé,dakar,90105.0,4403.0,53,1,10,55
19,117665.0,femme,18.9,16,682,2,marié,thiès,52616.0,4897.0,47,4,3,4
75,39574.0,femme,18.7,26,792,5,marié,thiès,35287.0,36078.0,51,4,10,27
29,149502.0,homme,39.9,5,630,5,marié,saint-louis,43971.0,17379.0,10,1,9,89
65,20000.0,homme,20.4,34,785,4,célibataire,dakar,90000.0,47759.0,32,2,12,86
73,17050.0,homme,30.3,36,705,3,célibataire,kaolack,52351.0,30030.0,37,3,7,93
24,124996.0,homme,25.9,33,416,5,célibataire,saint-louis,70040.0,29870.0,57,2,12,71
41,48933.0,homme,19.0,19,414,1,célibataire,saint-louis,98559.0,29482.0,13,5,8,99
68,39951.0,homme,16.7,24,848,2,divorcé,kaolack,70616.0,31058.0,50,2,0,28
17,47413.0,femme,30.9,3,846,3,divorcé,dakar,33897.0,26871.0,27,3,0,76
35,127573.0,femme,35.4,9,635,0,célibataire,saint-louis,33010.0,26379.0,58,5,14,58
43,137744.0,homme,36.2,9,635,4,marié,dakar,50154.0,2251.0,56,4,3,24
62,104431.0,homme,27.6,23,446,3,marié,dakar,30114.0,43860.0,48,2,19,21
75,58001.0,femme,34.7,20,421,5,marié,dakar,29050.0,23674.0,34,4,0,96
59,139988.0,femme,33.4,26,674,2,divorcé,dakar,60396.0,31432.0,15,1,10,22
76,60028.0,homme,27.8,15,362,2,marié,saint-louis,54846.0,40426.0,28,1,18,69
23,146878.0,femme,31.2,25,803,3,marié,kaolack,30396.0,49584.0,21,3,14,78
62,139343.0,homme,35.3,29,748,2,célibataire,kaolack,98116.0,22127.0,34,1,9,78
50,143301.0,homme,25.5,48,727,5,marié,saint-louis,48973.0,38015.0,44,5,0,39
29,141295.0,femme,35.3,15,726,3,divorcé,kaolack,33574.0,7715.0,10,5,2,97
32,49636.0,femme,30.2,6,720,2,marié,saint-louis,23869.0,3817.0,14,2,13,13
51,39262.0,homme,20.0,15,621,0,marié,thiès,76194.0,29493.0,10,4,14,28
65,95435.0,femme,16.6,34,465,0,divorcé,saint-louis,72167.0,17454.0,17,5,0,15
19,56844.0,homme,29.1,39,758,2,divorcé,saint-louis,22122.0,24690.0,56,4,0,86
17,79754.0,femme,36.2,11,488,2,célibataire,thiès,53827.0,42750.0,52,1,14,9
77,92129.0,homme,19.1,34,763,3,marié,dakar,23335.0,33762.0,27,2,2,46
21,55042.0,homme,35.2,48,678,3,célibataire,dakar,73576.0,37499.0,55,4,19,3
69,76665.0,femme,36.7,20,301,2,célibataire,dakar,31677.0,22452.0,18,3,11,11
57,131953.0,homme,19.6,49,663,1,célibataire,kaolack,,7670.0,14,3,18,41
19,133533.0,homme,,42,371,2,marié,thiès,39814.0,21151.0,13,5,15,97
69,88781.0,femme,39.8,35,726,5,célibataire,saint-louis,93611.0,17341.0,53,4,7,3
44,81262.0,femme,33.4,47,469,3,célibataire,saint-louis,53185.0,29604.0,38,3,13,83
78,61600.0,,34.8,16,504,2,marié,saint-louis,86794.0,8287.0,10,5,17,91
33,91898.0,homme,39.9,31,636,3,divorcé,saint-louis,85675.0,18538.0,39,2,0,91
41,45448.0,homme,30.5,40,771,2,divorcé,kaolack,52325.0,17015.0,54,2,1,5
59,41172.0,femme,23.4,5,494,4,divorcé,kaolack,50503.0,44644.0,10,4,11,13
49,22657.0,homme,36.1,23,574,3,marié,thiès,29514.0,49849.0,12,4,16,34
25,127855.0,femme,30.7,26,306,1,marié,saint-louis,66196.0,49183.0,31,4,1,46
77,22906.0,femme,29.9,19,477,4,divorcé,dakar,30917.0,15852.0,17,4,16,57
51,76413.0,homme,22.1,24,541,5,célibataire,kaolack,64699.0,46258.0,27,3,6,64
29,69028.0,femme,34.2,1,502,2,divorcé,thiès,60119.0,21258.0,34,3,5,18
46,22287.0,homme,18.0,8,842,5,marié,thiès,93324.0,38330.0,57,5,5,56
63,48660.0,homme,38.2,27,761,3,,kaolack,35061.0,41508.0,29,3,7,64
23,117979.0,homme,19.1,2,822,5,marié,dakar,91080.0,6192.0,39,5,14,7
29,49701.0,femme,26.6,19,716,1,célibataire,saint-louis,95550.0,27410.0,25,3,6,17
38,98300.0,homme,17.0,5,683,3,divorcé,kaolack,90331.0,9895.0,11,4,2,34
75,98560.0,homme,32.4,38,690,4,marié,dakar,42632.0,6406.0,26,3,9,86
72,58642.0,homme,37.7,32,425,5,marié,kaolack,29352.0,33924.0,19,1,2,25
77,80160.0,femme,36.1,0,793,4,marié,thiès,33653.0,47086.0,16,5,13,37
55,32602.0,homme,19.1,36,346,4,marié,thiès,77115.0,41303.0,51,3,2,83
36,118320.0,femme,19.0,5,775,5,célibataire,thiès,53755.0,5295.0,18,3,0,65
31,103801.0,homme,35.5,44,763,0,marié,kaolack,81988.0,12264.0,26,2,0,25
60,40931.0,homme,38.2,33,422,2,marié,saint-louis,47921.0,28038.0,18,4,18,56
33,109377.0,femme,27.1,46,773,3,célibataire,saint-louis,69003.0,38922.0,18,4,3,99
62,44192.0,femme,28.0,14,433,3,marié,dakar,90876.0,9136.0,46,2,1,24
68,61542.0,femme,23.6,44,322,3,célibataire,kaolack,56668.0,13213.0,33,2,10,29
39,142015.0,femme,,25,534,4,célibataire,saint-louis,65175.0,12072.0,48,1,11,81
41,57520.0,femme,31.5,13,358,5,marié,kaolack,57738.0,43010.0,20,5,12,6
40,79772.0,homme,22.9,6,463,2,divorcé,saint-louis,63452.0,36053.0,17,4,15,26
75,65106.0,homme,23.2,45,515,1,marié,thiès,78323.0,27431.0,34,2,15,10
75,96121.0,femme,37.4,30,482,3,divorcé,thiès,56149.0,42290.0,55,2,18,7
75,40559.0,homme,16.3,23,389,5,célibataire,dakar,25839.0,2003.0,11,5,19,10
56,48742.0,homme,29.3,28,556,2,marié,saint-louis,17019.0,31279.0,33,1,8,29
44,84669.0,femme,19.6,41,832,0,marié,dakar,64512.0,42747.0,57,5,15,93
30,85831.0,homme,18.2,31,832,5,divorcé,dakar,71690.0,10438.0,25,1,6,14
60,127217.0,homme,35.6,16,351,3,marié,thiès,96150.0,14227.0,28,3,12,55
16,56873.0,homme,37.5,13,637,4,divorcé,kaolack,36190.0,3672.0,40,4,3,34
40,121532.0,femme,35.8,39,470,2,célibataire,thiès,20928.0,7458.0,20,2,12,38
22,141267.0,homme,37.6,35,366,2,divorcé,thiès,58425.0,18539.0,15,5,7,23
24,149092.0,homme,29.3,47,599,1,divorcé,dakar,84134.0,3479.0,15,1,1,7
39,56755.0,femme,35.5,23,531,0,divorcé,thiès,96117.0,14887.0,41,4,6,42
16,100956.0,femme,25.2,44,367,2,divorcé,saint-louis,58974.0,51.0,48,4,10,41
59,101988.0,homme,32.0,26,805,2,célibataire,dakar,57796.0,2159.0,57,2,16,83
23,60648.0,homme,39.7,24,327,4,célibataire,thiès,58743.0,4390.0,22,4,13,40
39,140991.0,femme,21.4,31,350,4,célibataire,kaolack,89455.0,20035.0,12,2,12,46
78,130005.0,femme,25.4,17,559,1,divorcé,saint-louis,80035.0,28491.0,50,3,14,25
26,17396.0,femme,27.5,45,483,5,célibataire,kaolack,47677.0,16080.0,44,2,8,51
66,99082.0,femme,19.3,17,322,1,marié,saint-louis,66321.0,34880.0,47,1,2,87
32,143322.0,femme,17.9,36,428,1,célibataire,kaolack,68973.0,45520.0,26,4,12,21
50,26303.0,femme,39.4,8,800,5,marié,saint-louis,35602.0,22149.0,43,4,8,14
50,86719.0,homme,25.7,34,485,4,divorcé,dakar,39692.0,15339.0,21,2,17,35
48,114616.0,femme,18.1,7,778,0,marié,dakar,58750.0,29305.0,33,5,4,62
74,139165.0,femme,17.6,19,791,3,divorcé,kaolack,,1354.0,15,2,10,92
20,101231.0,homme,37.4,41,812,3,divorcé,kaolack,78456.0,5620.0,51,1,1,78
57,22314.0,femme,27.1,21,366,0,marié,kaolack,34085.0,3754.0,20,2,16,90
54,34623.0,femme,23.7,18,766,3,célibataire,saint-louis,73964.0,16593.0,57,4,19,48
73,120228.0,homme,27.4,29,584,5,marié,dakar,32925.0,16167.0,36,3,3,54
56,112624.0,femme,23.6,27,716,4,marié,thiès,15615.0,22555.0,57,1,17,71
43,126785.0,homme,27.7,34,399,3,marié,saint-louis,47083.0,33005.0,33,3,19,59
22,101206.0,homme,36.6,42,488,5,marié,kaolack,78319.0,41295.0,27,1,7,56
24,84274.0,homme,30.2,10,687,4,marié,dakar,19605.0,40843.0,36,1,18,28
23,148541.0,homme,32.7,30,540,5,divorcé,kaolack,54608.0,8691.0,50,4,11,18
27,68947.0,femme,24.8,48,716,0,divorcé,thiès,29192.0,9756.0,30,2,10,94
49,63874.0,homme,33.7,47,475,1,célibataire,thiès,13331.0,36308.0,43,4,15,72
48,64708.0,homme,32.0,38,686,0,célibataire,dakar,61330.0,9327.0,42,4,4,9
63,89553.0,femme,18.9,35,770,3,marié,saint-louis,59949.0,28520.0,57,4,2,9
70,83344.0,homme,29.7,29,532,4,célibataire,thiès,78382.0,43308.0,27,3,11,96
38,64138.0,homme,22.2,22,751,5,célibataire,thiès,47586.0,40025.0,12,1,14,88
77,62638.0,homme,35.3,18,576,3,marié,thiès,62243.0,28900.0,33,5,15,56
39,93249.0,homme,26.2,11,528,3,divorcé,thiès,68618.0,16533.0,10,2,12,53
52,120865.0,femme,39.9,14,470,1,divorcé,kaolack,88311.0,31881.0,15,4,6,55
50,17719.0,homme,18.2,30,512,3,célibataire,kaolack,17549.0,27782.0,28,1,14,67
59,57534.0,femme,34.7,42,581,1,divorcé,saint-louis,62494.0,44488.0,31,2,2,68
55,107241.0,femme,32.2,36,340,4,divorcé,dakar,97973.0,1624.0,52,5,11,86
37,141209.0,homme,34.4,36,421,4,célibataire,dakar,33958.0,40429.0,17,5,7,54
42,107124.0,homme,23.4,14,526,5,marié,dakar,,20812.0,14,4,11,68
50,106659.0,homme,27.8,28,593,1,célibataire,thiès,47538.0,7529.0,18,5,17,71
16,90713.0,homme,35.1,49,566,0,célibataire,kaolack,15833.0,20653.0,56,5,2,80
50,90418.0,femme,21.6,42,840,4,célibataire,kaolack,33386.0,27860.0,30,2,11,0
62,46575.0,femme,29.2,43,748,0,marié,dakar,34832.0,2108.0,55,4,13,34
29,78852.0,homme,28.6,1,360,4,marié,kaolack,87857.0,3947.0,13,1,13,77
18,147079.0,femme,22.8,19,801,4,marié,saint-louis,48930.0,7899.0,33,4,3,81
16,91242.0,homme,23.2,14,446,5,célibataire,dakar,42407.0,13372.0,17,3,16,73
20,44257.0,homme,22.7,3,633,5,divorcé,thiès,14073.0,37682.0,26,5,14,78
41,76246.0,homme,34.5,21,441,2,célibataire,kaolack,27667.0,30373.0,43,1,15,32
70,16435.0,homme,31.6,49,343,3,marié,kaolack,26035.0,39435.0,29,2,4,82
78,106357.0,homme,36.0,37,443,3,divorcé,dakar,16732.0,2263.0,25,3,16,97
29,98807.0,femme,39.4,22,632,0,célibataire,thiès,65097.0,26188.0,19,3,6,24
54,130953.0,femme,27.4,25,796,3,divorcé,thiès,13487.0,36583.0,43,5,14,15
42,138797.0,homme,17.6,10,695,0,marié,kaolack,67702.0,29295.0,52,2,16,7
24,78888.0,femme,17.2,27,354,4,divorcé,dakar,95107.0,577.0,19,1,11,34
30,88609.0,homme,23.1,1,606,2,divorcé,saint-louis,39075.0,15029.0,39,2,10,84
30,24077.0,homme,38.4,7,722,2,marié,kaolack,81031.0,49574.0,39,5,18,82
41,35953.0,homme,28.6,28,716,4,divorcé,thiès,94217.0,35531.0,34,3,10,45
57,129682.0,femme,22.5,10,624,5,célibataire,saint-louis,24781.0,30066.0,55,5,1,10
75,82889.0,homme,25.6,36,379,1,divorcé,dakar,49865.0,17613.0,52,4,14,60
28,130374.0,homme,30.4,17,330,1,célibataire,thiès,18469.0,48413.0,50,3,4,43
66,39860.0,femme,31.7,49,411,3,divorcé,saint-louis,55167.0,19560.0,16,5,17,10
78,92475.0,femme,19.7,13,771,5,divorcé,kaolack,91738.0,8945.0,56,1,15,10
47,102266.0,femme,39.4,9,373,0,marié,thiès,29928.0,29418.0,29,1,3,21
54,115732.0,homme,29.1,34,778,2,marié,dakar,86521.0,17071.0,26,1,9,84
64,42083.0,homme,19.3,8,686,3,célibataire,thiès,49599.0,49874.0,12,4,1,90
67,72372.0,femme,37.4,34,732,4,marié,kaolack,26775.0,46622.0,56,2,14,81
76,138786.0,homme,17.8,10,711,5,marié,dakar,76504.0,17130.0,55,1,3,61
47,22813.0,femme,37.8,43,766,2,marié,kaolack,85918.0,20721.0,49,4,15,47
19,46598.0,femme,,11,547,0,marié,saint-louis,,2712.0,45,1,6,93
45,108106.0,homme,32.8,2,419,0,marié,thiès,36804.0,17091.0,35,4,11,62
52,42082.0,homme,,38,366,1,célibataire,kaolack,42259.0,15857.0,19,1,2,50
38,44241.0,femme,24.1,13,626,3,célibataire,saint-louis,96284.0,41394.0,43,2,16,44
54,26745.0,femme,38.6,27,769,4,marié,dakar,95227.0,45836.0,23,5,8,32
60,41029.0,femme,28.7,10,792,2,marié,dakar,53560.0,49635.0,17,1,7,84
30,138395.0,femme,33.6,38,585,0,célibataire,saint-louis,37256.0,47487.0,36,5,5,59
58,104186.0,homme,38.2,24,611,2,divorcé,saint-louis,16125.0,34301.0,19,1,14,1
44,112768.0,femme,39.4,20,608,4,célibataire,dakar,14370.0,16553.0,59,2,9,12
51,56846.0,femme,36.0,9,396,2,divorcé,kaolack,14838.0,17404.0,24,5,5,65
28,90932.0,femme,23.3,42,412,3,marié,saint-louis,67429.0,7093.0,46,4,14,56
47,38411.0,homme,39.2,14,755,1,marié,kaolack,13134.0,13156.0,31,1,13,42
22,93797.0,homme,31.1,18,762,2,célibataire,dakar,53199.0,49999.0,54,1,18,44
74,67307.0,femme,38.3,47,431,5,marié,kaolack,87092.0,13785.0,59,4,12,30
66,149165.0,homme,32.2,21,420,1,divorcé,kaolack,43822.0,48359.0,40,2,13,9
37,37042.0,homme,23.4,20,496,4,divorcé,saint-louis,30113.0,25271.0,11,3,2,22
43,67930.0,homme,24.9,43,781,1,célibataire,kaolack,73594.0,14694.0,54,1,3,85
17,112883.0,femme,29.2,31,338,2,divorcé,kaolack,12669.0,36114.0,40,4,13,28
57,48756.0,femme,35.0,49,811,2,célibataire,kaolack,59427.0,4013.0,23,3,13,96
60,68268.0,homme,23.6,22,773,5,célibataire,dakar,91617.0,32799.0,19,1,7,30
77,63901.0,femme,29.9,12,460,0,divorcé,dakar,22938.0,24752.0,39,5,9,77
72,114986.0,femme,24.3,4,588,5,divorcé,thiès,15717.0,11156.0,45,4,8,73
68,143386.0,homme,,3,499,2,divorcé,dakar,87818.0,10304.0,56,5,13,17
21,20626.0,homme,27.2,27,827,1,divorcé,dakar,57659.0,40645.0,49,2,7,10
43,27857.0,femme,17.8,13,802,5,divorcé,thiès,74575.0,38938.0,24,3,10,46
43,148052.0,homme,20.0,7,547,5,divorcé,thiès,89737.0,12078.0,23,4,9,2
59,41431.0,femme,17.5,8,682,0,divorcé,saint-louis,26289.0,26078.0,40,1,17,1
59,99976.0,femme,28.0,34,517,2,marié,saint-louis,34406.0,2315.0,38,1,3,53
35,97711.0,homme,18.6,36,386,2,célibataire,dakar,22873.0,27220.0,36,3,3,71
45,41385.0,femme,18.7,20,381,4,célibataire,kaolack,92048.0,31731.0,30,5,11,30
77,33639.0,femme,38.6,17,361,0,divorcé,saint-louis,33461.0,32833.0,18,5,17,7
26,100530.0,homme,36.9,32,799,4,célibataire,saint-louis,30710.0,12420.0,29,4,7,42
79,36563.0,homme,26.9,7,341,4,divorcé,dakar,95488.0,18312.0,44,4,2,47
73,130672.0,homme,39.7,48,311,4,marié,kaolack,23448.0,21395.0,24,5,17,1
70,97970.0,femme,16.0,16,414,3,célibataire,thiès,25198.0,40301.0,33,4,6,21
43,100553.0,homme,,42,517,4,célibataire,thiès,83158.0,46972.0,58,5,0,4
40,97879.0,homme,30.8,30,405,5,marié,dakar,77938.0,15317.0,25,3,12,6
54,59859.0,homme,27.0,33,827,1,marié,dakar,60799.0,48225.0,45,4,2,19
77,67098.0,homme,25.5,5,771,5,marié,kaolack,44961.0,16968.0,20,5,2,91
48,137413.0,femme,26.9,21,686,5,célibataire,dakar,53007.0,22854.0,17,4,14,76
16,15526.0,femme,26.0,13,525,2,célibataire,dakar,75470.0,5244.0,12,1,18,1
72,83760.0,homme,33.5,2,780,3,marié,dakar,62256.0,30929.0,28,1,3,31
42,62837.0,femme,19.2,11,707,4,marié,kaolack,30739.0,40922.0,55,2,12,89
77,26536.0,homme,20.7,35,756,2,marié,dakar,94054.0,24054.0,50,5,12,2
72,43541.0,homme,20.3,11,320,0,marié,saint-louis,68186.0,18588.0,12,2,14,40
67,94083.0,femme,22.3,44,502,0,marié,kaolack,36547.0,44590.0,45,5,18,41
28,49531.0,femme,28.6,1,716,2,divorcé,saint-louis,95823.0,34660.0,34,4,15,76
56,23712.0,homme,18.7,1,715,1,marié,kaolack,61431.0,7018.0,45,5,6,84
18,119101.0,homme,36.8,14,747,2,divorcé,saint-louis,35476.0,10621.0,20,1,2,44
54,80455.0,femme,23.1,22,811,2,célibataire,kaolack,88411.0,973.0,25,4,19,86
21,89744.0,homme,19.9,28,384,3,célibataire,thiès,20686.0,43602.0,26,1,1,70
23,144749.0,femme,32.2,16,466,0,divorcé,dakar,27536.0,39383.0,51,4,17,16
42,20109.0,homme,16.9,31,683,0,marié,dakar,44062.0,37097.0,33,5,10,91
24,64268.0,homme,30.9,6,767,4,célibataire,kaolack,58216.0,34245.0,26,5,0,46
77,69615.0,femme,32.8,29,371,5,marié,saint-louis,35041.0,25346.0,57,1,15,93
52,97503.0,femme,21.2,27,820,2,marié,thiès,41653.0,40097.0,29,3,16,68
48,100708.0,femme,17.0,13,772,2,divorcé,saint-louis,31673.0,6444.0,31,5,15,23
66,117471.0,femme,24.7,43,557,1,célibataire,dakar,20367.0,24881.0,15,3,9,70
57,98309.0,femme,18.4,29,574,0,célibataire,dakar,29629.0,49153.0,16,4,16,33
59,141446.0,femme,18.8,16,319,1,divorcé,saint-louis,98636.0,24846.0,23,3,2,49
39,121661.0,femme,22.1,31,789,3,marié,kaolack,82190.0,11406.0,20,1,17,41
30,21154.0,homme,23.1,45,789,4,marié,kaolack,35063.0,39611.0,21,2,18,32
74,79288.0,homme,28.7,5,625,1,célibataire,saint-louis,29322.0,25439.0,55,2,13,26
69,66195.0,homme,32.3,23,828,0,divorcé,dakar,94546.0,5972.0,14,1,1,77
47,35581.0,femme,30.2,5,388,3,divorcé,saint-louis,22693.0,48063.0,14,2,11,58
47,45087.0,femme,19.6,26,785,2,marié,dakar,19241.0,37873.0,29,1,10,18
39,84298.0,femme,20.1,17,649,3,marié,saint-louis,,10931.0,24,5,16,75
56,61167.0,homme,37.1,23,383,5,divorcé,kaolack,22651.0,7702.0,35,3,5,2
67,54499.0,femme,29.4,36,686,1,célibataire,thiès,35966.0,19298.0,42,2,18,70
64,140816.0,femme,36.9,23,386,0,marié,dakar,19275.0,21540.0,39,5,12,98
77,111347.0,homme,24.9,37,606,1,divorcé,thiès,55606.0,32040.0,33,2,6,24
64,63787.0,femme,30.7,33,453,2,divorcé,kaolack,11658.0,46904.0,32,4,10,14
73,50488.0,homme,28.6,39,739,2,divorcé,saint-louis,82468.0,31000.0,18,1,6,82
67,89441.0,homme,23.7,46,563,0,célibataire,kaolack,24248.0,29805.0,12,1,12,59
27,37431.0,femme,27.3,14,720,5,marié,thiès,34437.0,2599.0,45,5,12,82
77,76681.0,femme,28.1,10,792,4,marié,kaolack,49727.0,22100.0,57,4,0,22
54,137720.0,femme,20.8,21,710,3,marié,kaolack,28201.0,30509.0,16,3,18,10
17,64153.0,homme,23.6,23,472,3,célibataire,saint-louis,51150.0,35003.0,31,4,18,58
18,21368.0,homme,35.0,0,303,2,marié,thiès,99891.0,19183.0,23,4,14,84
64,127360.0,homme,38.0,17,771,1,marié,thiès,24999.0,38241.0,57,3,13,33
52,127755.0,femme,24.6,43,409,1,marié,thiès,16376.0,18.0,38,3,2,6
64,71985.0,femme,23.4,11,336,5,marié,dakar,61673.0,858.0,59,4,19,43
71,65069.0,femme,20.7,42,330,4,célibataire,kaolack,13476.0,25992.0,25,2,3,90
32,67326.0,femme,32.3,27,680,1,divorcé,thiès,79902.0,32580.0,57,2,6,63
74,123737.0,homme,23.8,39,567,3,divorcé,kaolack,87994.0,5380.0,43,4,0,22
64,65861.0,homme,39.7,6,310,1,marié,saint-louis,72878.0,35800.0,19,2,18,57
17,90897.0,homme,23.8,22,643,4,marié,saint-louis,30615.0,18915.0,16,3,2,19
43,83577.0,femme,30.5,33,465,1,célibataire,dakar,49316.0,37487.0,36,2,14,59
69,24078.0,femme,35.2,10,641,3,marié,saint-louis,78560.0,12943.0,24,3,12,7
38,77768.0,femme,27.3,21,781,2,célibataire,thiès,39559.0,37631.0,41,1,13,66
52,66047.0,homme,26.1,41,318,2,marié,saint-louis,,36806.0,37,3,6,1
47,86626.0,homme,39.9,34,483,5,marié,kaolack,76800.0,18836.0,18,4,0,21
48,72660.0,femme,16.3,28,844,2,divorcé,dakar,19047.0,35614.0,16,5,12,69
16,147997.0,femme,37.5,41,309,1,marié,dakar,54985.0,40832.0,25,2,3,35
34,132832.0,homme,19.6,27,491,4,célibataire,saint-louis,82123.0,11394.0,35,2,11,23
77,145406.0,femme,34.9,17,619,3,divorcé,thiès,16577.0,6622.0,44,3,6,11
17,140150.0,homme,30.8,13,774,0,célibataire,thiès,,45063.0,26,3,1,80
68,48320.0,homme,24.2,17,726,2,divorcé,kaolack,13870.0,25280.0,32,5,16,21
59,79881.0,homme,37.0,27,358,2,célibataire,dakar,44094.0,11782.0,17,5,0,82
41,105827.0,femme,16.3,23,735,0,divorcé,saint-louis,65329.0,1159.0,11,4,13,72
47,117215.0,femme,21.4,7,396,0,célibataire,saint-louis,19217.0,4626.0,40,1,0,75
21,149461.0,homme,29.6,41,795,1,célibataire,dakar,93138.0,23440.0,41,4,2,95
47,76550.0,femme,24.4,44,577,3,marié,saint-louis,76141.0,36490.0,38,2,10,94
70,39826.0,homme,30.6,7,564,2,divorcé,dakar,32343.0,11630.0,12,3,6,80
19,115734.0,homme,16.6,3,308,4,divorcé,thiès,60822.0,44042.0,17,4,8,22
70,113511.0,homme,18.8,26,756,1,marié,thiès,23003.0,47656.0,11,3,2,73
26,26653.0,homme,19.1,35,572,1,célibataire,saint-louis,69538.0,6589.0,40,3,0,62
71,96941.0,femme,20.5,4,307,4,célibataire,thiès,42089.0,48241.0,58,4,18,29
74,48662.0,homme,27.0,32,507,4,divorcé,thiès,63595.0,23233.0,46,4,1,18
32,113818.0,homme,34.1,48,422,5,célibataire,kaolack,93197.0,35011.0,29,5,4,25
78,110081.0,femme,37.7,33,332,4,divorcé,dakar,92318.0,8177.0,38,1,16,89
53,51877.0,homme,36.0,29,812,0,divorcé,dakar,40029.0,34528.0,26,5,18,10
39,126562.0,homme,20.7,7,503,2,célibataire,saint-louis,89023.0,48970.0,19,1,4,19
20,87715.0,femme,26.6,38,817,5,célibataire,dakar,61324.0,38210.0,50,4,13,55
67,125091.0,femme,20.8,46,816,0,célibataire,kaolack,61962.0,26372.0,31,1,9,44
49,147632.0,femme,22.3,25,742,5,marié,saint-louis,49042.0,23508.0,15,2,6,67
21,94148.0,homme,28.1,36,638,2,divorcé,saint-louis,97601.0,14965.0,52,5,7,46
37,98186.0,femme,17.6,33,737,5,célibataire,dakar,86380.0,3236.0,43,5,7,75
26,138629.0,femme,21.2,6,744,0,marié,thiès,94859.0,15611.0,40,5,6,88
78,85316.0,homme,38.4,39,435,3,célibataire,thiès,55957.0,22282.0,21,3,12,57
63,43380.0,homme,,27,686,2,divorcé,thiès,92864.0,41003.0,21,3,13,9
31,125198.0,homme,26.7,38,324,1,marié,thiès,53739.0,15829.0,25,4,18,21
48,17356.0,homme,16.3,38,805,2,divorcé,kaolack,48733.0,8680.0,34,4,10,70
24,85326.0,homme,21.9,27,624,2,célibataire,saint-louis,55389.0,11340.0,31,3,1,23
75,107447.0,femme,36.8,13,637,2,célibataire,thiès,39715.0,31093.0,36,5,16,65
74,129994.0,femme,20.0,49,394,3,célibataire,kaolack,49116.0,21107.0,33,3,5,95
21,35049.0,femme,26.0,37,844,0,marié,saint-louis,66922.0,9148.0,21,1,8,84
31,120361.0,homme,16.3,3,445,1,marié,dakar,66251.0,43074.0,27,5,18,60
44,31082.0,homme,27.5,41,530,0,marié,dakar,71794.0,17499.0,54,3,4,6
18,15661.0,homme,16.5,17,794,5,marié,kaolack,27580.0,18165.0,56,4,8,71
35,17920.0,femme,35.7,43,337,5,célibataire,saint-louis,10823.0,43786.0,25,3,6,37
75,94561.0,femme,35.8,47,724,5,célibataire,thiès,17084.0,25226.0,13,2,3,20
74,23946.0,homme,34.9,24,736,0,célibataire,saint-louis,87991.0,18260.0,21,3,17,7
51,31309.0,femme,22.8,6,667,4,marié,thiès,20607.0,24916.0,58,5,17,88
34,70230.0,homme,36.1,37,644,3,marié,kaolack,92455.0,43910.0,42,3,19,27
41,126822.0,femme,29.0,27,459,4,célibataire,thiès,94930.0,30480.0,31,4,16,91
18,127340.0,femme,25.0,4,849,5,célibataire,kaolack,86355.0,32191.0,27,1,3,53
78,74321.0,femme,31.0,2,840,3,marié,saint-louis,21969.0,9546.0,57,2,15,30
35,89131.0,femme,19.4,30,644,5,célibataire,thiès,27333.0,49600.0,36,4,8,88
47,40963.0,femme,33.8,46,568,0,célibataire,saint-louis,87236.0,21921.0,51,2,1,40
22,116757.0,homme,21.9,41,567,3,célibataire,thiès,46668.0,48776.0,28,3,1,36
67,114259.0,femme,30.4,19,468,0,marié,saint-louis,21945.0,36940.0,57,2,3,37
56,54063.0,homme,25.2,18,332,0,célibataire,dakar,56526.0,45951.0,23,1,19,50
48,129225.0,homme,36.5,47,676,1,célibataire,thiès,57717.0,12836.0,34,2,19,75
55,131400.0,homme,38.9,10,513,4,célibataire,kaolack,69426.0,8989.0,43,2,16,36
79,95818.0,homme,37.2,39,739,4,célibataire,dakar,94166.0,13740.0,33,3,19,30
54,19703.0,homme,22.5,2,791,4,célibataire,kaolack,98896.0,30180.0,47,3,18,61
33,87099.0,femme,20.7,22,692,2,divorcé,saint-louis,88349.0,13102.0,32,5,2,17
55,46585.0,homme,27.4,6,788,1,divorcé,dakar,14601.0,15357.0,14,3,4,89
16,58585.0,homme,16.2,22,328,5,célibataire,saint-louis,22930.0,48381.0,53,2,9,5
26,41958.0,homme,16.6,6,338,5,célibataire,thiès,14333.0,30255.0,45,1,5,8
43,41017.0,homme,29.3,45,472,5,célibataire,kaolack,80935.0,36094.0,33,3,2,10
72,139677.0,femme,28.5,33,316,4,célibataire,saint-louis,27839.0,25221.0,45,5,16,94
40,44426.0,homme,39.9,41,355,4,marié,kaolack,61337.0,719.0,14,5,9,1
65,32778.0,femme,20.8,18,525,1,marié,kaolack,50204.0,17906.0,48,2,11,28
38,57229.0,homme,22.2,8,366,0,marié,saint-louis,30195.0,23140.0,15,3,0,50
46,101652.0,femme,18.7,47,496,4,divorcé,thiès,37848.0,1069.0,54,3,17,68
45,143267.0,homme,38.0,17,322,5,célibataire,kaolack,99229.0,7749.0,45,5,18,22
50,99878.0,femme,35.7,47,437,4,célibataire,thiès,60998.0,37655.0,13,2,3,6
22,72056.0,homme,37.7,44,772,3,célibataire,saint-louis,77390.0,44035.0,19,1,14,55
75,34975.0,femme,28.6,41,528,2,divorcé,thiès,41558.0,30720.0,10,2,8,76
31,103397.0,homme,26.8,24,616,4,divorcé,kaolack,12985.0,27937.0,30,3,5,61
41,48142.0,femme,23.9,13,500,3,marié,dakar,71794.0,18540.0,49,2,11,73
63,41916.0,homme,30.1,43,557,1,marié,saint-louis,53585.0,7944.0,48,4,17,99
72,79324.0,homme,26.9,24,779,3,divorcé,kaolack,94814.0,48702.0,46,4,14,79
75,111059.0,homme,38.5,38,422,4,célibataire,saint-louis,43326.0,10505.0,56,3,8,52
64,113317.0,homme,39.6,14,641,1,célibataire,thiès,94816.0,46217.0,40,1,12,42
17,50046.0,homme,35.1,15,470,3,marié,saint-louis,69261.0,11697.0,36,2,15,82
16,116459.0,homme,34.2,26,358,2,marié,thiès,44022.0,36907.0,26,1,12,84
63,60893.0,homme,32.3,39,764,0,divorcé,kaolack,25667.0,15221.0,32,3,0,34
77,116520.0,homme,20.0,9,559,0,marié,saint-louis,28065.0,7087.0,22,3,17,78
27,140818.0,femme,17.4,3,672,2,célibataire,kaolack,97191.0,21462.0,56,5,2,13
20,76272.0,femme,32.6,18,394,5,divorcé,dakar,20006.0,22789.0,36,1,16,92
52,82649.0,femme,33.5,27,424,0,célibataire,kaolack,81819.0,33400.0,29,3,4,68
47,79674.0,homme,17.1,20,340,4,divorcé,saint-louis,55076.0,2199.0,55,4,5,48
74,101475.0,femme,38.3,46,553,5,divorcé,dakar,78861.0,47316.0,22,5,16,17
70,76367.0,homme,18.2,13,306,4,célibataire,thiès,60393.0,44023.0,53,2,16,50
24,136750.0,homme,22.9,32,770,3,marié,dakar,13143.0,21737.0,33,5,0,0
56,133154.0,homme,32.1,47,810,3,marié,saint-louis,67505.0,49774.0,50,2,6,26
50,59738.0,homme,20.1,9,368,5,marié,saint-louis,22417.0,6073.0,12,4,15,63
34,48397.0,femme,17.3,18,380,5,marié,kaolack,41300.0,16744.0,52,2,4,59
63,97189.0,homme,23.9,29,841,5,célibataire,thiès,38896.0,10559.0,19,1,15,90
31,91367.0,femme,34.4,21,561,5,divorcé,saint-louis,60629.0,32695.0,10,2,3,88
18,135585.0,homme,25.9,2,388,1,célibataire,saint-louis,37606.0,48865.0,58,2,10,40
39,126453.0,femme,29.9,40,512,5,marié,thiès,71330.0,11659.0,23,4,12,13
69,34816.0,femme,16.5,17,565,3,célibataire,kaolack,17551.0,41890.0,42,2,7,19
71,94530.0,femme,39.7,10,592,4,divorcé,dakar,66422.0,13894.0,11,1,19,91
48,123856.0,femme,17.0,47,506,3,célibataire,thiès,77782.0,29160.0,11,5,14,84
39,86635.0,femme,39.2,1,632,0,célibataire,saint-louis,75391.0,29272.0,48,4,17,86
67,122803.0,homme,29.2,11,376,1,célibataire,thiès,73411.0,24512.0,50,4,6,10
26,50946.0,femme,39.1,5,587,1,divorcé,saint-louis,83185.0,33645.0,40,3,18,65
64,70204.0,homme,18.8,42,346,4,célibataire,kaolack,10888.0,46543.0,13,1,8,83
23,30563.0,femme,27.8,39,499,5,célibataire,dakar,67135.0,21179.0,43,5,10,23
51,107324.0,homme,20.1,43,726,3,marié,kaolack,39424.0,10691.0,28,5,9,88
53,24847.0,femme,17.2,28,509,0,célibataire,thiès,51559.0,16110.0,46,1,13,36
55,41155.0,femme,30.8,29,719,3,marié,saint-louis,21075.0,35291.0,18,4,15,85
35,94671.0,homme,21.0,1,453,5,marié,thiès,32699.0,45311.0,33,2,7,23
77,131891.0,femme,30.1,8,821,5,marié,thiès,57972.0,29845.0,22,1,0,14
50,98310.0,femme,18.7,46,714,2,divorcé,thiès,19950.0,39038.0,53,5,11,11
63,146691.0,femme,24.0,1,652,3,marié,thiès,15413.0,24967.0,39,1,2,94
77,49707.0,homme,34.8,28,456,4,célibataire,dakar,49305.0,28478.0,28,4,1,63
40,96537.0,femme,26.5,32,560,3,célibataire,saint-louis,13569.0,5088.0,50,3,15,30
50,106155.0,homme,31.1,9,376,1,marié,thiès,76778.0,40332.0,19,3,3,52
40,15281.0,femme,31.5,33,787,0,marié,saint-louis,40085.0,7066.0,51,2,1,93
33,91260.0,homme,23.8,7,754,2,marié,saint-louis,93845.0,2321.0,23,4,16,71
79,79178.0,femme,32.5,36,462,0,divorcé,saint-louis,46163.0,45900.0,49,2,19,43
61,48997.0,femme,39.1,32,314,0,marié,dakar,59592.0,24533.0,57,3,9,29
33,134273.0,homme,33.5,46,531,1,divorcé,thiès,97151.0,24509.0,58,4,19,34
17,147311.0,femme,27.8,5,494,1,divorcé,saint-louis,67333.0,41098.0,29,4,7,20
69,141945.0,homme,31.1,43,841,1,divorcé,kaolack,18039.0,8294.0,13,4,17,62
50,60272.0,homme,33.8,39,658,4,marié,saint-louis,18198.0,46321.0,47,1,17,91
31,104393.0,homme,30.7,44,630,3,divorcé,thiès,44354.0,38101.0,53,2,17,16
76,76212.0,femme,16.4,18,726,0,divorcé,kaolack,13824.0,25059.0,59,5,1,11
56,135030.0,homme,20.7,31,796,3,marié,thiès,60420.0,31248.0,48,3,11,17
51,71503.0,homme,35.5,26,785,3,divorcé,saint-louis,99535.0,40626.0,14,2,9,91
48,21570.0,femme,22.5,0,748,1,marié,dakar,13436.0,20703.0,51,3,7,59
19,83785.0,homme,33.6,42,712,3,célibataire,thiès,50857.0,38157.0,41,2,18,66
48,24110.0,femme,24.9,32,629,0,divorcé,thiès,26057.0,3205.0,15,5,9,14
29,94141.0,femme,28.5,39,446,0,marié,dakar,11310.0,34929.0,23,3,10,15
36,27115.0,femme,17.6,31,558,5,célibataire,saint-louis,85355.0,17848.0,15,5,13,21
63,54062.0,femme,20.3,4,591,2,divorcé,thiès,88993.0,33411.0,23,3,14,94
35,37911.0,homme,39.0,16,442,4,divorcé,saint-louis,76013.0,14986.0,21,1,9,62
71,119061.0,homme,37.4,7,664,3,marié,saint-louis,70022.0,11628.0,36,1,3,30
79,47556.0,homme,31.7,41,389,4,célibataire,saint-louis,18906.0,38119.0,35,3,6,0
23,143335.0,homme,27.0,33,463,4,marié,dakar,19868.0,4553.0,21,3,10,74
22,16969.0,homme,32.2,8,780,4,divorcé,saint-louis,28546.0,6518.0,17,5,2,5
18,58753.0,femme,30.8,22,383,5,divorcé,saint-louis,82855.0,38491.0,19,4,4,86
32,136863.0,homme,29.6,34,376,4,divorcé,kaolack,,7946.0,25,3,1,8
79,25225.0,homme,17.4,49,816,5,divorcé,kaolack,77381.0,610.0,35,2,11,51
48,138008.0,homme,31.2,6,784,0,célibataire,kaolack,33684.0,4302.0,17,2,4,79
63,120823.0,femme,34.5,14,403,3,célibataire,thiès,39858.0,34311.0,50,2,6,61
27,28669.0,femme,39.9,19,751,5,marié,thiès,55330.0,34234.0,54,1,3,57
74,139398.0,homme,16.3,49,786,2,marié,kaolack,69204.0,41876.0,38,5,10,18
66,125677.0,femme,33.5,24,638,4,marié,dakar,35293.0,14656.0,29,1,8,12
37,63320.0,homme,29.7,2,777,2,divorcé,dakar,66869.0,39004.0,26,2,3,31
37,103009.0,femme,19.1,23,308,0,célibataire,thiès,15704.0,18656.0,26,2,11,8
61,43625.0,femme,25.8,33,352,1,marié,thiès,11776.0,41811.0,48,3,15,48
45,39089.0,homme,24.5,45,376,4,marié,dakar,67255.0,4536.0,10,5,0,36
53,51487.0,homme,23.3,21,802,1,célibataire,saint-louis,58281.0,49871.0,38,4,7,30
53,125448.0,femme,33.5,10,615,2,célibataire,dakar,41236.0,42974.0,23,3,0,30
60,65138.0,homme,32.8,47,464,3,divorcé,saint-louis,76780.0,19856.0,26,1,19,58
66,69061.0,femme,30.1,7,578,1,célibataire,thiès,11333.0,36410.0,22,2,18,54
69,116376.0,homme,38.5,38,326,0,célibataire,thiès,79205.0,44830.0,38,2,3,18
23,94134.0,femme,24.4,42,369,4,marié,kaolack,93120.0,16447.0,43,2,13,62
42,62055.0,homme,21.9,34,517,2,célibataire,thiès,60946.0,45823.0,36,3,13,1
42,34508.0,homme,31.7,48,664,5,divorcé,saint-louis,65333.0,33327.0,55,5,8,44
49,125169.0,femme,20.8,45,605,0,marié,dakar,37277.0,34501.0,42,3,8,95
36,23125.0,homme,23.6,37,423,5,divorcé,kaolack,60606.0,8861.0,38,1,16,42
45,51059.0,homme,21.4,7,318,3,célibataire,saint-louis,11933.0,20278.0,46,2,14,97
48,118409.0,femme,17.7,36,556,4,divorcé,dakar,43514.0,1542.0,48,3,9,0
43,20704.0,homme,,26,595,3,divorcé,dakar,99893.0,42231.0,28,2,16,84
62,126279.0,homme,22.1,27,321,3,célibataire,dakar,72958.0,2415.0,55,1,8,60
79,133516.0,homme,27.4,39,749,4,célibataire,thiès,16827.0,43751.0,33,4,3,2
48,129044.0,femme,17.0,33,849,4,marié,dakar,40844.0,12905.0,23,4,13,90
20,44165.0,femme,32.8,31,347,5,marié,thiès,10792.0,21601.0,56,4,2,43
75,82203.0,femme,23.9,14,482,3,marié,dakar,49695.0,38155.0,46,2,11,6
76,19114.0,homme,33.9,43,734,2,célibataire,dakar,93187.0,21563.0,14,3,0,32
63,51321.0,homme,25.9,16,406,5,divorcé,thiès,52510.0,40955.0,33,2,0,8
34,88297.0,homme,20.7,32,487,4,divorcé,thiès,49137.0,6643.0,43,5,12,29
19,111652.0,homme,28.3,46,385,0,marié,saint-louis,94610.0,48435.0,59,3,13,17
50,114304.0,femme,19.1,45,755,5,marié,dakar,83410.0,24044.0,40,1,15,55
79,32772.0,homme,26.6,15,436,1,célibataire,thiès,92212.0,11246.0,39,4,6,89
64,118754.0,homme,23.6,28,635,2,divorcé,saint-louis,49632.0,2458.0,18,3,9,83
79,18712.0,homme,37.9,8,768,5,marié,saint-louis,46790.0,6028.0,36,3,14,30
32,147439.0,femme,,32,702,4,célibataire,thiès,93568.0,38215.0,37,4,7,71
59,130142.0,homme,32.7,48,839,4,marié,dakar,40885.0,34716.0,51,1,10,62
43,106736.0,homme,20.4,28,371,2,célibataire,saint-louis,75214.0,6306.0,35,2,13,86
45,66924.0,homme,23.7,12,323,1,divorcé,dakar,86544.0,41019.0,27,2,12,49
44,18726.0,homme,26.0,20,784,5,célibataire,dakar,54870.0,40860.0,45,3,12,88
61,104152.0,homme,37.8,20,355,5,marié,saint-louis,58110.0,27678.0,17,4,8,0
68,42723.0,femme,21.8,4,522,3,marié,thiès,15171.0,24908.0,27,5,16,81
21,141969.0,homme,18.2,9,478,0,divorcé,dakar,19589.0,12363.0,29,1,17,18
50,115494.0,homme,23.6,5,733,4,divorcé,kaolack,28077.0,14066.0,41,2,18,63
75,50643.0,homme,18.5,12,749,5,marié,thiès,74874.0,48897.0,38,1,12,52
56,118896.0,homme,19.1,0,791,5,marié,saint-louis,82246.0,48544.0,58,1,11,5
52,108680.0,homme,29.8,19,488,5,marié,kaolack,95772.0,32711.0,57,1,19,16
39,111546.0,homme,17.5,46,719,1,divorcé,dakar,48227.0,189.0,27,4,19,45
44,94973.0,homme,16.7,45,548,0,marié,thiès,24937.0,11752.0,16,4,7,71
64,78449.0,homme,33.1,7,463,5,divorcé,kaolack,19754.0,7482.0,10,4,10,72
61,124834.0,homme,24.7,9,554,2,marié,thiès,35688.0,16679.0,37,3,6,54
68,40537.0,homme,19.0,8,775,4,célibataire,dakar,17048.0,24552.0,42,4,0,90
46,92576.0,femme,22.1,48,716,3,célibataire,thiès,32568.0,799.0,59,3,9,99
50,122522.0,femme,31.4,40,469,2,marié,kaolack,85019.0,25381.0,13,2,14,5
75,37612.0,femme,22.6,2,616,4,célibataire,thiès,27545.0,9934.0,29,2,3,69
48,21471.0,femme,27.9,10,473,1,divorcé,saint-louis,92949.0,19084.0,45,2,0,67
67,46348.0,homme,18.9,11,769,0,célibataire,saint-louis,55217.0,41556.0,40,2,10,85
78,16177.0,femme,30.1,9,644,0,célibataire,kaolack,58122.0,9909.0,47,2,4,39
76,47779.0,femme,23.6,24,744,4,divorcé,thiès,43746.0,25931.0,37,4,18,90
36,36636.0,homme,31.0,48,317,2,célibataire,kaolack,18709.0,45183.0,12,5,18,65
47,96889.0,femme,35.4,48,369,3,célibataire,thiès,35358.0,25868.0,15,4,3,8
38,68551.0,femme,30.7,24,637,1,marié,dakar,21023.0,43558.0,54,5,1,10
48,61819.0,homme,23.1,10,826,4,divorcé,saint-louis,38756.0,13846.0,32,4,6,19
79,88770.0,homme,22.1,35,755,1,divorcé,dakar,73175.0,22257.0,16,2,12,42
18,93714.0,homme,23.9,38,568,0,marié,thiès,64281.0,28013.0,45,1,19,57
79,39596.0,femme,20.0,25,487,5,marié,dakar,59289.0,37482.0,10,5,11,77
33,79106.0,femme,20.3,13,828,5,célibataire,kaolack,68097.0,22875.0,15,1,1,25
40,74182.0,homme,35.0,38,733,3,célibataire,kaolack,86681.0,24717.0,33,2,8,37
57,102163.0,homme,25.2,39,587,1,célibataire,thiès,96728.0,11408.0,46,5,15,93
46,54310.0,femme,26.5,0,798,4,marié,saint-louis,57259.0,35607.0,54,1,7,35
69,71088.0,homme,30.3,3,740,3,divorcé,kaolack,28839.0,36281.0,45,4,17,98
73,143803.0,femme,30.2,29,602,2,célibataire,saint-louis,37410.0,27326.0,33,2,3,54
18,51914.0,homme,17.6,11,386,5,marié,thiès,21447.0,13601.0,47,4,10,5
55,125350.0,homme,36.0,34,737,4,divorcé,saint-louis,96569.0,1135.0,54,4,16,2
61,60379.0,femme,20.3,12,840,1,marié,thiès,85665.0,22741.0,38,2,7,64
39,61413.0,homme,33.4,30,321,3,célibataire,dakar,23907.0,11913.0,46,5,18,63
65,22151.0,homme,34.5,37,816,4,marié,thiès,31637.0,10101.0,54,3,7,57
47,72716.0,homme,,42,802,3,marié,dakar,48196.0,18631.0,41,3,5,57
62,108747.0,femme,29.9,22,766,3,marié,thiès,32369.0,6548.0,34,2,1,17
37,136999.0,homme,16.4,3,400,3,marié,kaolack,12589.0,37284.0,19,3,14,22
38,129793.0,homme,24.6,15,440,1,divorcé,kaolack,33560.0,36870.0,44,1,0,95
17,123177.0,homme,30.5,6,437,4,célibataire,saint-louis,13034.0,48985.0,34,5,5,28
78,27289.0,homme,25.3,21,527,0,divorcé,thiès,10169.0,27215.0,36,4,18,22
42,101365.0,homme,36.7,28,580,0,marié,thiès,13239.0,37279.0,54,4,3,35
57,129014.0,homme,23.4,10,730,1,marié,thiès,13415.0,19215.0,41,2,12,69
17,87588.0,femme,23.0,32,339,1,célibataire,saint-louis,95488.0,25582.0,21,4,14,80
41,78646.0,femme,22.4,28,818,5,célibataire,kaolack,86944.0,14024.0,13,1,8,81
32,18654.0,homme,24.0,38,510,3,divorcé,thiès,13484.0,11413.0,51,1,2,94
55,33743.0,femme,29.4,11,601,4,divorcé,saint-louis,63987.0,16319.0,35,2,1,5
48,63368.0,femme,33.0,6,385,4,célibataire,thiès,28225.0,19446.0,12,4,15,33
24,134735.0,homme,31.9,38,696,2,divorcé,dakar,90459.0,45483.0,26,3,17,43
58,134891.0,femme,35.4,41,552,2,marié,thiès,71104.0,40743.0,18,3,17,43
69,122971.0,femme,37.3,47,832,0,marié,dakar,30936.0,32036.0,38,5,5,26
63,27149.0,femme,35.6,25,680,2,célibataire,saint-louis,49612.0,12621.0,10,2,17,99
54,115102.0,femme,16.5,39,743,2,divorcé,saint-louis,94946.0,10511.0,27,5,10,51
44,74189.0,femme,,8,332,0,marié,kaolack,49952.0,19923.0,50,3,6,41
57,86031.0,femme,21.0,40,559,5,célibataire,thiès,68945.0,10558.0,29,3,13,24
70,57668.0,femme,19.2,33,533,0,divorcé,saint-louis,97399.0,32235.0,50,3,17,73
41,103204.0,femme,31.3,44,814,2,marié,kaolack,15380.0,526.0,43,5,6,38
50,52384.0,homme,23.7,12,607,4,divorcé,thiès,60298.0,1753.0,37,2,9,38
65,96929.0,homme,17.4,35,369,2,divorcé,saint-louis,96246.0,26248.0,57,1,7,11
40,142959.0,femme,19.3,24,753,3,divorcé,dakar,90821.0,14656.0,44,1,13,10
39,91153.0,femme,,23,738,3,célibataire,saint-louis,37260.0,23266.0,25,3,17,2
28,90388.0,homme,37.7,43,663,3,marié,dakar,42879.0,10220.0,30,2,4,21
75,46401.0,femme,16.6,16,780,5,célibataire,kaolack,26143.0,18038.0,22,2,13,3
73,134503.0,femme,21.0,1,443,1,marié,kaolack,59744.0,12741.0,44,4,9,7
22,142834.0,homme,26.0,12,323,3,marié,thiès,82949.0,4841.0,51,4,14,13
72,49084.0,homme,24.6,30,724,4,célibataire,thiès,41578.0,36809.0,41,5,5,83
51,125641.0,homme,37.9,28,474,5,célibataire,thiès,90262.0,30575.0,59,4,8,87
60,120111.0,femme,17.0,49,624,1,marié,kaolack,,41733.0,47,5,9,13
35,51041.0,femme,28.3,27,647,1,marié,dakar,73815.0,14418.0,15,1,16,91
16,103920.0,homme,32.3,26,317,3,marié,thiès,81519.0,37185.0,59,3,0,15
23,80681.0,homme,38.4,14,343,2,divorcé,thiès,29178.0,41745.0,47,2,13,31
79,96571.0,femme,30.9,30,454,0,marié,kaolack,85857.0,27881.0,47,1,3,63
61,142556.0,homme,35.3,39,676,2,célibataire,dakar,70197.0,14587.0,22,1,1,75
31,41160.0,femme,18.0,14,701,2,célibataire,saint-louis,46366.0,22268.0,55,5,2,15
29,32633.0,femme,25.3,32,524,1,célibataire,thiès,62955.0,448.0,48,3,6,51
27,32014.0,homme,25.0,19,516,1,marié,saint-louis,51911.0,37353.0,22,5,13,18
66,95532.0,homme,37.3,41,330,5,marié,saint-louis,93422.0,45519.0,56,1,11,68
38,64104.0,femme,19.6,11,358,5,divorcé,thiès,63619.0,8108.0,21,2,18,11
30,92231.0,homme,19.6,36,652,1,divorcé,kaolack,54296.0,48302.0,42,4,17,92
43,83388.0,homme,23.9,8,744,4,célibataire,thiès,32791.0,11443.0,37,5,14,4
49,31014.0,homme,17.3,22,534,4,divorcé,dakar,18301.0,22435.0,12,1,0,41
17,107578.0,homme,20.4,7,406,0,divorcé,dakar,45779.0,33062.0,27,4,2,16
47,55390.0,femme,39.2,31,490,1,célibataire,thiès,46894.0,1238.0,35,4,14,71
38,38711.0,femme,26.3,47,829,3,marié,saint-louis,,15321.0,49,1,3,93
78,106658.0,femme,31.2,13,544,5,divorcé,dakar,59250.0,16074.0,11,3,14,9
37,72993.0,femme,33.4,26,375,1,marié,dakar,80994.0,13049.0,13,1,9,83
66,22421.0,homme,24.8,24,846,4,célibataire,thiès,51770.0,35584.0,59,2,5,15
40,32727.0,homme,19.5,12,566,1,célibataire,thiès,32300.0,1098.0,37,4,12,15
78,19358.0,femme,23.5,44,420,1,célibataire,thiès,39485.0,34505.0,34,5,0,2
77,80108.0,homme,,30,324,3,célibataire,thiès,50285.0,35533.0,35,4,10,22
76,109018.0,femme,,36,731,0,célibataire,dakar,76555.0,46998.0,54,3,13,85
37,139457.0,femme,16.2,47,459,3,divorcé,dakar,42471.0,11434.0,56,1,5,27
73,46910.0,homme,28.6,42,413,4,divorcé,dakar,58671.0,44859.0,11,5,4,44
73,141888.0,femme,38.1,4,801,5,divorcé,saint-louis,30270.0,33178.0,51,2,18,99
37,70754.0,homme,35.5,12,465,5,célibataire,dakar,98151.0,27575.0,43,5,18,67
64,124847.0,homme,35.8,27,474,2,marié,dakar,23698.0,19329.0,39,3,12,23
67,53467.0,femme,35.1,42,300,3,célibataire,thiès,82265.0,37554.0,30,1,6,18
57,48893.0,homme,23.8,24,385,1,divorcé,kaolack,49729.0,41837.0,53,5,7,74
21,91329.0,femme,34.4,34,619,0,marié,dakar,21171.0,49938.0,46,2,13,39
30,46007.0,homme,19.4,46,700,1,marié,kaolack,89483.0,18493.0,53,5,18,45
69,69253.0,femme,,38,681,1,divorcé,dakar,70684.0,21830.0,32,1,18,39
58,27323.0,femme,31.4,6,617,3,marié,dakar,,38603.0,42,5,11,61
75,126335.0,femme,16.6,37,549,0,marié,kaolack,59948.0,34754.0,11,2,8,17
52,127356.0,homme,34.9,31,824,2,divorcé,thiès,44725.0,8126.0,36,1,13,11
48,125944.0,homme,37.7,2,555,1,marié,dakar,29450.0,41838.0,57,3,5,13
23,31456.0,femme,22.4,44,606,0,marié,kaolack,23300.0,40068.0,31,3,14,81
68,46367.0,homme,35.5,38,443,2,divorcé,dakar,94600.0,22093.0,43,4,12,60
75,69624.0,femme,18.0,36,690,1,marié,saint-louis,14441.0,48316.0,25,5,6,11
59,83008.0,femme,30.4,49,468,0,marié,saint-louis,29332.0,35171.0,29,2,10,26
59,140926.0,homme,27.7,21,597,3,marié,saint-louis,30115.0,8262.0,35,5,9,5
20,130395.0,femme,29.1,7,532,5,marié,saint-louis,97404.0,43270.0,25,1,0,87
54,131492.0,homme,38.2,16,570,5,divorcé,thiès,51997.0,20785.0,15,4,6,32
19,87240.0,femme,36.9,26,359,1,célibataire,saint-louis,96151.0,39469.0,54,2,17,79
21,79315.0,homme,34.8,32,595,1,célibataire,kaolack,23615.0,3295.0,53,5,2,49
60,25756.0,femme,22.6,45,766,0,marié,dakar,24732.0,15687.0,32,2,8,11
47,51378.0,femme,37.9,16,534,5,divorcé,kaolack,35367.0,45643.0,51,1,4,94
67,140703.0,homme,18.3,41,533,1,divorcé,saint-louis,52738.0,2121.0,46,4,12,56
45,71549.0,femme,36.5,11,667,2,marié,thiès,10981.0,3582.0,17,2,15,52
62,88794.0,femme,23.9,47,531,1,célibataire,saint-louis,72881.0,47245.0,15,1,15,12
50,60113.0,homme,17.3,45,790,5,marié,saint-louis,68609.0,30280.0,46,3,11,71
70,89069.0,femme,32.1,26,802,4,divorcé,thiès,97090.0,42589.0,31,2,17,2
55,140541.0,homme,21.6,47,680,5,divorcé,thiès,91666.0,38468.0,15,4,10,63
67,24686.0,femme,21.8,7,727,2,célibataire,thiès,94351.0,40000.0,41,2,16,83
31,68363.0,homme,23.3,22,663,0,divorcé,thiès,18566.0,37056.0,26,2,6,57
28,112543.0,femme,17.5,41,501,2,divorcé,thiès,81885.0,31672.0,47,1,14,3
65,146733.0,femme,20.3,48,445,4,divorcé,thiès,20728.0,1085.0,26,5,5,44
75,110673.0,femme,16.1,28,756,4,célibataire,dakar,93911.0,15891.0,46,5,5,65
57,57828.0,homme,26.7,49,434,1,divorcé,saint-louis,97350.0,15600.0,32,2,17,35
45,63604.0,homme,18.0,19,563,1,marié,saint-louis,46214.0,32458.0,58,4,18,22
34,25526.0,homme,32.4,15,363,5,célibataire,thiès,67935.0,8645.0,58,4,19,18
32,83910.0,homme,21.7,16,790,3,marié,kaolack,97081.0,41578.0,22,1,18,39
71,40592.0,femme,38.6,15,340,2,marié,thiès,55588.0,41596.0,41,2,1,71
78,43982.0,femme,36.9,18,595,5,célibataire,dakar,28953.0,4874.0,31,2,2,15
34,15207.0,homme,22.9,7,302,3,marié,kaolack,78408.0,13767.0,16,5,13,57
43,103733.0,homme,34.8,37,409,5,célibataire,dakar,84904.0,26825.0,31,1,3,17
73,139982.0,homme,35.3,37,520,4,marié,kaolack,44103.0,10913.0,30,3,16,35
70,83619.0,femme,39.7,28,669,1,célibataire,kaolack,80949.0,16215.0,15,4,5,23
41,61479.0,homme,30.3,40,667,1,divorcé,thiès,59264.0,18733.0,23,4,18,0
52,96437.0,homme,18.0,35,735,5,divorcé,dakar,30156.0,14332.0,25,2,8,0
41,113540.0,femme,31.5,25,303,1,marié,kaolack,23423.0,4432.0,12,1,3,63
68,87982.0,femme,31.0,30,543,0,divorcé,dakar,48062.0,22559.0,18,3,6,61
77,117747.0,homme,31.3,43,465,5,célibataire,thiès,52805.0,26570.0,56,4,3,35
38,63231.0,femme,,11,325,4,marié,thiès,11987.0,40033.0,30,1,10,74
78,44301.0,homme,36.6,16,694,5,divorcé,thiès,72979.0,6103.0,59,3,1,17
24,33752.0,femme,39.0,14,773,5,divorcé,thiès,47597.0,43780.0,39,2,9,15
27,113452.0,homme,21.2,8,316,1,marié,saint-louis,93905.0,15900.0,39,5,5,16
68,136237.0,homme,18.1,38,391,4,divorcé,kaolack,37868.0,2031.0,51,4,7,23
16,71273.0,homme,20.7,41,782,5,divorcé,saint-louis,86970.0,17633.0,51,4,14,97
73,106878.0,homme,35.7,47,842,1,marié,thiès,73805.0,23192.0,41,3,12,67
73,19895.0,femme,32.2,11,504,2,divorcé,kaolack,90084.0,19940.0,32,5,1,98
16,134968.0,femme,31.3,31,801,4,divorcé,kaolack,,41287.0,12,1,19,78
62,130700.0,femme,25.6,24,699,3,divorcé,dakar,67467.0,8988.0,10,2,0,1
49,91559.0,femme,29.9,38,506,0,divorcé,thiès,27007.0,38067.0,12,1,14,94
47,25699.0,homme,23.4,17,445,3,marié,saint-louis,86864.0,12952.0,46,3,6,72
77,24715.0,homme,27.5,14,400,4,célibataire,dakar,13389.0,27369.0,16,4,17,9
69,34169.0,femme,,31,540,5,célibataire,kaolack,19458.0,35862.0,12,4,9,52
63,133413.0,femme,39.5,5,462,1,divorcé,saint-louis,78481.0,2977.0,45,1,14,88
40,134264.0,femme,38.4,43,472,4,divorcé,thiès,84888.0,38493.0,58,2,4,50
55,20782.0,femme,38.4,42,801,0,célibataire,saint-louis,86022.0,1268.0,12,3,10,68
60,139481.0,femme,25.7,34,846,4,divorcé,saint-louis,51400.0,48929.0,13,2,7,13
68,50585.0,homme,27.3,33,583,1,célibataire,saint-louis,77628.0,16756.0,40,3,7,65
16,45682.0,homme,32.9,37,658,3,marié,dakar,61857.0,20764.0,11,2,5,81
31,144992.0,homme,38.1,4,680,2,marié,kaolack,74367.0,40385.0,23,1,14,92
76,99416.0,femme,19.4,17,832,3,marié,saint-louis,,15032.0,46,5,14,52
54,142810.0,femme,23.3,15,462,1,marié,kaolack,80648.0,29478.0,40,3,4,83
79,53067.0,femme,19.3,7,606,1,marié,dakar,26937.0,45702.0,11,1,12,63
78,33073.0,femme,30.7,24,638,0,marié,thiès,47672.0,11885.0,40,4,13,71
20,51035.0,homme,23.4,31,354,4,célibataire,thiès,11112.0,9796.0,56,4,10,48
37,105373.0,homme,23.8,25,632,4,divorcé,saint-louis,45545.0,39047.0,52,2,19,89
44,98362.0,femme,17.7,21,426,3,célibataire,dakar,99017.0,32863.0,31,4,11,61
70,105517.0,homme,24.4,30,542,2,marié,thiès,58355.0,15478.0,19,5,19,36
18,80450.0,homme,36.7,42,708,2,divorcé,dakar,85561.0,32117.0,39,3,0,48
27,25382.0,femme,21.6,9,802,0,divorcé,dakar,44082.0,20753.0,42,2,2,67
41,76929.0,femme,32.7,11,602,1,marié,saint-louis,70482.0,20325.0,28,3,7,32
31,113864.0,femme,31.1,27,763,0,marié,saint-louis,89098.0,7021.0,55,3,11,21
66,40169.0,femme,36.7,5,534,4,marié,dakar,21304.0,15185.0,34,1,14,69
52,102468.0,femme,19.2,19,337,5,marié,dakar,66625.0,5868.0,55,4,2,32
37,49594.0,femme,39.5,4,438,5,marié,saint-louis,82551.0,13071.0,10,3,7,27
72,60033.0,homme,30.0,22,494,5,marié,dakar,54885.0,8041.0,41,5,18,87
44,78133.0,homme,39.9,8,826,1,divorcé,saint-louis,81246.0,16515.0,34,5,19,3
29,88861.0,femme,37.9,28,300,0,marié,kaolack,22588.0,44075.0,50,4,5,65
43,46750.0,homme,21.3,15,395,3,marié,dakar,30967.0,40058.0,26,4,17,76
20,55461.0,femme,17.3,45,712,4,divorcé,saint-louis,97440.0,48263.0,23,2,10,48
62,93222.0,femme,22.1,21,837,5,célibataire,dakar,34256.0,25966.0,54,2,11,10
64,127020.0,femme,28.7,7,728,2,marié,saint-louis,68348.0,39284.0,22,2,1,34
45,39226.0,femme,20.1,19,534,0,divorcé,dakar,35052.0,42109.0,47,4,4,38
61,21721.0,homme,20.0,13,648,4,divorcé,thiès,90972.0,44470.0,48,3,3,9
77,35609.0,femme,27.1,38,780,4,célibataire,thiès,97351.0,22290.0,11,1,8,73
67,145513.0,homme,16.8,36,695,2,marié,dakar,68479.0,30702.0,41,2,12,71
20,119211.0,femme,18.9,49,650,2,marié,thiès,90732.0,28223.0,41,1,12,68
27,139865.0,femme,26.0,33,715,2,marié,dakar,70200.0,33575.0,49,5,14,22
31,89520.0,femme,17.5,10,350,5,divorcé,dakar,93625.0,45799.0,15,4,1,33
41,79309.0,homme,25.5,39,380,5,marié,kaolack,93140.0,49202.0,34,5,12,31
41,44984.0,femme,27.4,32,335,0,marié,kaolack,12506.0,44168.0,12,2,6,15
63,133947.0,femme,26.8,30,366,2,marié,thiès,30709.0,21661.0,27,3,16,67
36,20901.0,femme,36.9,43,780,3,marié,kaolack,68535.0,16439.0,59,2,7,53
54,46055.0,homme,28.7,33,767,4,célibataire,kaolack,54840.0,36432.0,47,1,17,27
51,129099.0,homme,27.2,49,441,2,célibataire,dakar,70587.0,33511.0,52,2,14,59
48,26138.0,homme,25.9,6,655,4,célibataire,saint-louis,69321.0,31147.0,12,3,14,77
77,38429.0,femme,35.6,48,770,1,marié,dakar,53202.0,29114.0,57,3,4,75
45,65200.0,homme,37.5,22,738,1,marié,kaolack,66588.0,6030.0,14,4,1,59
52,116268.0,femme,36.5,45,830,2,divorcé,dakar,13090.0,24515.0,33,4,15,84
38,32347.0,homme,32.2,6,426,4,divorcé,thiès,69231.0,47429.0,43,3,4,79
73,46822.0,homme,19.3,24,504,1,divorcé,saint-louis,31552.0,47743.0,56,3,5,43
25,55108.0,femme,22.6,2,328,2,marié,kaolack,90227.0,30333.0,57,1,11,1
69,143955.0,homme,17.1,37,744,4,célibataire,kaolack,43741.0,79.0,48,2,4,22
20,22967.0,femme,38.3,19,763,2,célibataire,dakar,31661.0,47577.0,57,4,19,92
51,125719.0,femme,31.9,33,579,5,célibataire,dakar,51025.0,29048.0,33,1,7,45
49,26871.0,homme,33.9,48,450,4,marié,dakar,16092.0,44900.0,45,2,10,72
67,43179.0,femme,23.5,43,539,1,célibataire,dakar,45674.0,2966.0,37,4,13,53
46,70099.0,femme,36.3,43,565,2,divorcé,kaolack,10570.0,48302.0,57,1,16,70
25,50262.0,homme,22.2,29,404,1,divorcé,dakar,22084.0,3728.0,58,5,9,92
73,93213.0,homme,16.0,16,732,2,célibataire,kaolack,75843.0,37304.0,43,5,1,80
34,132407.0,femme,25.0,9,796,0,divorcé,dakar,70752.0,49277.0,25,4,2,8
73,101269.0,homme,29.7,34,739,1,célibataire,saint-louis,79278.0,38581.0,45,1,12,69
47,75545.0,femme,27.5,19,457,1,célibataire,saint-louis,10765.0,24794.0,16,2,16,43
16,54922.0,femme,36.7,17,471,3,divorcé,dakar,34198.0,947.0,27,2,2,83
71,57913.0,homme,18.5,44,793,5,divorcé,dakar,71201.0,12565.0,15,1,9,73
20,112033.0,homme,29.3,43,610,1,divorcé,thiès,83271.0,15844.0,59,5,7,72
60,119792.0,homme,28.3,26,702,4,divorcé,saint-louis,91738.0,594.0,37,1,3,11
19,134863.0,homme,22.8,48,762,2,célibataire,kaolack,57199.0,21414.0,48,5,12,96
31,59936.0,femme,35.7,35,666,0,divorcé,saint-louis,21377.0,30690.0,43,5,6,31
39,43141.0,femme,34.1,22,849,4,divorcé,kaolack,89833.0,16524.0,50,2,6,33
31,112359.0,homme,33.6,31,554,4,marié,dakar,18036.0,27469.0,38,4,15,82
70,138279.0,homme,37.0,9,507,4,divorcé,saint-louis,50364.0,19439.0,13,3,4,32
17,56568.0,femme,33.3,10,749,4,divorcé,saint-louis,99905.0,26206.0,23,1,16,63
64,112539.0,femme,21.6,37,394,0,célibataire,thiès,47443.0,46785.0,14,5,9,47
43,61851.0,femme,32.9,5,777,3,célibataire,thiès,11663.0,36973.0,34,1,3,15
79,69823.0,femme,23.4,40,489,5,marié,saint-louis,49244.0,21555.0,48,4,13,49
47,38312.0,homme,21.8,46,783,1,divorcé,saint-louis,68391.0,7782.0,17,4,4,22
42,113723.0,femme,17.8,33,835,4,divorcé,saint-louis,87564.0,2660.0,24,3,1,25
35,27411.0,femme,33.9,35,722,1,divorcé,kaolack,95359.0,48781.0,28,3,13,53
39,72009.0,homme,33.1,36,432,1,divorcé,dakar,25077.0,39624.0,20,5,17,43
27,47371.0,femme,21.6,16,354,4,divorcé,thiès,67849.0,6089.0,29,3,10,36
65,72022.0,femme,34.0,39,809,3,divorcé,dakar,29631.0,5318.0,45,5,15,8
75,114071.0,homme,18.6,11,709,2,divorcé,thiès,77446.0,29400.0,23,5,15,12
48,111774.0,homme,21.6,20,510,1,divorcé,thiès,43500.0,15405.0,47,3,3,59
48,41715.0,femme,34.0,39,592,5,divorcé,saint-louis,29897.0,30209.0,34,1,0,79
76,42605.0,femme,22.6,18,414,4,marié,thiès,68915.0,8062.0,25,3,13,1
66,114853.0,homme,31.0,2,558,0,divorcé,dakar,47377.0,17424.0,27,4,11,94
58,46174.0,homme,17.9,17,421,1,marié,thiès,86670.0,41274.0,10,3,9,59
52,91373.0,femme,26.9,18,598,3,célibataire,dakar,36897.0,23987.0,49,2,18,56
27,84252.0,homme,33.7,46,680,2,divorcé,thiès,57280.0,44419.0,10,5,3,42
18,85017.0,homme,32.5,5,800,2,marié,thiès,67320.0,20556.0,10,4,19,18
16,78037.0,homme,35.6,15,596,0,célibataire,saint-louis,82592.0,27601.0,30,5,2,10
48,104818.0,femme,37.1,7,661,5,marié,dakar,78289.0,19330.0,34,5,3,77
55,21548.0,femme,34.6,47,762,0,marié,thiès,41941.0,15730.0,36,3,14,46
25,131981.0,femme,32.1,17,737,5,célibataire,thiès,24234.0,3236.0,19,1,10,88
58,39022.0,femme,16.8,47,426,1,divorcé,dakar,85172.0,3680.0,59,4,15,62
59,121297.0,femme,28.8,42,496,4,divorcé,thiès,13376.0,30312.0,21,2,3,6
44,75428.0,femme,16.9,38,520,3,marié,kaolack,40783.0,48151.0,37,2,5,78
28,74353.0,homme,35.4,48,390,2,célibataire,saint-louis,51249.0,21191.0,58,1,7,93
27,128132.0,femme,23.7,48,710,0,divorcé,dakar,53025.0,44066.0,41,1,12,30
46,31052.0,femme,29.5,11,307,3,marié,saint-louis,26447.0,17921.0,42,3,19,87
61,115689.0,homme,22.7,44,843,5,célibataire,kaolack,95865.0,36640.0,17,2,3,54
17,146743.0,femme,34.8,9,767,4,marié,kaolack,26713.0,34635.0,51,4,4,24
76,15163.0,femme,37.3,6,619,2,célibataire,kaolack,14858.0,48588.0,35,1,9,71
66,56424.0,homme,25.6,45,693,2,divorcé,dakar,61115.0,36688.0,51,1,4,29
65,37420.0,homme,36.7,0,568,5,divorcé,kaolack,95008.0,5693.0,59,1,11,35
50,135575.0,homme,22.4,48,490,4,marié,dakar,69834.0,20266.0,50,4,0,49
38,44300.0,femme,28.8,35,360,2,divorcé,dakar,92060.0,43716.0,11,2,9,13
32,104881.0,homme,36.6,20,737,4,divorcé,thiès,14539.0,26488.0,44,4,4,28
41,25749.0,femme,23.8,36,563,2,célibataire,dakar,73983.0,24122.0,43,4,18,26
23,119131.0,femme,38.9,23,394,1,divorcé,kaolack,28857.0,41224.0,15,3,18,49
44,143563.0,femme,18.9,24,769,5,célibataire,dakar,15364.0,29004.0,40,1,19,35
41,52487.0,femme,16.4,6,813,4,célibataire,dakar,75985.0,6331.0,32,2,11,33
25,36223.0,homme,37.7,41,493,3,marié,saint-louis,69169.0,21566.0,21,3,15,20
41,87930.0,homme,17.6,16,781,1,célibataire,kaolack,96366.0,45875.0,37,3,4,37
77,43380.0,femme,39.8,28,635,3,divorcé,dakar,31078.0,42262.0,24,5,16,74
49,41035.0,homme,38.8,29,734,5,célibataire,thiès,47574.0,46621.0,28,1,13,96
66,45620.0,femme,19.3,6,495,2,célibataire,dakar,10869.0,42154.0,21,2,11,78
56,132360.0,femme,28.9,32,548,3,marié,dakar,72624.0,40899.0,59,2,12,75
22,68352.0,femme,20.4,6,797,1,divorcé,saint-louis,50075.0,44564.0,57,2,13,87
19,18191.0,homme,26.3,23,511,4,divorcé,kaolack,13659.0,20778.0,11,1,4,49
73,105536.0,femme,17.5,10,765,0,divorcé,kaolack,46370.0,33926.0,20,2,4,36
68,119576.0,femme,21.4,8,520,3,célibataire,thiès,68185.0,20751.0,53,4,17,74
65,18631.0,homme,24.7,11,572,0,divorcé,thiès,89921.0,17528.0,46,4,13,18
60,57080.0,homme,26.5,34,453,5,divorcé,thiès,53751.0,68.0,47,1,17,0
26,105353.0,homme,39.5,3,548,3,célibataire,dakar,72758.0,3717.0,34,2,19,80
44,43671.0,homme,35.4,35,578,3,marié,dakar,94873.0,15218.0,52,5,0,39
71,137811.0,femme,33.7,27,739,4,marié,thiès,15131.0,43968.0,30,5,6,54
51,142734.0,homme,28.9,12,575,2,célibataire,kaolack,11358.0,25402.0,51,5,16,79
40,66399.0,femme,36.2,22,813,1,marié,kaolack,67371.0,48623.0,45,4,2,25
36,22099.0,homme,24.1,18,387,1,marié,thiès,92307.0,31643.0,18,5,9,42
76,71492.0,homme,33.0,41,804,1,marié,saint-louis,89139.0,42129.0,21,2,6,58
72,111722.0,homme,39.9,36,540,5,divorcé,kaolack,26246.0,48460.0,19,2,11,50
51,45111.0,homme,23.6,38,535,2,marié,kaolack,27216.0,29152.0,55,5,14,14
25,78936.0,homme,32.2,23,427,0,divorcé,thiès,51209.0,11526.0,14,3,15,7
52,75920.0,homme,36.3,15,802,1,marié,kaolack,52987.0,26916.0,42,5,7,93
24,78530.0,femme,38.0,32,499,0,divorcé,dakar,30577.0,42975.0,14,3,5,13
39,22788.0,homme,33.2,11,842,2,célibataire,dakar,52320.0,26028.0,25,1,3,96
79,43082.0,homme,22.8,33,801,5,célibataire,kaolack,21301.0,26709.0,46,1,10,6
50,138287.0,homme,23.8,6,791,2,marié,dakar,85051.0,41999.0,46,2,16,17
64,104570.0,homme,16.5,10,320,4,divorcé,saint-louis,10891.0,15063.0,38,4,1,11
63,98588.0,homme,17.0,28,715,5,célibataire,thiès,60457.0,4213.0,38,2,3,49
51,103340.0,homme,36.8,12,447,4,célibataire,dakar,64435.0,22797.0,15,4,2,92
33,109439.0,homme,,30,328,1,célibataire,saint-louis,30932.0,36234.0,27,2,6,20
64,130053.0,homme,20.1,1,660,2,marié,saint-louis,14192.0,19410.0,41,4,6,6
54,63355.0,femme,27.4,38,607,2,divorcé,dakar,26128.0,23382.0,51,2,15,90
47,140426.0,homme,33.7,14,461,3,célibataire,saint-louis,32836.0,45217.0,56,1,1,11
39,79027.0,femme,19.3,10,360,3,marié,kaolack,34837.0,2747.0,40,3,7,83
38,107601.0,homme,26.6,33,424,2,célibataire,saint-louis,32778.0,23655.0,20,2,14,56
77,44956.0,femme,27.6,38,755,2,célibataire,dakar,53130.0,30348.0,35,3,15,77
47,119797.0,femme,21.1,3,370,0,célibataire,saint-louis,26708.0,12454.0,37,5,0,73
52,139917.0,homme,18.8,10,765,0,célibataire,dakar,34232.0,12587.0,36,2,9,22
27,141303.0,homme,36.1,28,542,4,marié,dakar,67266.0,22555.0,28,1,6,29
64,57533.0,femme,28.1,1,789,3,divorcé,saint-louis,49412.0,28071.0,54,4,15,57
70,93815.0,femme,16.3,15,520,3,marié,dakar,14782.0,20239.0,36,1,9,94
28,54279.0,homme,35.3,38,772,2,marié,dakar,71196.0,31602.0,29,3,11,51
38,124787.0,femme,39.5,12,832,2,marié,thiès,36315.0,49151.0,12,4,16,55
40,76063.0,femme,30.5,36,793,4,célibataire,kaolack,20052.0,2203.0,25,1,12,9
50,142896.0,femme,,16,381,5,divorcé,dakar,29521.0,13635.0,48,1,11,18
56,112661.0,homme,37.1,20,821,5,célibataire,kaolack,79434.0,1144.0,53,1,14,18
45,138257.0,femme,38.9,43,311,5,marié,thiès,92755.0,32699.0,38,4,13,86
32,101205.0,femme,34.1,18,562,3,célibataire,thiès,79690.0,19083.0,24,1,18,58
64,21910.0,femme,26.7,6,748,0,divorcé,thiès,45546.0,26127.0,39,1,18,43
77,61857.0,homme,,37,491,5,divorcé,thiès,89345.0,12213.0,49,3,13,58
35,49964.0,homme,32.8,7,413,1,célibataire,kaolack,35972.0,16944.0,58,1,17,95
63,32153.0,femme,20.7,12,325,4,marié,saint-louis,,1187.0,10,1,4,83
40,74765.0,homme,26.7,36,798,5,célibataire,saint-louis,74385.0,3133.0,38,5,19,3
37,123212.0,femme,35.9,1,807,1,marié,kaolack,32030.0,3411.0,39,4,5,96
28,54071.0,homme,31.7,40,844,5,divorcé,dakar,50376.0,34457.0,49,5,17,64
74,127990.0,homme,25.9,10,361,0,célibataire,kaolack,95641.0,37175.0,55,3,13,12
34,84519.0,femme,31.9,23,528,0,divorcé,dakar,99831.0,35191.0,41,5,3,66
64,24503.0,homme,18.8,5,334,5,marié,dakar,87400.0,6728.0,19,2,0,11
51,110457.0,homme,25.6,25,755,1,marié,saint-louis,88412.0,33744.0,36,4,12,92
27,60838.0,homme,35.0,6,801,4,célibataire,thiès,28055.0,22881.0,17,1,10,54
76,140200.0,femme,21.3,38,324,1,célibataire,saint-louis,97508.0,12801.0,45,5,2,60
56,104489.0,homme,20.5,18,331,4,célibataire,saint-louis,35493.0,10548.0,51,5,16,94
34,41806.0,homme,38.8,5,311,5,divorcé,kaolack,84861.0,32886.0,44,1,17,40
24,53714.0,homme,22.3,28,300,2,marié,dakar,61057.0,19427.0,57,3,15,1
22,70419.0,homme,39.3,42,734,3,divorcé,kaolack,95909.0,972.0,45,5,12,21
29,107949.0,homme,32.8,1,495,0,célibataire,dakar,96717.0,6621.0,29,2,11,40
46,148533.0,homme,36.5,18,432,2,divorcé,thiès,61884.0,26013.0,54,2,3,94
79,91971.0,femme,18.8,3,385,3,marié,thiès,,49738.0,26,5,7,13
67,108471.0,femme,32.9,5,775,5,marié,saint-louis,,14530.0,32,2,11,92
34,79946.0,homme,,48,623,4,marié,thiès,54676.0,7354.0,34,5,18,34
73,113989.0,homme,35.9,36,479,4,marié,dakar,89045.0,46529.0,57,4,14,49
31,92794.0,femme,30.9,29,474,1,marié,thiès,72495.0,23223.0,40,2,11,95
68,45841.0,femme,27.5,6,320,4,divorcé,thiès,14743.0,41232.0,15,5,19,58
20,139447.0,homme,27.5,8,404,5,célibataire,thiès,,12550.0,44,2,17,55
50,135029.0,homme,34.4,24,742,4,divorcé,thiès,17014.0,22660.0,13,3,11,90
27,91272.0,femme,31.1,32,348,1,marié,dakar,46180.0,31029.0,49,4,15,9
40,52643.0,homme,31.2,0,827,3,célibataire,dakar,66977.0,30268.0,29,1,19,24
67,58950.0,femme,26.8,5,444,0,divorcé,saint-louis,69534.0,47119.0,50,1,10,44
74,115500.0,femme,28.7,17,639,1,divorcé,kaolack,73209.0,26340.0,10,2,19,96
36,140588.0,homme,33.9,9,653,5,divorcé,saint-louis,51908.0,4290.0,54,5,13,10
51,30997.0,femme,35.8,27,374,3,célibataire,saint-louis,60918.0,30138.0,35,3,1,8
68,94751.0,homme,32.7,10,618,3,divorcé,thiès,18219.0,6446.0,43,4,12,6
38,113605.0,homme,38.2,32,386,3,marié,kaolack,17163.0,13432.0,19,4,13,70
31,70533.0,homme,35.7,0,341,2,célibataire,thiès,12470.0,1522.0,32,4,5,33
72,97566.0,homme,29.5,12,392,2,célibataire,dakar,26543.0,33329.0,58,1,11,82
54,123255.0,homme,32.1,36,806,3,divorcé,saint-louis,29276.0,3540.0,33,3,6,19
60,73005.0,homme,38.2,19,828,5,marié,kaolack,46881.0,12328.0,22,1,3,88
68,58541.0,femme,30.9,0,564,4,célibataire,dakar,88950.0,34247.0,38,2,6,4
57,38387.0,femme,35.8,2,591,5,divorcé,saint-louis,17749.0,6677.0,55,4,12,92
73,108980.0,femme,32.5,17,763,2,marié,kaolack,34182.0,41616.0,36,3,10,54
54,100457.0,femme,29.2,40,396,1,divorcé,saint-louis,87450.0,49741.0,40,4,7,90
29,79028.0,homme,21.8,13,394,2,divorcé,kaolack,90543.0,25947.0,52,1,18,88
46,134246.0,femme,26.2,30,625,4,célibataire,saint-louis,31383.0,45534.0,19,1,1,14
73,70731.0,femme,39.2,26,373,0,célibataire,thiès,88578.0,13520.0,40,1,17,47
20,59638.0,femme,31.8,16,635,2,divorcé,saint-louis,35412.0,44711.0,48,4,9,3
50,35567.0,homme,29.5,45,367,5,célibataire,saint-louis,23181.0,22805.0,19,3,5,77
38,72804.0,femme,38.4,28,376,5,célibataire,kaolack,54898.0,30444.0,33,3,3,80
44,123821.0,homme,30.1,35,507,3,marié,kaolack,69630.0,20143.0,42,2,18,20
58,18754.0,femme,28.6,36,520,3,marié,thiès,13405.0,10292.0,23,4,13,79
26,42044.0,homme,34.2,25,561,3,divorcé,kaolack,20862.0,42844.0,44,2,13,89
33,82260.0,homme,33.1,16,709,0,divorcé,saint-louis,,16017.0,54,2,17,8
62,81912.0,femme,20.6,21,630,4,divorcé,kaolack,38688.0,25323.0,43,2,16,65
27,23706.0,homme,27.3,24,643,1,divorcé,kaolack,58017.0,41423.0,26,2,17,78
24,23894.0,homme,27.3,1,373,5,marié,kaolack,22939.0,41713.0,30,1,17,34
25,98986.0,femme,25.1,21,553,5,célibataire,thiès,49585.0,22320.0,41,2,4,87
73,96942.0,femme,28.4,4,631,4,marié,thiès,32942.0,8774.0,12,3,8,50
59,44725.0,femme,25.9,3,697,0,divorcé,dakar,15272.0,2205.0,24,2,0,77
32,119555.0,homme,20.8,35,644,3,divorcé,thiès,54134.0,12342.0,17,1,3,36
76,24496.0,homme,25.9,5,754,4,marié,thiès,34265.0,4027.0,41,5,6,5
53,71447.0,homme,,20,414,1,marié,thiès,58192.0,16327.0,47,5,10,81
22,116604.0,femme,29.8,12,612,3,divorcé,saint-louis,38668.0,21200.0,35,5,13,85
61,103199.0,homme,36.5,36,527,1,célibataire,dakar,91560.0,7188.0,39,4,9,81
28,56321.0,homme,33.4,24,544,2,divorcé,saint-louis,79283.0,2808.0,18,3,18,50
55,70147.0,homme,24.6,25,825,1,marié,thiès,19297.0,13851.0,41,1,7,65
57,106396.0,homme,18.1,38,827,3,divorcé,thiès,74005.0,15354.0,20,5,2,95
24,53787.0,homme,20.9,19,726,2,divorcé,dakar,68434.0,15058.0,31,1,7,16
65,36727.0,homme,29.1,32,341,3,célibataire,dakar,74749.0,14620.0,43,1,17,64
42,110081.0,homme,21.0,13,764,5,divorcé,kaolack,11607.0,31230.0,50,4,4,8
73,137721.0,femme,29.1,35,577,3,divorcé,thiès,69183.0,36681.0,27,5,19,12
17,83056.0,femme,21.6,16,318,2,divorcé,thiès,96994.0,17803.0,28,2,10,99
20,149153.0,femme,36.4,20,365,1,marié,saint-louis,66305.0,2167.0,27,1,8,57
44,95102.0,homme,25.5,45,466,5,marié,kaolack,37973.0,2144.0,46,5,18,29
52,91865.0,homme,21.9,15,702,0,célibataire,thiès,33117.0,2167.0,27,1,11,30
53,82695.0,femme,35.5,45,708,0,divorcé,saint-louis,91986.0,42520.0,21,4,4,22
34,132235.0,homme,24.2,15,411,0,marié,dakar,91071.0,42136.0,13,4,15,62
23,123777.0,femme,18.7,19,573,0,célibataire,saint-louis,17645.0,25844.0,56,2,12,27
63,34033.0,homme,29.7,28,706,4,divorcé,thiès,52238.0,28163.0,52,4,5,58
60,41832.0,homme,30.0,27,672,0,célibataire,saint-louis,79694.0,22920.0,36,5,15,9
16,130725.0,femme,33.2,7,338,2,célibataire,saint-louis,51773.0,17550.0,14,4,17,88
37,34873.0,femme,21.8,23,404,0,célibataire,kaolack,26786.0,36343.0,15,2,16,99
67,55372.0,femme,26.7,2,623,3,célibataire,kaolack,50693.0,18254.0,22,3,11,89
32,104464.0,femme,22.8,24,713,0,célibataire,dakar,36578.0,49311.0,32,1,0,25
78,132322.0,femme,17.9,18,728,1,célibataire,kaolack,56408.0,40011.0,51,1,6,76
22,115082.0,homme,37.0,32,360,2,célibataire,saint-louis,79702.0,20147.0,34,5,13,16
40,20110.0,homme,33.5,1,606,2,divorcé,kaolack,,12926.0,55,2,17,39
60,27087.0,homme,23.2,14,653,5,divorcé,thiès,25076.0,33823.0,13,2,0,67
19,97617.0,femme,30.4,21,692,4,célibataire,saint-louis,29377.0,49485.0,41,2,19,22
51,115483.0,femme,20.8,9,503,3,divorcé,saint-louis,19278.0,23991.0,53,1,9,34
21,24596.0,femme,37.4,17,557,2,célibataire,saint-louis,74808.0,41851.0,24,4,14,74
75,122539.0,femme,18.8,21,785,1,divorcé,thiès,43539.0,27563.0,35,1,10,75
46,33313.0,femme,16.1,45,816,0,marié,saint-louis,21440.0,30688.0,51,1,3,8
34,128175.0,femme,28.0,48,745,2,célibataire,kaolack,36245.0,29023.0,20,1,14,78
76,129914.0,homme,30.0,26,479,1,marié,thiès,32097.0,34130.0,18,4,15,44
59,38705.0,homme,29.9,12,641,0,célibataire,saint-louis,83703.0,925.0,20,3,14,36
69,88445.0,homme,17.3,32,432,4,célibataire,kaolack,77092.0,16321.0,11,5,16,68
54,118892.0,homme,23.5,4,742,2,marié,kaolack,11151.0,10769.0,54,3,10,18
42,17023.0,homme,28.0,25,552,2,marié,dakar,31698.0,36748.0,36,3,17,74
25,134654.0,femme,21.2,12,564,1,marié,kaolack,27601.0,40028.0,35,1,15,72
41,95073.0,femme,36.9,26,392,5,célibataire,kaolack,36807.0,16151.0,17,3,14,98
34,107197.0,femme,18.1,13,710,3,marié,dakar,55302.0,10597.0,30,1,10,26
54,79429.0,femme,27.7,23,437,4,marié,dakar,,34187.0,30,1,12,12
77,119195.0,femme,32.6,2,507,3,divorcé,thiès,18039.0,43835.0,17,5,17,56
18,48848.0,femme,22.3,46,606,2,divorcé,kaolack,57427.0,59.0,10,2,7,59
60,42766.0,homme,31.0,48,565,3,marié,thiès,81839.0,35292.0,47,1,8,11
28,83099.0,femme,35.9,29,617,0,marié,thiès,68049.0,20181.0,22,3,10,8
65,84122.0,femme,20.6,34,412,4,marié,saint-louis,29053.0,27235.0,18,5,16,91
43,63868.0,femme,38.0,47,677,3,marié,thiès,96298.0,28672.0,37,3,0,76
77,134119.0,femme,29.3,13,753,0,divorcé,thiès,99147.0,1578.0,15,2,10,83
73,110286.0,homme,23.2,11,490,1,célibataire,thiès,65413.0,45366.0,56,4,6,76
35,21643.0,homme,26.3,27,739,3,marié,thiès,75958.0,47295.0,32,2,7,26
43,51727.0,femme,,43,486,4,marié,dakar,41275.0,16047.0,57,5,18,89
23,124079.0,homme,33.4,28,666,0,divorcé,kaolack,36597.0,32160.0,45,2,3,62
76,80697.0,homme,35.1,42,388,3,marié,saint-louis,87521.0,33475.0,26,2,3,92
78,31029.0,femme,36.0,16,486,1,marié,dakar,78908.0,24549.0,18,5,18,28
56,124458.0,femme,39.7,39,431,3,divorcé,saint-louis,91619.0,5277.0,21,5,8,21
54,125384.0,femme,35.0,48,675,0,marié,saint-louis,65188.0,1780.0,31,3,16,72
16,83926.0,femme,30.4,20,398,3,marié,dakar,44710.0,46579.0,21,1,17,87
18,70506.0,femme,,22,333,4,divorcé,thiès,85486.0,45913.0,15,4,0,18
28,93229.0,homme,29.1,19,470,2,célibataire,dakar,59050.0,14662.0,53,4,13,37
43,57092.0,femme,17.0,10,665,0,marié,saint-louis,59249.0,31516.0,18,4,3,94
77,77539.0,femme,33.9,33,358,0,marié,saint-louis,44247.0,32161.0,46,2,9,38
72,28428.0,femme,26.7,9,480,0,célibataire,thiès,80162.0,44499.0,12,5,13,14
78,72775.0,homme,16.5,9,318,0,divorcé,dakar,36408.0,31886.0,43,5,6,53
75,20469.0,femme,17.5,42,525,3,célibataire,kaolack,86313.0,8800.0,17,5,11,31
64,43854.0,femme,25.3,5,772,4,marié,saint-louis,80683.0,49460.0,19,1,15,45
40,91256.0,femme,30.0,35,394,1,célibataire,dakar,15443.0,5439.0,56,5,4,60
71,114134.0,homme,27.1,23,596,4,divorcé,thiès,10079.0,4307.0,50,5,10,92
48,147723.0,femme,30.9,11,474,0,marié,thiès,48345.0,2364.0,51,2,3,51
53,99730.0,femme,27.5,42,521,5,divorcé,kaolack,22901.0,16568.0,52,3,12,33
68,42386.0,femme,31.9,22,353,3,divorcé,saint-louis,77759.0,38092.0,18,4,7,72
21,48787.0,homme,21.3,26,702,5,célibataire,kaolack,52732.0,5483.0,23,2,6,34
73,36621.0,femme,18.7,44,617,3,célibataire,kaolack,89304.0,245.0,46,2,10,69
59,92984.0,femme,30.3,36,648,0,divorcé,kaolack,27507.0,8430.0,36,2,10,36
60,49051.0,femme,27.6,5,742,3,divorcé,kaolack,91785.0,8183.0,50,4,16,77
47,64811.0,homme,16.6,0,839,0,marié,thiès,45391.0,38692.0,41,2,13,60
60,45447.0,femme,25.1,5,581,4,divorcé,saint-louis,44171.0,30086.0,13,3,1,48
76,143046.0,femme,18.5,49,659,2,divorcé,kaolack,,49671.0,11,5,19,8
62,99045.0,femme,28.8,21,307,3,célibataire,saint-louis,17485.0,32726.0,42,3,7,18
36,131859.0,homme,25.5,40,790,0,divorcé,thiès,47748.0,13901.0,30,5,1,86
31,18471.0,homme,30.7,23,640,5,divorcé,thiès,13878.0,3907.0,10,5,14,27
69,135312.0,femme,35.3,24,771,0,célibataire,dakar,11949.0,33044.0,53,2,4,79
36,61850.0,homme,23.2,14,548,5,marié,dakar,95380.0,28604.0,20,2,5,25
26,69220.0,homme,39.1,25,534,3,célibataire,saint-louis,30881.0,37869.0,10,4,16,37
75,108808.0,homme,28.9,7,382,1,célibataire,dakar,61306.0,14537.0,55,1,7,39
52,68072.0,femme,30.8,23,392,5,divorcé,kaolack,97150.0,12501.0,20,3,18,24
51,98820.0,femme,32.3,47,693,0,divorcé,saint-louis,99364.0,37371.0,16,4,4,98
50,38284.0,homme,32.0,37,567,3,marié,thiès,19958.0,49103.0,11,4,18,68
34,98369.0,homme,28.3,5,716,0,divorcé,thiès,69185.0,46154.0,24,3,13,70
35,40122.0,homme,26.3,34,828,1,marié,kaolack,18697.0,36821.0,17,3,9,22
72,145349.0,femme,17.3,41,552,2,marié,dakar,97160.0,23196.0,56,5,12,88
33,85553.0,femme,16.5,0,421,1,marié,saint-louis,25493.0,6073.0,35,1,4,64
62,109788.0,homme,24.6,45,309,4,marié,saint-louis,52801.0,49293.0,49,2,6,21
56,77812.0,homme,24.0,35,615,3,divorcé,kaolack,31199.0,10561.0,51,1,9,63
64,22999.0,homme,25.3,11,572,1,célibataire,dakar,75792.0,18101.0,44,1,10,67
29,37436.0,homme,19.3,37,605,2,célibataire,saint-louis,,45516.0,55,2,2,57
30,57963.0,femme,33.7,10,509,0,divorcé,kaolack,40493.0,31426.0,50,1,12,27
46,148168.0,homme,36.6,11,763,3,divorcé,saint-louis,59002.0,29341.0,50,4,1,77
16,123899.0,femme,38.5,41,715,5,marié,thiès,33731.0,7313.0,30,4,3,96
69,20105.0,homme,32.8,38,379,2,célibataire,saint-louis,11071.0,28003.0,17,2,14,74
69,132666.0,homme,36.5,6,779,1,divorcé,saint-louis,77602.0,26420.0,52,3,3,95
18,109848.0,homme,26.0,10,846,4,divorcé,dakar,51410.0,5714.0,41,3,3,3
31,17839.0,homme,23.4,35,317,3,marié,dakar,64327.0,49551.0,17,1,14,0
38,83920.0,femme,38.5,30,464,0,marié,kaolack,71072.0,27139.0,53,1,5,25
72,58619.0,homme,28.4,32,824,2,marié,dakar,51041.0,26098.0,19,2,4,32
26,57821.0,homme,27.9,12,501,1,marié,saint-louis,63326.0,42294.0,32,1,11,80
27,140736.0,homme,20.3,17,645,3,célibataire,saint-louis,48549.0,13582.0,13,5,6,26
25,32069.0,femme,18.6,40,665,1,divorcé,dakar,63096.0,43583.0,57,4,2,41
47,22531.0,femme,36.2,23,747,3,divorcé,dakar,65578.0,13760.0,47,1,6,68
31,82155.0,femme,30.7,8,812,4,marié,saint-louis,56390.0,6255.0,39,1,11,70
23,77424.0,femme,23.8,30,618,1,célibataire,saint-louis,,16622.0,50,3,14,63
53,60603.0,homme,20.6,40,516,4,célibataire,thiès,53167.0,35983.0,32,5,18,24
27,147503.0,homme,29.3,9,333,5,divorcé,kaolack,64587.0,40309.0,14,1,5,71
39,107573.0,homme,30.0,1,565,5,marié,dakar,71292.0,29715.0,30,4,7,97
43,118302.0,femme,21.0,37,379,2,divorcé,kaolack,85419.0,36415.0,15,1,5,3
68,146234.0,homme,36.4,14,712,4,divorcé,saint-louis,52139.0,21792.0,58,2,2,11
23,34675.0,homme,18.0,2,551,3,célibataire,kaolack,97753.0,42576.0,26,5,4,57
73,88997.0,femme,24.5,42,311,2,célibataire,dakar,20707.0,22724.0,34,1,8,94
43,22896.0,femme,32.3,30,700,1,divorcé,dakar,23140.0,3652.0,33,5,15,10
51,64733.0,femme,22.6,5,581,1,marié,kaolack,21093.0,26297.0,31,1,15,58
41,56800.0,homme,35.9,2,411,3,marié,dakar,92036.0,32422.0,22,4,8,35
23,111044.0,homme,33.8,10,677,0,divorcé,thiès,82043.0,14028.0,26,4,17,21
73,20347.0,femme,34.9,14,567,0,divorcé,saint-louis,15830.0,13803.0,23,5,12,64
75,148715.0,homme,18.9,44,597,1,marié,saint-louis,40608.0,6307.0,43,3,10,49
65,55785.0,femme,19.4,27,616,3,marié,dakar,57287.0,31325.0,35,3,9,3
43,33681.0,femme,22.9,9,808,0,marié,saint-louis,43427.0,31574.0,28,2,9,99
43,118864.0,homme,28.4,37,845,4,divorcé,thiès,94042.0,19262.0,35,3,5,71
52,62299.0,femme,34.0,46,664,1,célibataire,dakar,38395.0,1535.0,12,5,15,88
56,32073.0,femme,36.1,49,846,5,marié,thiès,27970.0,14932.0,11,3,11,91
51,117304.0,femme,32.9,49,570,4,marié,thiès,80218.0,15749.0,37,2,3,51
79,45682.0,homme,38.3,6,773,3,marié,saint-louis,86475.0,8727.0,11,1,4,99
42,139302.0,femme,33.7,14,836,5,divorcé,saint-louis,84362.0,17332.0,31,3,1,99
69,130359.0,femme,,17,533,4,célibataire,kaolack,33371.0,29534.0,16,5,18,42
78,81707.0,femme,22.4,17,358,0,célibataire,thiès,99895.0,10834.0,13,5,0,45
32,80428.0,femme,32.7,40,550,0,marié,saint-louis,29266.0,20325.0,58,2,3,3
24,65601.0,femme,20.6,23,385,5,divorcé,thiès,29195.0,9213.0,47,2,11,12
48,148611.0,femme,18.2,1,689,2,célibataire,kaolack,37315.0,48205.0,48,4,1,37
68,126487.0,femme,28.8,39,479,1,divorcé,thiès,,1403.0,29,4,11,44
35,43228.0,homme,,19,448,5,célibataire,dakar,85246.0,7506.0,15,4,15,24
28,137788.0,homme,18.4,33,420,3,marié,kaolack,51581.0,29659.0,18,1,1,66
43,112239.0,femme,35.0,42,555,1,divorcé,kaolack,55537.0,7591.0,40,5,16,54
63,41928.0,homme,,25,608,4,marié,thiès,89697.0,12996.0,35,4,1,95
44,33322.0,homme,27.6,6,358,3,célibataire,thiès,85265.0,37828.0,45,5,3,38
61,77292.0,homme,20.2,29,745,0,marié,dakar,33279.0,34370.0,37,1,6,74
50,44055.0,femme,33.0,41,687,4,célibataire,kaolack,36570.0,13472.0,14,2,14,1
76,57891.0,femme,33.1,4,385,0,marié,kaolack,53030.0,29098.0,19,5,19,68
21,96912.0,femme,37.6,10,526,0,marié,kaolack,72245.0,2196.0,27,4,11,85
33,105536.0,femme,30.0,0,483,2,marié,saint-louis,65467.0,11091.0,24,2,4,61
66,21304.0,femme,19.0,33,621,0,célibataire,dakar,45133.0,15040.0,42,3,13,45
79,22345.0,homme,18.9,0,617,1,divorcé,kaolack,88731.0,49262.0,14,1,15,76
20,106006.0,femme,33.3,18,698,3,marié,kaolack,53805.0,48784.0,46,5,10,86
62,144350.0,homme,20.4,1,592,0,divorcé,saint-louis,53998.0,6023.0,49,4,11,30
40,34446.0,femme,23.9,20,592,5,célibataire,thiès,27238.0,20543.0,31,2,18,98
17,17336.0,femme,27.7,19,784,1,célibataire,kaolack,91088.0,28377.0,31,1,16,34
25,77032.0,femme,16.6,22,746,4,divorcé,dakar,78264.0,36635.0,31,4,6,44
71,112852.0,homme,22.0,20,711,3,marié,dakar,58245.0,42337.0,24,2,8,76
45,33474.0,femme,25.8,23,807,5,célibataire,dakar,33557.0,40409.0,26,5,13,53
65,70718.0,femme,22.7,3,543,5,marié,dakar,80474.0,5004.0,54,3,19,70
74,59629.0,femme,19.3,11,719,4,marié,saint-louis,75667.0,9963.0,37,3,11,68
60,60232.0,femme,33.5,21,453,5,divorcé,kaolack,95513.0,13796.0,31,5,14,28
20,101544.0,homme,35.5,19,723,1,célibataire,saint-louis,75074.0,40972.0,30,1,11,71
70,65669.0,femme,22.2,17,572,4,divorcé,dakar,68204.0,7077.0,51,5,12,7
71,84184.0,homme,34.6,0,819,5,célibataire,dakar,35575.0,29848.0,26,2,8,53
48,28140.0,femme,25.3,29,427,4,divorcé,dakar,90263.0,12526.0,14,1,6,6
69,141468.0,homme,28.2,32,672,4,célibataire,saint-louis,86024.0,3261.0,27,3,0,82
16,98457.0,homme,36.5,23,458,0,célibataire,dakar,30069.0,17046.0,26,2,9,22
47,126672.0,femme,35.3,35,510,0,marié,dakar,34146.0,25269.0,16,4,14,31
62,83673.0,homme,19.3,4,746,5,marié,kaolack,16846.0,36158.0,34,4,14,61
64,136673.0,femme,17.7,10,466,3,divorcé,kaolack,50352.0,25757.0,46,3,8,44
26,80633.0,femme,37.4,23,759,1,divorcé,dakar,33694.0,15299.0,49,5,12,67
36,111111.0,femme,25.3,30,656,5,célibataire,saint-louis,31740.0,1902.0,49,1,0,29
41,93258.0,homme,22.9,12,603,0,célibataire,thiès,59438.0,49480.0,52,3,8,38
78,84286.0,femme,33.4,15,532,4,marié,thiès,40996.0,42399.0,18,2,2,4
40,108269.0,femme,36.1,23,626,5,marié,kaolack,73874.0,48330.0,28,2,8,66
37,89071.0,femme,36.7,12,481,4,marié,saint-louis,69682.0,46308.0,18,4,19,21
74,45651.0,homme,23.6,23,633,4,divorcé,thiès,54200.0,3846.0,32,1,14,27
42,85202.0,femme,36.5,25,328,4,marié,dakar,32970.0,12359.0,40,4,6,21
64,63777.0,homme,17.0,1,392,2,divorcé,dakar,20895.0,49376.0,41,2,3,85
28,82263.0,femme,17.2,15,629,3,marié,kaolack,48071.0,2520.0,40,2,19,97
48,115158.0,homme,31.0,37,483,1,marié,saint-louis,62268.0,40832.0,26,5,16,28
49,25800.0,femme,17.5,45,394,1,célibataire,saint-louis,32258.0,20098.0,57,5,3,42
56,52823.0,femme,23.8,0,652,0,divorcé,thiès,98890.0,39451.0,48,5,18,41
50,78878.0,homme,32.1,48,564,2,marié,thiès,67300.0,49962.0,31,4,4,59
78,33708.0,homme,24.1,10,318,5,célibataire,dakar,71915.0,23136.0,44,1,15,76
16,78870.0,homme,20.3,34,798,5,divorcé,kaolack,,35885.0,39,5,2,70
36,24283.0,femme,22.8,42,438,1,divorcé,saint-louis,85147.0,30720.0,49,3,10,73
63,93707.0,femme,27.0,28,824,3,marié,thiès,86064.0,21157.0,46,5,14,91
70,20774.0,femme,27.4,36,554,4,divorcé,thiès,76535.0,48372.0,35,4,18,67
21,111468.0,femme,34.8,16,384,0,célibataire,kaolack,13760.0,19674.0,15,1,13,58
43,111334.0,homme,34.0,38,757,3,célibataire,kaolack,46884.0,32357.0,43,5,15,95
32,33133.0,femme,27.0,41,831,1,divorcé,dakar,97477.0,12578.0,41,1,5,85
20,15781.0,femme,36.3,27,391,2,célibataire,kaolack,36022.0,2251.0,34,3,4,83
46,129586.0,femme,18.7,28,368,0,divorcé,dakar,64504.0,13513.0,22,2,16,83
20,42624.0,femme,22.1,42,336,1,célibataire,dakar,53130.0,37429.0,47,1,15,5
53,21823.0,femme,35.9,2,439,5,divorcé,kaolack,53881.0,27105.0,47,5,1,72
18,33489.0,femme,25.1,9,477,0,divorcé,kaolack,72399.0,46871.0,11,4,10,27
68,44118.0,femme,,41,436,1,divorcé,kaolack,46451.0,20990.0,14,4,3,76
38,115417.0,homme,27.2,13,489,5,célibataire,kaolack,61413.0,25499.0,20,4,5,30
52,96816.0,femme,35.0,11,641,5,divorcé,kaolack,72278.0,6421.0,20,4,6,38
68,28565.0,femme,25.7,46,304,4,divorcé,dakar,39639.0,24591.0,33,1,16,49
52,106179.0,femme,26.2,41,556,2,marié,thiès,44621.0,26979.0,23,4,7,77
25,38648.0,femme,25.2,29,542,4,marié,saint-louis,23079.0,20835.0,54,2,0,85
25,56971.0,homme,33.3,31,714,1,divorcé,saint-louis,16895.0,37693.0,39,3,14,36
34,33658.0,homme,29.1,31,642,3,marié,dakar,62142.0,12202.0,49,1,19,87
32,36253.0,homme,38.7,41,678,4,divorcé,dakar,22552.0,35414.0,56,1,11,71
36,103664.0,homme,22.0,31,445,3,marié,thiès,58821.0,25666.0,53,4,14,14
29,118850.0,homme,18.4,25,622,5,célibataire,kaolack,43630.0,19290.0,44,4,14,50
24,148623.0,homme,25.4,0,421,1,célibataire,dakar,80063.0,18130.0,30,1,8,69
61,86947.0,femme,,41,551,2,divorcé,saint-louis,22247.0,37077.0,14,4,15,22
16,76001.0,homme,36.7,1,610,3,divorcé,kaolack,27603.0,49600.0,47,4,1,24
66,137775.0,homme,24.3,16,774,1,célibataire,dakar,55564.0,19396.0,11,4,14,94
60,48243.0,femme,31.7,29,791,3,célibataire,kaolack,10527.0,17952.0,49,4,14,45
28,90939.0,homme,24.4,38,646,4,marié,saint-louis,66521.0,27122.0,46,4,6,92
19,72828.0,femme,30.8,6,786,1,divorcé,kaolack,78458.0,29381.0,58,5,12,22
77,21710.0,femme,37.2,26,772,4,célibataire,dakar,15849.0,45435.0,43,5,16,9
16,52991.0,homme,21.6,8,681,0,célibataire,dakar,60314.0,40078.0,20,5,10,72
64,100445.0,femme,25.7,21,579,1,divorcé,saint-louis,55724.0,23267.0,45,1,9,76
55,95257.0,homme,,33,371,3,marié,thiès,27230.0,47735.0,20,3,0,31
47,52711.0,homme,36.8,45,820,0,marié,thiès,82495.0,42007.0,18,1,13,50
49,21530.0,femme,29.6,48,665,4,marié,kaolack,52730.0,7088.0,15,5,4,40
43,26116.0,femme,28.4,0,393,4,marié,dakar,95203.0,31818.0,43,1,7,64
46,80794.0,homme,22.8,8,672,3,célibataire,dakar,13323.0,12822.0,56,3,0,64
23,146354.0,femme,28.4,19,638,0,divorcé,saint-louis,10445.0,36589.0,46,4,6,39
54,147970.0,femme,,18,736,5,divorcé,saint-louis,92945.0,1436.0,41,2,1,17
41,19135.0,homme,32.4,35,635,2,célibataire,dakar,19963.0,45665.0,21,5,6,35
73,124472.0,homme,23.0,39,791,3,célibataire,saint-louis,60511.0,27281.0,54,5,6,30
49,140147.0,femme,20.8,44,339,4,célibataire,thiès,25437.0,22481.0,41,3,8,53
69,104087.0,homme,22.4,3,658,1,divorcé,thiès,26855.0,30469.0,26,4,3,62
69,48380.0,homme,20.1,8,553,0,divorcé,kaolack,91947.0,18867.0,13,4,6,0
18,144951.0,homme,18.3,40,697,5,divorcé,saint-louis,20847.0,40487.0,51,2,19,51
74,32071.0,homme,26.1,21,469,2,marié,kaolack,13236.0,22766.0,42,4,17,99
65,35074.0,homme,18.7,17,810,1,célibataire,saint-louis,71897.0,29737.0,52,3,12,56
27,82843.0,homme,20.1,11,559,0,célibataire,saint-louis,23487.0,21213.0,57,4,10,8
16,54901.0,homme,29.1,41,758,5,célibataire,thiès,87384.0,28355.0,52,3,8,85
69,26205.0,femme,20.0,42,828,3,divorcé,dakar,72423.0,22537.0,18,5,13,91
59,139661.0,homme,17.5,38,640,5,célibataire,saint-louis,23155.0,2794.0,43,5,7,89
20,20906.0,femme,23.6,8,356,3,célibataire,saint-louis,21255.0,44296.0,48,5,13,73
45,148663.0,femme,21.3,5,517,0,marié,saint-louis,11979.0,32324.0,39,1,16,55
45,140576.0,femme,28.4,18,763,5,divorcé,dakar,31305.0,30858.0,59,5,13,46
74,77987.0,homme,18.5,47,546,2,célibataire,kaolack,84543.0,42850.0,29,3,4,2
72,95685.0,homme,34.0,46,672,5,divorcé,kaolack,45094.0,13018.0,48,2,9,1
32,125454.0,femme,37.7,6,716,0,divorcé,saint-louis,45098.0,17481.0,32,4,5,53
63,120487.0,homme,33.8,15,330,1,divorcé,saint-louis,99566.0,15584.0,50,5,9,36
78,69400.0,femme,28.8,4,667,1,marié,kaolack,43770.0,9850.0,53,1,10,55
62,46852.0,homme,36.7,15,407,5,divorcé,kaolack,19734.0,25701.0,44,1,5,30
38,67756.0,homme,32.7,0,717,5,divorcé,thiès,81984.0,41223.0,32,3,9,96
30,130357.0,femme,16.3,36,697,3,divorcé,saint-louis,49605.0,43952.0,57,2,13,95
52,134052.0,femme,25.5,38,571,0,célibataire,kaolack,87932.0,45975.0,48,5,19,11
36,71481.0,femme,36.4,18,415,3,marié,thiès,65619.0,160.0,32,5,2,57
29,16283.0,homme,24.3,36,555,2,célibataire,dakar,37881.0,25832.0,46,1,6,66
17,48691.0,femme,16.8,16,380,1,marié,saint-louis,73401.0,31210.0,32,3,1,25
26,147197.0,homme,33.9,25,427,4,marié,kaolack,41177.0,22290.0,48,1,6,77
66,41170.0,homme,35.2,21,534,4,divorcé,saint-louis,50122.0,29441.0,37,1,16,11
54,23438.0,homme,19.9,7,480,0,divorcé,thiès,45297.0,24886.0,28,2,12,89
53,35095.0,femme,28.9,32,456,0,célibataire,kaolack,46680.0,32394.0,58,3,8,15
79,24752.0,femme,20.6,1,753,4,marié,dakar,93452.0,8418.0,57,2,12,52
75,70426.0,femme,33.3,29,323,0,divorcé,dakar,61044.0,7081.0,39,3,14,71
49,41819.0,homme,22.5,46,772,1,divorcé,thiès,54084.0,37180.0,30,5,12,48
53,107051.0,homme,23.6,19,699,2,divorcé,dakar,44189.0,10114.0,33,4,16,48
65,47994.0,femme,36.3,17,433,2,divorcé,dakar,23510.0,18722.0,30,4,7,91
33,110665.0,homme,32.1,9,512,1,célibataire,dakar,94738.0,17985.0,59,4,8,14
45,146717.0,femme,25.7,23,781,0,divorcé,dakar,36445.0,5888.0,45,1,7,35
30,96835.0,femme,23.2,3,647,0,divorcé,dakar,86688.0,3718.0,35,5,15,71
42,137232.0,femme,31.0,36,465,3,divorcé,dakar,81153.0,32147.0,42,5,19,73
66,58732.0,homme,19.7,3,647,3,divorcé,kaolack,11195.0,43382.0,45,4,6,14
78,61305.0,homme,25.0,12,697,0,divorcé,dakar,69949.0,18309.0,13,3,16,61
49,24346.0,homme,21.0,24,734,0,marié,kaolack,35433.0,19299.0,18,1,6,17
67,15587.0,homme,32.7,12,520,1,marié,saint-louis,15305.0,41211.0,17,3,5,45
72,27763.0,homme,38.7,17,607,3,marié,thiès,68860.0,22036.0,11,4,4,60
53,84615.0,femme,39.9,23,765,1,marié,dakar,83613.0,19885.0,38,5,16,42
48,135987.0,homme,26.8,1,398,5,divorcé,thiès,58648.0,29346.0,32,5,7,43
39,106353.0,homme,22.1,47,541,0,marié,dakar,73090.0,47971.0,15,3,0,98
30,110648.0,homme,26.6,32,457,4,marié,kaolack,52113.0,49137.0,52,2,15,65
75,40556.0,femme,36.3,18,526,4,célibataire,dakar,52642.0,26691.0,45,3,16,54
45,74042.0,femme,20.9,8,722,5,marié,saint-louis,43062.0,40042.0,55,2,2,85
70,33099.0,femme,38.9,27,371,0,marié,thiès,81633.0,48527.0,30,3,12,78
57,124089.0,homme,24.2,34,542,3,divorcé,thiès,51604.0,17986.0,31,2,7,38
66,48866.0,femme,39.7,38,829,4,marié,saint-louis,16678.0,27846.0,18,2,15,99
32,120400.0,femme,36.1,9,344,3,marié,kaolack,42121.0,49665.0,43,2,6,4
20,99246.0,femme,35.4,0,771,4,divorcé,kaolack,58503.0,47872.0,35,2,14,56
44,91975.0,homme,23.6,41,670,3,marié,saint-louis,96940.0,41401.0,10,1,1,14
19,96557.0,femme,16.2,20,391,4,divorcé,thiès,,8192.0,45,2,1,90
25,87516.0,homme,25.2,8,321,3,marié,dakar,26494.0,39269.0,53,2,9,15
71,47602.0,homme,23.2,46,471,5,célibataire,kaolack,54185.0,38487.0,14,5,4,56
32,144295.0,femme,16.9,14,491,1,célibataire,dakar,19678.0,9412.0,50,1,3,99
25,102969.0,homme,28.1,34,376,3,marié,thiès,47632.0,15963.0,31,2,14,81
32,147161.0,femme,25.7,4,580,1,célibataire,dakar,56235.0,33623.0,13,4,12,98
75,15155.0,homme,31.2,40,663,1,divorcé,saint-louis,,1017.0,57,1,16,24
35,138950.0,femme,30.9,21,478,0,marié,kaolack,91213.0,5279.0,11,5,0,21
20,91229.0,femme,39.4,22,434,1,célibataire,saint-louis,,7712.0,25,5,14,33
49,119648.0,homme,20.5,6,579,2,divorcé,saint-louis,26489.0,15817.0,31,5,13,86
21,53547.0,femme,26.7,22,318,1,célibataire,kaolack,87281.0,28080.0,52,1,8,15
68,43795.0,homme,27.7,43,670,3,célibataire,kaolack,15818.0,6624.0,10,1,11,69
17,36447.0,femme,35.5,24,411,1,célibataire,kaolack,43149.0,29126.0,24,4,4,58
28,102960.0,homme,18.4,26,520,3,divorcé,thiès,37312.0,16579.0,33,4,1,14
77,78278.0,homme,26.3,40,603,3,célibataire,thiès,47124.0,15131.0,13,1,6,81
58,70077.0,femme,31.1,5,624,2,marié,thiès,11316.0,37462.0,27,1,8,12
58,127782.0,femme,,33,736,1,célibataire,dakar,80990.0,46815.0,26,1,17,23
63,117932.0,femme,31.1,8,737,1,marié,thiès,70046.0,37419.0,16,3,3,12
26,124869.0,femme,38.2,48,469,4,marié,kaolack,88643.0,23375.0,59,5,1,64
66,63781.0,femme,39.9,32,674,4,marié,thiès,79610.0,26093.0,54,4,0,35
62,68798.0,homme,16.8,5,680,0,marié,kaolack,96724.0,45494.0,19,4,11,48
72,113696.0,femme,21.7,36,313,3,divorcé,saint-louis,74042.0,32525.0,10,2,12,81
38,65939.0,femme,23.4,30,799,2,marié,dakar,33102.0,29030.0,11,3,13,47
70,44516.0,homme,25.6,33,690,4,célibataire,dakar,41957.0,44067.0,58,1,4,96
31,65290.0,femme,21.8,40,848,1,marié,saint-louis,22872.0,5207.0,31,1,2,42
46,141688.0,femme,20.9,28,829,0,célibataire,kaolack,60094.0,10897.0,41,3,3,5
26,101661.0,homme,38.9,13,791,2,divorcé,dakar,57719.0,26639.0,38,4,16,80
69,87954.0,femme,,35,849,5,marié,thiès,83885.0,2792.0,44,1,18,67
31,37746.0,femme,17.1,35,684,1,célibataire,kaolack,29693.0,420.0,26,2,10,13
23,82990.0,femme,24.1,14,495,1,divorcé,dakar,,29224.0,21,4,7,29
19,73810.0,homme,25.7,7,599,5,divorcé,saint-louis,53677.0,19198.0,33,5,11,83
55,133362.0,femme,21.7,25,846,3,célibataire,kaolack,70012.0,35608.0,39,3,17,7
19,148669.0,homme,31.1,35,607,3,marié,dakar,20760.0,46205.0,53,4,17,53
71,17659.0,femme,31.4,47,551,4,divorcé,saint-louis,21584.0,17415.0,39,5,8,65
40,101516.0,homme,36.4,20,307,4,célibataire,kaolack,12106.0,40407.0,29,2,4,3
18,89567.0,femme,33.8,27,507,1,marié,thiès,23669.0,17875.0,51,3,16,73
47,30037.0,homme,29.0,3,430,1,divorcé,kaolack,35223.0,4975.0,16,1,12,83
18,141498.0,homme,31.7,15,325,4,célibataire,thiès,70666.0,26461.0,51,1,5,59
42,27109.0,homme,22.6,21,753,5,divorcé,kaolack,45706.0,21331.0,59,5,13,52
44,37010.0,homme,30.2,11,485,4,divorcé,saint-louis,78019.0,16893.0,47,4,14,98
47,23787.0,homme,27.7,15,783,1,célibataire,thiès,71585.0,18243.0,16,2,13,73
65,76709.0,homme,19.2,39,350,2,divorcé,thiès,37482.0,15535.0,58,5,3,91
76,49518.0,femme,21.8,37,304,1,célibataire,kaolack,70369.0,5061.0,39,2,17,14
73,68909.0,femme,23.0,41,459,2,marié,dakar,44143.0,1858.0,21,2,0,99
66,33351.0,homme,38.2,36,507,2,célibataire,thiès,34240.0,25489.0,58,2,11,0
34,30282.0,homme,21.5,28,556,1,marié,kaolack,20015.0,13678.0,40,3,8,21
36,20075.0,homme,22.9,17,504,0,divorcé,saint-louis,,34833.0,27,5,9,90
20,43365.0,homme,24.9,9,310,4,célibataire,kaolack,73023.0,47159.0,55,3,17,92
33,26002.0,femme,31.9,41,307,3,célibataire,kaolack,61500.0,19350.0,52,4,16,14
43,28947.0,homme,18.8,38,708,1,célibataire,thiès,73925.0,13346.0,11,4,18,73
57,109840.0,femme,38.9,17,331,2,célibataire,dakar,90596.0,48005.0,42,1,3,83
76,131219.0,femme,36.8,0,839,1,marié,saint-louis,59631.0,6773.0,20,1,15,21
37,93610.0,homme,29.9,38,686,4,marié,thiès,86190.0,29465.0,43,1,6,49
36,67142.0,homme,32.2,20,527,5,divorcé,thiès,73652.0,9788.0,25,4,8,47
21,71307.0,femme,16.4,0,774,2,divorcé,thiès,61087.0,32343.0,44,2,7,72
16,65085.0,femme,24.1,14,506,3,divorcé,saint-louis,89789.0,46862.0,42,2,6,50
20,49228.0,homme,35.1,3,617,3,divorcé,dakar,64909.0,37210.0,30,5,9,95
56,58472.0,homme,17.9,19,647,3,célibataire,saint-louis,21565.0,9247.0,29,4,7,16
27,64437.0,homme,22.8,9,533,5,marié,saint-louis,37597.0,45963.0,17,1,16,82
41,74711.0,femme,30.0,22,343,0,marié,dakar,75623.0,41983.0,35,4,11,90
61,92175.0,femme,22.2,40,441,2,marié,saint-louis,19432.0,35972.0,42,2,13,50
49,79307.0,homme,38.4,33,475,5,marié,kaolack,84300.0,16959.0,35,2,11,36
64,61733.0,femme,19.1,45,748,2,divorcé,saint-louis,75714.0,49350.0,46,3,1,97
29,143202.0,femme,35.1,47,381,5,célibataire,thiès,59314.0,23807.0,39,3,11,48
41,110028.0,homme,28.2,32,434,5,marié,saint-louis,51965.0,34133.0,40,5,13,58
60,107493.0,homme,,33,476,0,célibataire,thiès,94268.0,24218.0,42,4,6,9
42,140149.0,femme,23.5,38,682,2,célibataire,saint-louis,77957.0,21734.0,20,3,12,29
24,23259.0,femme,28.3,9,542,5,célibataire,thiès,53715.0,22828.0,50,3,3,84
41,143775.0,homme,36.6,19,440,0,célibataire,thiès,63450.0,17400.0,14,4,0,20
72,29849.0,homme,27.2,0,756,1,marié,thiès,96062.0,20002.0,11,2,16,33
72,121108.0,homme,28.9,0,355,5,marié,saint-louis,38317.0,36492.0,27,5,16,97
37,104709.0,homme,33.2,4,826,3,divorcé,saint-louis,76753.0,32217.0,35,5,7,49
62,69869.0,femme,26.6,15,718,0,marié,kaolack,45242.0,36226.0,34,3,2,75
71,141888.0,femme,38.5,14,387,0,divorcé,kaolack,10929.0,27932.0,53,2,9,46
45,78095.0,femme,23.1,48,307,5,divorcé,kaolack,23580.0,43327.0,23,5,1,84
58,132886.0,femme,27.4,27,776,0,divorcé,saint-louis,30742.0,30875.0,14,4,3,83
78,85910.0,homme,34.2,30,514,1,marié,dakar,27833.0,25046.0,51,5,13,5
76,50292.0,homme,36.7,47,802,4,marié,saint-louis,84155.0,24453.0,13,2,13,99
32,89813.0,femme,39.9,44,544,4,divorcé,dakar,99791.0,4746.0,21,1,12,62
41,112136.0,femme,26.2,42,777,3,divorcé,dakar,23527.0,23973.0,20,2,3,11
51,66631.0,femme,18.7,16,608,1,célibataire,saint-louis,68139.0,13217.0,13,4,1,40
16,24885.0,homme,16.7,48,530,4,divorcé,thiès,79585.0,23362.0,52,3,1,30
23,81314.0,femme,33.4,33,682,5,divorcé,dakar,51057.0,41835.0,18,3,10,1
64,80087.0,homme,37.0,12,454,2,marié,saint-louis,77439.0,9133.0,19,2,4,15
50,110998.0,homme,21.3,13,474,2,célibataire,thiès,54261.0,35809.0,36,5,8,0
76,64812.0,homme,19.8,10,414,2,célibataire,kaolack,80912.0,40533.0,15,1,19,3
67,73643.0,homme,17.5,27,689,5,célibataire,dakar,10042.0,5404.0,24,4,16,46
30,59900.0,homme,35.7,41,610,0,marié,dakar,32769.0,33339.0,51,5,11,64
62,31288.0,homme,23.5,31,599,5,célibataire,saint-louis,77113.0,28725.0,40,3,17,51
78,87692.0,femme,25.6,34,317,0,célibataire,saint-louis,87918.0,8796.0,31,5,2,46
71,100436.0,homme,28.1,30,311,2,marié,thiès,32449.0,45380.0,15,1,4,98
37,61403.0,homme,36.1,16,703,3,célibataire,kaolack,48653.0,48073.0,42,3,19,76
29,106170.0,femme,31.6,46,531,3,divorcé,kaolack,38859.0,21364.0,38,2,13,49
41,24168.0,homme,30.8,8,577,0,divorcé,saint-louis,,41341.0,30,4,15,44
43,64879.0,femme,20.2,9,652,2,divorcé,saint-louis,55874.0,1236.0,39,4,18,41
38,74871.0,femme,28.3,7,602,5,divorcé,thiès,87199.0,2380.0,30,3,8,94
29,47174.0,femme,33.2,20,840,3,divorcé,saint-louis,46345.0,39945.0,45,2,16,83
39,125155.0,homme,39.4,12,769,0,divorcé,thiès,80780.0,14538.0,31,1,6,55
17,86853.0,homme,20.8,49,376,5,divorcé,thiès,79428.0,11971.0,55,4,9,70
60,79046.0,femme,16.2,4,820,2,divorcé,kaolack,14321.0,43065.0,29,3,3,56
41,64678.0,homme,17.8,5,323,1,divorcé,thiès,15776.0,34285.0,31,4,9,32
29,41649.0,homme,25.0,29,314,2,marié,kaolack,26119.0,17917.0,49,2,2,27
74,142795.0,femme,35.7,30,824,2,marié,kaolack,40569.0,38655.0,20,1,8,43
71,103668.0,femme,16.2,16,646,5,divorcé,kaolack,48596.0,11486.0,56,2,12,55
66,104906.0,homme,27.0,10,471,5,marié,saint-louis,62967.0,37410.0,40,5,0,43
22,111019.0,femme,23.9,19,626,4,marié,kaolack,43063.0,25446.0,49,2,14,83
18,93002.0,femme,17.3,47,784,4,divorcé,thiès,32340.0,21703.0,22,2,14,95
62,43803.0,femme,26.8,8,788,5,divorcé,saint-louis,85723.0,44191.0,27,4,10,72
38,45795.0,homme,22.1,1,761,5,marié,thiès,65430.0,11399.0,31,2,9,33
61,23770.0,homme,24.4,36,677,1,divorcé,saint-louis,16668.0,38829.0,26,3,6,13
58,26093.0,homme,32.9,0,463,1,divorcé,thiès,90880.0,12685.0,47,4,0,67
62,146265.0,femme,28.5,3,671,2,divorcé,dakar,18195.0,22241.0,34,4,6,28
75,115311.0,homme,19.0,35,723,3,divorcé,dakar,92097.0,4487.0,41,5,4,78
60,32569.0,femme,39.1,24,776,1,marié,dakar,67995.0,12018.0,24,3,15,16
33,26190.0,homme,31.3,2,681,2,célibataire,thiès,97834.0,30825.0,22,2,7,82
73,77824.0,homme,34.4,8,454,0,marié,saint-louis,48250.0,7750.0,35,5,1,8
53,57070.0,femme,17.9,21,556,4,célibataire,kaolack,26076.0,17684.0,59,3,7,26
50,55197.0,homme,17.1,22,367,3,célibataire,kaolack,25376.0,43118.0,20,5,13,48
66,17261.0,femme,16.5,11,643,2,célibataire,thiès,65839.0,14410.0,22,1,3,78
30,101795.0,homme,20.5,9,576,5,marié,thiès,74723.0,15105.0,42,2,14,36
79,43933.0,homme,25.9,33,690,0,marié,thiès,53442.0,18913.0,59,5,6,27
40,55583.0,femme,38.5,42,748,4,marié,thiès,,36028.0,46,1,19,49
70,127082.0,femme,27.0,9,558,0,marié,kaolack,37106.0,49515.0,47,2,7,54
52,100371.0,femme,23.0,29,606,2,marié,saint-louis,,47342.0,10,5,10,3
43,126032.0,homme,29.5,21,394,1,célibataire,kaolack,34809.0,46480.0,48,5,1,84
25,57604.0,homme,18.7,5,763,4,marié,thiès,10693.0,49997.0,36,5,8,97
54,110074.0,homme,30.6,49,545,0,célibataire,dakar,69821.0,17711.0,45,5,5,18
72,88869.0,femme,29.6,1,486,1,marié,kaolack,84159.0,24967.0,41,4,0,36
32,20410.0,femme,35.0,29,672,3,marié,dakar,84710.0,36023.0,50,5,2,3
54,98375.0,femme,39.7,1,705,2,divorcé,dakar,21352.0,36005.0,24,4,9,36
37,111055.0,homme,22.0,31,707,2,célibataire,thiès,62196.0,26622.0,40,4,4,50
41,101716.0,homme,28.2,41,424,4,marié,kaolack,81066.0,45201.0,15,1,11,31
77,69245.0,femme,37.8,15,636,0,marié,saint-louis,14992.0,9497.0,34,2,0,44
59,58056.0,homme,,11,640,3,marié,kaolack,63076.0,16350.0,58,4,8,11
40,73557.0,femme,27.7,0,477,5,divorcé,saint-louis,33354.0,48709.0,27,3,12,40
32,32543.0,homme,38.7,7,469,4,célibataire,saint-louis,13312.0,22696.0,31,4,18,55
28,111038.0,homme,17.4,47,338,5,marié,thiès,55833.0,27470.0,40,3,6,79
35,18828.0,femme,38.3,49,368,4,marié,saint-louis,14318.0,30889.0,45,1,15,13
40,131656.0,homme,17.2,12,535,0,marié,kaolack,76003.0,10224.0,18,3,7,53
19,32087.0,homme,29.1,14,680,3,divorcé,kaolack,37192.0,41724.0,55,1,18,62
25,46337.0,femme,37.4,43,356,0,marié,dakar,99199.0,5465.0,12,1,6,64
18,80333.0,femme,22.3,7,576,2,célibataire,saint-louis,47489.0,16882.0,42,1,3,57
56,85448.0,homme,27.3,9,398,5,célibataire,thiès,50309.0,32203.0,36,3,9,95
60,19648.0,femme,23.8,45,826,1,célibataire,thiès,38273.0,27944.0,52,3,0,20
33,145576.0,homme,38.9,4,624,2,célibataire,kaolack,57553.0,29837.0,10,1,16,3
62,48623.0,femme,35.8,49,760,2,marié,saint-louis,39473.0,2944.0,53,1,12,72
51,50634.0,homme,33.0,18,478,5,divorcé,thiès,71410.0,24336.0,18,2,18,45
62,129598.0,homme,30.1,46,418,4,divorcé,saint-louis,23679.0,38624.0,14,1,12,85
37,64334.0,femme,35.7,37,768,2,divorcé,saint-louis,55310.0,44764.0,24,5,8,11
49,83648.0,homme,25.4,10,848,3,marié,dakar,93406.0,31796.0,59,2,4,29
62,37054.0,homme,26.7,42,754,2,divorcé,thiès,70683.0,28789.0,18,2,0,93
55,37207.0,femme,24.6,19,789,0,marié,thiès,39433.0,24222.0,37,5,10,59
64,96554.0,homme,17.5,20,307,4,divorcé,saint-louis,86574.0,38845.0,22,2,3,99
59,98276.0,femme,17.8,17,815,3,célibataire,thiès,35933.0,135.0,33,2,8,70
34,67781.0,femme,18.8,49,832,2,célibataire,kaolack,55020.0,15773.0,54,3,4,80
57,76035.0,homme,36.9,9,448,4,marié,saint-louis,39236.0,42060.0,19,3,4,64
56,23210.0,homme,27.3,33,787,4,marié,thiès,68735.0,26447.0,51,1,7,13
52,59363.0,femme,33.1,25,324,3,divorcé,dakar,19770.0,4033.0,31,1,1,43
21,93279.0,femme,25.4,29,724,3,divorcé,dakar,79285.0,20497.0,48,4,6,25
67,149393.0,femme,22.2,8,592,1,divorcé,saint-louis,45271.0,14178.0,31,5,16,90
41,96348.0,homme,24.3,45,484,1,marié,dakar,83391.0,6546.0,46,3,10,15
79,128816.0,homme,35.1,30,730,4,divorcé,saint-louis,33439.0,8396.0,48,1,14,6
49,138053.0,homme,31.0,41,616,5,divorcé,saint-louis,21101.0,20978.0,29,5,2,31
74,81262.0,homme,38.5,3,697,5,célibataire,saint-louis,92319.0,43331.0,19,2,12,88
71,149832.0,homme,32.3,5,623,1,célibataire,thiès,,12882.0,19,5,17,94
74,82411.0,homme,29.7,13,845,2,célibataire,saint-louis,93459.0,16945.0,35,3,19,15
60,38377.0,homme,30.6,3,375,0,divorcé,dakar,90562.0,21784.0,34,4,19,77
21,53211.0,femme,38.6,25,785,4,marié,kaolack,51196.0,3314.0,37,3,2,88
52,18744.0,femme,34.9,46,387,0,célibataire,thiès,33569.0,18595.0,22,1,1,61
72,39995.0,homme,16.6,47,531,1,marié,dakar,51887.0,18755.0,24,1,4,29
48,49542.0,homme,28.8,38,306,3,divorcé,saint-louis,30893.0,32311.0,15,5,19,70
68,25651.0,homme,32.5,16,849,4,divorcé,saint-louis,97971.0,45695.0,21,3,4,11
37,114239.0,femme,34.0,18,351,1,célibataire,kaolack,65304.0,30598.0,28,1,12,66
36,93931.0,homme,21.1,48,695,2,marié,dakar,42399.0,35449.0,41,2,7,90
21,117112.0,femme,36.8,5,520,4,célibataire,thiès,35236.0,35574.0,20,2,15,45
21,31715.0,femme,38.9,28,727,4,divorcé,dakar,95870.0,44729.0,47,4,17,82
70,76350.0,femme,21.7,10,442,5,marié,saint-louis,59531.0,18639.0,42,5,15,42
63,86425.0,femme,,15,662,3,célibataire,thiès,90570.0,45370.0,11,1,0,54
19,101120.0,femme,18.3,29,681,4,divorcé,saint-louis,19442.0,31023.0,24,4,7,44
45,129889.0,homme,17.3,24,576,3,célibataire,saint-louis,66437.0,9092.0,45,2,1,59
26,89637.0,homme,19.1,39,570,1,marié,dakar,70342.0,6382.0,14,4,4,70
77,85194.0,femme,17.4,10,313,2,marié,kaolack,88179.0,42710.0,24,4,14,79
77,91917.0,homme,36.3,6,597,2,marié,saint-louis,45069.0,3159.0,52,1,13,31
45,79200.0,femme,17.4,25,763,4,marié,dakar,83246.0,5656.0,19,1,2,7
46,120848.0,femme,22.5,21,826,4,marié,thiès,48560.0,1452.0,26,1,6,76
39,121022.0,homme,18.5,24,533,1,célibataire,kaolack,68070.0,42203.0,43,5,3,61
70,75058.0,homme,23.1,18,326,5,célibataire,saint-louis,52427.0,18706.0,33,4,10,74
70,114932.0,homme,32.0,25,392,5,célibataire,thiès,74557.0,10219.0,39,5,14,17
18,37785.0,homme,19.2,41,608,3,divorcé,dakar,82752.0,23481.0,12,2,5,5
66,109475.0,femme,36.4,40,351,5,divorcé,saint-louis,87248.0,34536.0,46,3,0,83
46,17282.0,homme,35.6,35,618,2,célibataire,thiès,80441.0,6096.0,12,2,17,95
55,82534.0,homme,16.3,22,480,3,divorcé,saint-louis,58534.0,37953.0,49,5,13,28
52,89964.0,homme,37.5,46,419,1,divorcé,dakar,37930.0,11855.0,14,4,6,3
51,134006.0,femme,16.7,12,342,2,marié,kaolack,99042.0,43262.0,37,4,9,70
39,65583.0,homme,21.8,24,559,2,célibataire,dakar,17288.0,14460.0,53,1,8,42
46,53392.0,femme,16.8,1,496,0,divorcé,dakar,91122.0,33937.0,23,1,1,83
21,22461.0,homme,24.1,1,554,1,divorcé,dakar,71518.0,21094.0,48,4,7,33
17,115123.0,homme,28.3,15,635,1,célibataire,thiès,42400.0,39358.0,20,4,0,99
35,25516.0,femme,35.1,8,801,0,marié,saint-louis,11567.0,49538.0,17,1,19,70
43,136251.0,homme,24.1,27,554,3,célibataire,kaolack,57878.0,27924.0,46,1,1,32
26,77493.0,homme,32.9,12,813,5,marié,thiès,58850.0,17789.0,17,2,6,14
19,51027.0,femme,20.5,34,541,5,divorcé,dakar,11094.0,123.0,21,4,15,95
30,108547.0,homme,34.0,40,448,5,marié,kaolack,21135.0,48394.0,24,4,3,85
21,115127.0,femme,21.7,12,598,5,marié,dakar,89044.0,5909.0,28,5,16,39
69,94003.0,femme,19.4,30,752,5,célibataire,dakar,55113.0,31854.0,57,2,3,92
64,54758.0,femme,20.4,20,692,0,divorcé,dakar,68791.0,3896.0,55,3,2,88
45,69312.0,femme,20.4,31,511,1,célibataire,kaolack,19684.0,40834.0,37,3,8,4
71,83670.0,femme,28.3,33,837,3,célibataire,saint-louis,81727.0,42141.0,16,3,14,77
53,97279.0,homme,36.3,7,430,2,divorcé,dakar,93378.0,17111.0,49,1,19,49
66,30434.0,homme,17.9,40,628,5,célibataire,saint-louis,68552.0,7039.0,16,3,2,98
77,90769.0,homme,33.0,47,555,0,célibataire,kaolack,18046.0,44844.0,39,5,11,65
72,81677.0,femme,31.7,1,778,3,marié,kaolack,14934.0,24099.0,27,1,14,88
17,98555.0,femme,36.9,37,362,3,célibataire,dakar,69556.0,3670.0,33,1,19,53
30,143379.0,femme,21.9,31,610,3,divorcé,saint-louis,56806.0,43335.0,15,3,7,79
26,116665.0,femme,26.8,39,706,0,célibataire,saint-louis,11354.0,15029.0,13,1,11,45
23,83803.0,homme,38.2,27,404,2,marié,dakar,63046.0,31811.0,12,2,12,79
41,106703.0,homme,31.8,36,314,5,célibataire,thiès,75064.0,15793.0,58,2,14,10
66,36312.0,femme,25.3,40,558,3,célibataire,thiès,67184.0,41318.0,56,3,10,48
60,132961.0,femme,19.2,0,711,0,célibataire,kaolack,12963.0,48106.0,15,5,16,98
59,55379.0,homme,22.3,40,558,1,marié,kaolack,37424.0,20126.0,35,1,11,22
20,32297.0,femme,29.9,9,559,0,divorcé,thiès,90039.0,19228.0,53,4,19,54
21,17011.0,femme,33.2,3,344,0,divorcé,thiès,13042.0,18595.0,47,3,17,4
41,135234.0,femme,19.0,34,630,0,marié,thiès,,972.0,20,1,15,63
69,59014.0,homme,30.4,9,464,3,marié,dakar,21226.0,360.0,38,3,2,34
19,109333.0,homme,29.2,46,492,0,célibataire,dakar,90298.0,2632.0,29,3,8,92
34,26120.0,femme,28.3,10,820,1,divorcé,dakar,93652.0,35958.0,19,5,6,68
35,37852.0,homme,32.6,13,700,3,marié,dakar,48108.0,37716.0,35,4,18,53
48,94239.0,femme,36.1,37,673,1,divorcé,dakar,80647.0,15346.0,57,1,4,2
35,147001.0,femme,23.8,11,364,4,célibataire,dakar,78617.0,48322.0,36,3,18,5
64,106575.0,homme,37.3,44,686,0,marié,kaolack,39815.0,18008.0,59,3,9,86
27,110040.0,femme,19.9,16,794,5,divorcé,saint-louis,17802.0,12120.0,23,1,19,55
62,20744.0,femme,20.2,15,714,5,divorcé,kaolack,52230.0,30283.0,45,3,11,1
16,57359.0,homme,22.4,34,329,3,célibataire,saint-louis,73372.0,7818.0,21,3,7,81
41,113746.0,femme,18.9,1,565,5,marié,kaolack,64020.0,5119.0,32,3,2,93
29,135906.0,femme,21.5,10,627,3,divorcé,kaolack,93449.0,30579.0,30,2,18,37
79,22597.0,femme,18.6,40,791,0,célibataire,dakar,27465.0,45721.0,17,2,10,55
53,62093.0,homme,35.7,2,516,2,divorcé,dakar,17994.0,47668.0,48,4,7,4
52,129650.0,femme,19.3,28,619,2,célibataire,saint-louis,13531.0,29837.0,18,5,12,45
77,135956.0,homme,33.9,17,698,1,divorcé,saint-louis,19343.0,975.0,33,1,9,10
26,130598.0,femme,17.1,19,404,0,divorcé,dakar,69066.0,16265.0,40,5,17,64
78,148241.0,femme,38.8,46,629,5,célibataire,kaolack,16229.0,4318.0,34,5,11,9
51,23036.0,femme,33.1,13,346,0,marié,saint-louis,92124.0,35081.0,26,2,6,40
28,46778.0,femme,16.2,33,613,4,célibataire,thiès,98704.0,49939.0,51,4,10,43
58,33800.0,homme,34.3,48,446,2,marié,thiès,54789.0,41515.0,38,5,9,89
18,40372.0,homme,28.3,30,761,5,divorcé,thiès,54069.0,43069.0,12,5,2,32
48,76516.0,femme,34.7,39,785,2,divorcé,saint-louis,97402.0,47816.0,30,3,6,90
21,35538.0,femme,28.5,41,709,0,célibataire,dakar,19524.0,13134.0,17,1,3,55
65,78918.0,femme,31.4,17,326,5,célibataire,dakar,98074.0,39432.0,23,4,7,11
71,86155.0,femme,34.9,29,328,1,marié,dakar,96762.0,46150.0,48,1,7,1
25,74500.0,femme,25.7,24,570,0,marié,saint-louis,73103.0,10841.0,25,2,5,0
20,125659.0,femme,16.1,18,800,1,marié,saint-louis,18103.0,26135.0,27,5,12,64
38,42716.0,femme,36.4,7,552,5,célibataire,thiès,68581.0,12427.0,40,5,11,32
25,149308.0,femme,25.1,27,684,2,divorcé,saint-louis,93938.0,40251.0,20,1,2,85
59,17352.0,homme,27.9,7,359,4,célibataire,thiès,64203.0,34131.0,47,2,5,75
17,148004.0,homme,16.2,30,406,3,divorcé,thiès,25090.0,36727.0,29,3,18,35
28,91449.0,homme,27.8,2,519,2,célibataire,dakar,25915.0,25165.0,55,3,10,20
55,23556.0,femme,39.7,2,740,1,célibataire,saint-louis,51477.0,1749.0,54,5,3,83
17,101836.0,femme,22.7,43,845,0,marié,dakar,66987.0,33308.0,13,5,14,35
35,65098.0,femme,25.5,21,395,5,divorcé,dakar,63238.0,7634.0,29,4,1,25
16,127169.0,homme,32.5,16,388,2,célibataire,saint-louis,97047.0,10614.0,40,1,14,46
78,141060.0,femme,35.6,35,530,4,célibataire,saint-louis,25029.0,24866.0,29,5,16,94
52,145544.0,homme,26.0,16,574,5,divorcé,kaolack,99067.0,10282.0,20,2,1,0
24,15340.0,femme,23.4,13,545,1,célibataire,thiès,63520.0,20319.0,59,1,6,37
32,97302.0,homme,38.5,8,410,5,divorcé,kaolack,80053.0,36726.0,10,4,15,13
24,15138.0,homme,32.3,29,533,5,marié,thiès,61464.0,15412.0,53,3,4,89
26,146430.0,homme,18.9,20,577,0,marié,thiès,31961.0,36627.0,27,4,15,45
30,134619.0,femme,17.7,11,776,3,divorcé,thiès,36835.0,8050.0,48,1,18,41
39,100376.0,homme,27.6,36,716,1,marié,dakar,37725.0,24583.0,53,3,1,6
53,114931.0,femme,21.3,31,427,0,divorcé,dakar,35357.0,18041.0,42,2,14,54
70,96532.0,femme,22.1,10,536,3,célibataire,saint-louis,11244.0,6185.0,45,3,3,55
50,70778.0,femme,37.1,19,427,0,célibataire,thiès,,20812.0,27,3,1,75
45,52772.0,femme,18.1,34,693,3,divorcé,thiès,58061.0,25832.0,56,2,9,62
46,73478.0,femme,33.2,46,774,3,célibataire,thiès,16490.0,17423.0,40,5,4,23
64,41762.0,homme,22.5,45,694,3,marié,dakar,87219.0,47156.0,44,5,17,82
20,70568.0,femme,34.2,10,410,0,célibataire,saint-louis,15839.0,41644.0,48,3,3,72
77,100090.0,femme,33.3,7,389,5,célibataire,dakar,34992.0,36786.0,47,3,0,98
75,35219.0,femme,16.2,3,579,3,divorcé,kaolack,54938.0,29665.0,24,4,17,3
59,72169.0,femme,28.2,26,632,5,marié,kaolack,66249.0,9989.0,56,5,19,41
65,89965.0,femme,19.3,43,523,1,célibataire,kaolack,54735.0,18208.0,15,2,5,95
29,99754.0,homme,,39,400,4,célibataire,saint-louis,60734.0,23054.0,17,3,19,69
68,92988.0,homme,36.9,37,431,5,divorcé,kaolack,57080.0,30477.0,49,3,19,27
71,147379.0,femme,26.0,46,312,4,divorcé,saint-louis,84460.0,30374.0,31,4,13,91
26,95388.0,homme,26.7,29,756,3,marié,dakar,91457.0,41220.0,10,4,9,39
24,105768.0,homme,23.3,43,740,4,célibataire,dakar,34260.0,3571.0,22,4,17,50
49,50428.0,femme,33.2,47,397,4,divorcé,saint-louis,69607.0,19576.0,33,1,8,28
27,107021.0,homme,24.6,47,419,3,divorcé,dakar,71852.0,9680.0,30,2,11,41
50,133418.0,femme,22.4,26,592,5,divorcé,dakar,38380.0,25706.0,54,1,9,68
50,147212.0,homme,26.4,20,300,3,marié,saint-louis,94347.0,14318.0,52,3,18,4
16,41421.0,homme,18.2,19,549,1,divorcé,kaolack,81257.0,20659.0,13,4,5,40
79,149702.0,femme,16.3,10,694,0,marié,thiès,14930.0,5029.0,21,4,7,54
37,91021.0,homme,31.5,12,343,3,célibataire,dakar,14353.0,48436.0,22,5,13,27
75,59789.0,homme,20.4,8,343,3,célibataire,saint-louis,17832.0,2774.0,53,2,10,40
79,41086.0,femme,21.6,3,377,4,marié,dakar,59554.0,16972.0,25,1,15,8
44,31859.0,femme,31.3,11,525,1,célibataire,kaolack,98487.0,14048.0,15,2,19,28
23,22684.0,homme,39.8,8,461,4,célibataire,dakar,64017.0,33372.0,23,4,5,77
26,106088.0,femme,34.7,12,552,5,divorcé,saint-louis,67298.0,43188.0,57,3,14,37
56,147279.0,homme,21.4,47,431,3,célibataire,kaolack,61389.0,41133.0,40,5,14,61
52,61099.0,homme,20.2,25,747,3,marié,kaolack,83306.0,14689.0,45,2,13,53
29,81093.0,femme,36.8,37,773,4,célibataire,kaolack,35525.0,16737.0,46,3,11,51
75,63651.0,femme,26.7,41,408,3,divorcé,thiès,92092.0,16014.0,50,4,1,33
45,28893.0,femme,19.3,12,334,5,marié,saint-louis,90630.0,21818.0,44,4,7,36
50,81418.0,homme,36.7,38,766,2,célibataire,saint-louis,83471.0,33201.0,19,4,18,48
36,140074.0,femme,35.6,27,574,0,marié,kaolack,78211.0,11144.0,26,4,13,41
52,118065.0,homme,39.6,18,486,0,célibataire,dakar,41280.0,31001.0,51,5,4,13
20,145351.0,femme,37.8,23,542,0,divorcé,kaolack,21240.0,867.0,39,5,8,81
34,53635.0,homme,36.4,18,563,2,célibataire,thiès,75092.0,27182.0,53,2,12,32
74,110071.0,femme,17.3,48,821,3,marié,kaolack,79541.0,14340.0,16,4,8,97
29,93518.0,homme,18.5,12,840,4,marié,saint-louis,72851.0,11837.0,27,5,13,91
41,121233.0,femme,29.7,12,386,1,marié,kaolack,16544.0,47059.0,28,3,4,99
77,118651.0,homme,28.8,27,834,3,célibataire,dakar,67981.0,8787.0,24,5,1,86
19,87805.0,femme,27.0,1,509,2,célibataire,saint-louis,27332.0,393.0,48,5,6,16
40,137813.0,femme,25.5,9,345,5,célibataire,dakar,36836.0,12056.0,53,2,15,74
60,94063.0,homme,26.3,21,766,2,divorcé,kaolack,24388.0,43160.0,31,5,10,31
57,17454.0,femme,29.7,12,839,0,divorcé,saint-louis,11694.0,44957.0,48,3,10,78
40,35878.0,homme,16.0,8,325,3,divorcé,thiès,96677.0,28429.0,51,4,11,67
33,83344.0,homme,22.3,32,565,0,marié,saint-louis,98202.0,45909.0,39,1,12,38
55,119946.0,femme,28.4,13,474,1,marié,dakar,59294.0,31899.0,29,2,7,93
23,51593.0,homme,33.3,47,815,5,marié,saint-louis,48769.0,32221.0,41,3,15,9
54,51304.0,femme,20.2,19,610,0,marié,thiès,49420.0,20754.0,51,2,0,86
55,128613.0,femme,29.1,14,621,1,marié,thiès,47855.0,44389.0,34,4,12,23
29,33354.0,homme,33.1,31,434,2,célibataire,thiès,11460.0,20905.0,32,5,10,99
47,37190.0,femme,26.7,32,354,0,marié,thiès,57646.0,24083.0,14,5,3,57
66,21142.0,homme,16.6,16,842,0,célibataire,dakar,51252.0,41098.0,59,3,3,68
76,56862.0,homme,26.8,23,830,4,divorcé,saint-louis,19835.0,29621.0,50,4,14,63
53,140438.0,femme,23.1,29,455,5,divorcé,kaolack,20910.0,20577.0,39,1,2,18
48,63456.0,femme,38.3,12,446,5,divorcé,thiès,92757.0,36728.0,57,1,18,7
38,115167.0,homme,19.0,46,784,2,divorcé,kaolack,18463.0,663.0,48,5,1,70
78,97035.0,homme,31.7,47,319,4,divorcé,kaolack,23336.0,47301.0,36,4,5,39
30,23016.0,femme,17.3,15,568,1,marié,saint-louis,36534.0,19216.0,51,4,7,12
48,17384.0,femme,26.7,1,632,1,marié,kaolack,12369.0,47259.0,46,3,16,26
40,117239.0,femme,29.3,16,700,2,marié,kaolack,35381.0,9265.0,16,1,4,81
32,126431.0,femme,23.2,31,605,5,divorcé,dakar,95094.0,4574.0,14,3,1,87
48,95018.0,homme,26.9,42,327,1,divorcé,kaolack,97905.0,22755.0,24,2,11,1
62,55510.0,femme,19.9,7,766,2,célibataire,saint-louis,35407.0,31241.0,51,4,4,15
70,36826.0,homme,23.3,2,559,1,marié,kaolack,72552.0,22676.0,17,1,9,13
17,83026.0,homme,30.9,11,833,3,divorcé,saint-louis,45939.0,21561.0,18,3,8,16
68,39045.0,homme,37.6,15,652,5,divorcé,kaolack,98652.0,23390.0,31,2,7,69
55,105102.0,femme,31.1,13,599,3,célibataire,kaolack,36170.0,26076.0,43,3,0,98
55,66919.0,homme,26.5,15,595,2,divorcé,kaolack,81908.0,5546.0,44,5,5,16
66,114441.0,femme,16.9,48,652,2,célibataire,thiès,32369.0,21280.0,22,1,10,44
54,133325.0,homme,28.0,42,429,3,célibataire,dakar,83098.0,32953.0,20,1,2,37
66,34337.0,homme,34.4,48,455,0,marié,kaolack,54544.0,21037.0,41,2,14,63
21,92949.0,femme,22.4,32,373,0,divorcé,saint-louis,15900.0,40576.0,51,5,10,5
21,15276.0,femme,35.4,29,641,4,célibataire,dakar,50733.0,28564.0,24,4,4,59
18,66151.0,homme,22.0,11,764,1,divorcé,dakar,97236.0,33597.0,47,1,15,48
22,67887.0,homme,,14,389,4,marié,dakar,10589.0,19903.0,10,4,6,20
66,96442.0,femme,18.0,17,754,0,marié,kaolack,70044.0,30806.0,55,4,5,98
23,64847.0,homme,36.8,27,631,3,célibataire,thiès,75311.0,46328.0,59,3,8,22
57,73653.0,femme,28.0,22,647,1,marié,thiès,67926.0,24392.0,33,3,6,75
79,71622.0,homme,23.1,13,532,3,marié,kaolack,80599.0,28087.0,52,1,2,56
67,42810.0,femme,22.4,29,401,4,marié,saint-louis,95553.0,44288.0,49,4,10,63
30,92842.0,homme,26.4,32,780,2,divorcé,saint-louis,,44308.0,31,3,11,28
62,137225.0,femme,40.0,44,513,3,divorcé,saint-louis,98435.0,22293.0,12,5,10,26
44,25503.0,femme,21.3,14,407,4,célibataire,kaolack,59008.0,10677.0,23,5,1,5
48,99761.0,homme,18.5,6,464,4,célibataire,thiès,76794.0,12803.0,11,5,0,20
67,141439.0,femme,30.0,14,634,4,marié,kaolack,89134.0,46656.0,41,5,1,70
45,26590.0,homme,,41,385,2,marié,thiès,12866.0,46002.0,57,4,13,40
54,81624.0,femme,28.6,45,723,2,célibataire,dakar,62890.0,1225.0,47,5,12,79
42,135356.0,femme,32.0,37,663,2,marié,kaolack,51504.0,5774.0,42,4,4,4
51,57727.0,femme,22.4,45,359,1,célibataire,thiès,63374.0,13043.0,55,1,1,14
44,93471.0,homme,37.9,43,781,2,divorcé,dakar,39404.0,16163.0,51,1,18,20
53,23068.0,femme,26.5,10,549,2,marié,dakar,75223.0,2844.0,15,5,16,57
72,131923.0,homme,19.1,28,416,2,marié,kaolack,10637.0,7347.0,50,5,10,3
48,26390.0,femme,33.8,30,844,3,marié,thiès,25828.0,20804.0,48,5,15,68
76,121752.0,homme,31.4,24,343,2,divorcé,dakar,63544.0,36764.0,34,1,19,6
52,109754.0,homme,23.6,23,808,1,divorcé,kaolack,55097.0,27246.0,43,3,17,34
42,90969.0,homme,30.9,18,464,4,marié,dakar,42022.0,42458.0,20,1,19,35
70,92064.0,femme,21.3,1,667,3,célibataire,saint-louis,,1688.0,55,5,7,14
48,36281.0,homme,26.7,21,591,0,divorcé,kaolack,38704.0,47055.0,46,3,1,91
77,69189.0,femme,37.6,19,585,2,marié,dakar,33641.0,17251.0,50,3,16,1
19,63511.0,homme,19.2,32,503,4,marié,kaolack,47479.0,12504.0,16,2,10,56
37,137115.0,homme,25.3,7,823,4,divorcé,kaolack,88771.0,39720.0,55,4,13,4
17,23605.0,homme,35.7,24,420,3,célibataire,thiès,32027.0,27584.0,57,5,15,70
25,115318.0,homme,39.3,45,487,0,marié,thiès,52912.0,44484.0,31,4,14,85
20,147453.0,femme,26.9,8,312,5,célibataire,dakar,81474.0,48531.0,57,2,14,94
74,34810.0,homme,,33,499,1,célibataire,kaolack,52692.0,38852.0,48,4,2,31
25,56869.0,homme,29.7,22,755,5,divorcé,kaolack,42209.0,13219.0,19,5,6,71
48,47955.0,femme,38.4,4,747,4,marié,saint-louis,67563.0,42972.0,30,2,11,40
69,76388.0,homme,36.6,24,370,5,marié,kaolack,66738.0,24815.0,15,4,2,41
53,25207.0,homme,20.1,7,429,4,célibataire,thiès,47242.0,48865.0,58,1,18,74
28,37031.0,homme,26.5,15,342,5,divorcé,kaolack,19941.0,24623.0,10,3,9,64
46,95807.0,homme,27.1,47,819,4,divorcé,thiès,17073.0,36817.0,43,2,7,39
62,86312.0,femme,34.9,44,312,4,divorcé,saint-louis,47827.0,3457.0,23,1,15,82
51,74766.0,femme,30.5,14,834,3,célibataire,dakar,56225.0,27855.0,45,5,15,37
39,126041.0,femme,40.0,21,826,4,marié,dakar,60546.0,15470.0,18,2,4,36
67,131185.0,femme,17.8,2,414,1,divorcé,dakar,76457.0,48957.0,15,3,19,55
71,25350.0,homme,21.4,37,759,1,célibataire,dakar,78309.0,45930.0,40,2,5,70
30,115859.0,femme,25.8,13,804,2,divorcé,dakar,79998.0,18281.0,26,2,5,54
44,83487.0,homme,24.3,35,607,4,célibataire,thiès,96496.0,11728.0,52,4,7,88
23,138853.0,femme,16.5,17,624,4,marié,saint-louis,40268.0,45680.0,45,3,16,53
20,68117.0,femme,18.2,46,474,4,divorcé,kaolack,95354.0,38723.0,30,3,11,21
44,116084.0,femme,32.3,40,813,5,célibataire,thiès,52078.0,10162.0,36,1,13,26
19,43454.0,femme,28.3,2,801,4,célibataire,kaolack,38887.0,35488.0,37,1,18,37
27,82904.0,homme,28.9,9,633,1,célibataire,dakar,59876.0,43341.0,25,4,5,38
60,144936.0,homme,22.1,48,583,0,célibataire,kaolack,43479.0,11338.0,44,2,17,14
17,137258.0,femme,34.4,38,774,0,divorcé,kaolack,50478.0,22296.0,45,4,3,65
42,126668.0,homme,34.0,46,353,2,célibataire,saint-louis,36401.0,11675.0,44,4,4,60
46,139184.0,femme,30.1,0,757,1,marié,kaolack,38502.0,24070.0,54,1,5,59
66,31566.0,homme,21.1,26,719,4,divorcé,dakar,23394.0,20080.0,28,2,14,7
66,53333.0,homme,18.3,26,708,0,marié,thiès,19262.0,47139.0,30,5,5,43
51,136929.0,femme,17.5,10,603,3,marié,thiès,14487.0,13936.0,42,4,7,42
51,104571.0,femme,30.2,48,521,3,divorcé,saint-louis,37341.0,10019.0,32,5,8,5
41,135263.0,femme,35.8,4,832,3,célibataire,dakar,23570.0,41182.0,15,2,5,83
58,147661.0,femme,36.6,6,457,4,marié,dakar,67268.0,1746.0,41,2,1,26
20,15159.0,homme,34.8,28,458,2,célibataire,saint-louis,81602.0,22768.0,12,3,19,22
35,119859.0,homme,38.7,14,534,2,divorcé,dakar,36723.0,8325.0,44,1,0,80
26,122507.0,femme,22.6,34,704,2,divorcé,dakar,79108.0,44763.0,25,5,15,12
77,29743.0,homme,25.6,46,556,5,divorcé,dakar,88206.0,4486.0,51,1,0,67
25,61101.0,femme,38.4,36,346,3,célibataire,thiès,70098.0,16485.0,34,2,0,83
55,136534.0,homme,24.1,11,512,4,marié,thiès,58707.0,14328.0,26,4,6,63
53,99227.0,femme,37.9,29,778,3,marié,thiès,59028.0,19112.0,48,3,15,24
21,86126.0,homme,39.5,19,786,2,divorcé,kaolack,66921.0,44001.0,22,2,16,85
23,71071.0,homme,31.9,36,641,4,divorcé,kaolack,70760.0,32280.0,37,4,15,51
38,89763.0,femme,35.6,2,823,1,célibataire,kaolack,20249.0,26576.0,20,5,15,47
62,61154.0,homme,34.0,8,802,0,divorcé,dakar,77847.0,42528.0,19,5,5,60
61,104678.0,homme,23.4,38,443,2,divorcé,dakar,49673.0,21320.0,33,1,2,39
58,127056.0,homme,17.4,25,560,3,marié,dakar,13642.0,18437.0,47,5,7,74
27,69238.0,femme,24.2,1,531,1,divorcé,saint-louis,16338.0,193.0,33,5,3,88
41,73608.0,femme,,22,569,4,marié,dakar,61761.0,25317.0,42,1,3,68
28,104081.0,homme,18.5,22,746,3,célibataire,kaolack,19622.0,28482.0,26,4,16,84
55,65961.0,homme,16.3,20,521,2,célibataire,thiès,58423.0,19343.0,53,2,4,25
77,41917.0,homme,19.4,15,351,3,marié,thiès,52873.0,29144.0,45,3,13,79
33,42990.0,homme,33.2,8,415,2,marié,dakar,57565.0,11612.0,44,5,14,55
40,77551.0,homme,39.3,12,837,5,marié,kaolack,17806.0,19307.0,15,5,11,39
48,95811.0,homme,39.6,27,840,0,marié,kaolack,10757.0,19623.0,25,5,12,84
62,70103.0,femme,27.9,26,318,0,divorcé,kaolack,31470.0,20249.0,54,1,17,95
55,121122.0,femme,36.9,16,691,3,marié,thiès,16220.0,8229.0,37,1,13,67
75,34008.0,femme,33.7,37,718,1,marié,kaolack,64754.0,26274.0,50,1,18,7
58,47402.0,homme,28.0,35,608,4,marié,kaolack,89852.0,37334.0,41,3,6,72
27,128550.0,homme,29.7,0,485,2,divorcé,dakar,32505.0,6595.0,35,2,5,44
59,106218.0,homme,19.3,17,560,4,divorcé,saint-louis,38288.0,28602.0,20,5,4,16
51,148296.0,femme,38.5,8,827,0,divorcé,kaolack,84492.0,38377.0,34,4,3,40
63,135779.0,femme,24.4,12,572,1,célibataire,dakar,29109.0,37876.0,40,5,17,76
19,144714.0,homme,26.7,39,459,1,divorcé,dakar,13497.0,34551.0,30,5,13,8
20,47441.0,homme,32.1,44,523,4,marié,kaolack,67326.0,42926.0,54,5,15,69
71,77368.0,femme,24.0,14,555,0,divorcé,saint-louis,19864.0,24678.0,12,5,19,90
52,107122.0,femme,22.1,42,479,4,divorcé,thiès,97562.0,22214.0,21,2,13,23
23,59760.0,femme,31.1,43,319,3,marié,saint-louis,84310.0,38599.0,49,4,4,72
78,38478.0,homme,16.6,45,767,1,divorcé,kaolack,31017.0,32809.0,55,1,10,10
57,142881.0,homme,33.3,3,509,1,célibataire,saint-louis,11821.0,43954.0,50,4,11,34
64,86854.0,homme,28.3,32,812,3,divorcé,dakar,60337.0,27794.0,34,5,17,28
43,109230.0,femme,30.5,23,357,0,célibataire,dakar,55485.0,22593.0,26,4,3,7
46,100716.0,femme,31.2,35,392,1,célibataire,saint-louis,93557.0,28864.0,47,5,12,16
73,113538.0,homme,28.6,40,520,5,célibataire,thiès,66388.0,44329.0,45,4,19,70
24,30372.0,homme,30.0,9,531,5,marié,saint-louis,20372.0,42636.0,45,3,12,11
69,44796.0,femme,32.4,35,663,5,divorcé,kaolack,81333.0,3689.0,28,4,3,78
66,113826.0,homme,34.1,19,673,2,célibataire,thiès,26283.0,40363.0,53,1,6,92
44,135592.0,femme,33.5,40,755,2,célibataire,saint-louis,50857.0,14687.0,11,1,1,49
29,108635.0,femme,36.9,44,387,0,divorcé,saint-louis,61772.0,20381.0,26,4,17,23
55,126022.0,homme,20.5,43,319,3,marié,thiès,69670.0,33093.0,39,4,5,36
56,69040.0,femme,25.6,10,313,4,marié,saint-louis,83133.0,23589.0,56,2,15,77
37,90357.0,homme,38.7,11,432,0,célibataire,kaolack,41261.0,1120.0,19,4,2,10
26,93356.0,femme,25.5,17,333,4,marié,dakar,67154.0,16491.0,44,1,14,98
38,31211.0,femme,19.0,29,507,0,divorcé,kaolack,16107.0,43638.0,45,3,19,80
16,120426.0,homme,28.6,43,498,2,marié,saint-louis,45561.0,39062.0,42,1,9,58
61,20842.0,femme,18.6,47,454,5,divorcé,dakar,86674.0,5193.0,10,2,8,54
52,81852.0,homme,20.9,36,377,3,célibataire,thiès,45268.0,23608.0,27,4,10,26
36,140737.0,homme,40.0,19,471,2,divorcé,kaolack,41608.0,15213.0,13,3,13,66
41,60968.0,femme,29.0,24,588,3,célibataire,thiès,23138.0,48379.0,56,1,11,59
61,32508.0,homme,22.8,11,844,4,divorcé,dakar,47693.0,14230.0,36,3,6,1
51,69575.0,homme,39.9,20,719,0,divorcé,saint-louis,93000.0,18423.0,34,5,10,67
69,81914.0,homme,39.2,24,306,1,marié,dakar,31248.0,17187.0,37,1,16,17
38,82055.0,homme,,10,459,1,divorcé,dakar,28632.0,10040.0,31,5,8,19
16,121239.0,homme,36.1,49,722,5,divorcé,kaolack,22100.0,29949.0,34,4,15,62
78,138106.0,femme,,24,835,5,célibataire,dakar,57930.0,46464.0,26,4,2,77
69,20355.0,homme,32.5,34,369,3,célibataire,saint-louis,76861.0,3527.0,53,4,4,71
70,69120.0,femme,37.4,31,515,2,divorcé,dakar,86905.0,11021.0,21,5,16,1
66,53342.0,femme,32.5,48,403,1,marié,thiès,63025.0,17872.0,25,4,0,89
55,17257.0,homme,22.8,13,353,2,divorcé,kaolack,85876.0,36897.0,46,2,8,82
30,42364.0,femme,32.7,0,629,4,divorcé,saint-louis,88944.0,11758.0,25,1,16,41
36,126715.0,femme,23.3,16,502,1,marié,thiès,60840.0,18757.0,26,1,12,27
62,41654.0,homme,34.2,24,587,4,célibataire,dakar,29369.0,25412.0,40,3,14,28
24,96423.0,homme,30.9,7,344,0,divorcé,dakar,28460.0,14312.0,24,5,7,68
68,44320.0,homme,17.9,4,497,2,marié,kaolack,11461.0,22119.0,22,1,7,27
24,35808.0,femme,28.3,4,515,3,marié,thiès,52362.0,11804.0,49,5,1,59
25,67389.0,femme,24.2,40,780,1,célibataire,thiès,38610.0,46545.0,36,3,9,89
67,133581.0,homme,23.9,34,608,2,marié,kaolack,30995.0,10983.0,30,4,4,4
72,142927.0,homme,30.5,18,734,3,célibataire,saint-louis,94716.0,29999.0,11,3,15,14
68,49773.0,femme,23.7,22,631,0,divorcé,thiès,17717.0,30557.0,17,2,18,72
41,91396.0,femme,34.6,8,326,1,marié,kaolack,88867.0,39758.0,51,4,0,31
56,122692.0,femme,17.7,29,465,4,divorcé,thiès,89472.0,28788.0,16,4,12,51
50,72505.0,femme,31.8,49,617,0,marié,kaolack,74022.0,31950.0,19,4,3,89
78,100896.0,homme,35.4,15,573,5,marié,dakar,63668.0,3983.0,13,3,6,36
67,33135.0,femme,32.1,32,682,3,divorcé,dakar,61645.0,3768.0,52,2,0,14
40,105887.0,femme,27.9,1,664,1,marié,thiès,39550.0,1504.0,50,5,1,40
41,137118.0,femme,38.8,13,402,1,divorcé,thiès,96151.0,2450.0,45,3,15,3
26,62377.0,femme,23.2,45,802,0,divorcé,dakar,13576.0,11236.0,44,1,13,52
53,77491.0,homme,16.5,0,672,1,célibataire,saint-louis,50868.0,8002.0,52,1,4,99
17,73283.0,homme,26.4,25,544,3,divorcé,kaolack,56380.0,9891.0,12,3,13,83
22,31923.0,femme,16.8,24,468,0,célibataire,saint-louis,15728.0,38787.0,27,5,16,26
33,62591.0,femme,38.9,15,717,4,divorcé,saint-louis,42800.0,13898.0,55,1,11,20
42,77261.0,homme,21.0,14,655,0,marié,saint-louis,20886.0,10472.0,52,5,19,59
49,69336.0,homme,34.9,25,777,0,divorcé,dakar,89614.0,15264.0,33,4,11,85
42,89083.0,femme,34.6,46,424,4,marié,thiès,79909.0,17691.0,41,3,2,63
32,75948.0,femme,21.2,43,836,5,célibataire,saint-louis,57236.0,43487.0,43,4,1,70
79,41672.0,homme,30.9,15,701,3,marié,dakar,55805.0,32632.0,11,1,14,46
58,19213.0,homme,17.2,13,816,5,divorcé,kaolack,42532.0,33743.0,11,5,10,53
74,77507.0,homme,27.6,28,830,5,marié,thiès,38688.0,43016.0,19,4,9,30
59,72134.0,homme,16.4,23,553,5,célibataire,kaolack,21063.0,13002.0,32,1,17,16
66,43172.0,homme,39.4,14,331,5,marié,thiès,65942.0,43386.0,21,4,6,6
69,35132.0,femme,21.3,18,336,2,divorcé,saint-louis,61829.0,28250.0,52,2,6,82
39,33199.0,homme,21.0,7,641,4,divorcé,thiès,60553.0,43388.0,26,2,6,27
40,51609.0,homme,34.1,33,312,3,marié,saint-louis,43585.0,21323.0,27,1,13,9
22,46881.0,homme,22.1,1,482,5,célibataire,kaolack,81739.0,3733.0,23,3,1,26
67,39472.0,homme,37.5,26,564,1,marié,kaolack,69004.0,41319.0,26,5,1,12
21,69131.0,femme,29.8,9,387,4,célibataire,saint-louis,12438.0,2223.0,24,1,14,65
68,27828.0,femme,24.4,34,761,2,célibataire,thiès,33212.0,16868.0,21,4,10,85
39,111664.0,homme,36.0,22,345,3,célibataire,kaolack,60362.0,34196.0,25,5,9,83
48,147473.0,femme,27.8,48,691,0,marié,thiès,82177.0,2080.0,41,3,2,59
64,30193.0,femme,37.9,7,418,3,célibataire,thiès,26983.0,13776.0,32,1,16,42
44,117518.0,femme,38.3,27,830,3,marié,kaolack,24026.0,695.0,47,3,8,68
78,34611.0,femme,20.0,22,746,5,célibataire,dakar,60998.0,32969.0,43,4,14,62
58,91240.0,femme,16.1,3,345,5,célibataire,dakar,65744.0,12049.0,43,1,13,69
37,17745.0,femme,39.6,13,807,2,marié,thiès,67013.0,15628.0,25,4,18,98
41,70243.0,homme,37.7,41,825,2,divorcé,kaolack,61039.0,8265.0,43,5,16,64
43,18866.0,homme,17.3,28,302,5,divorcé,dakar,59831.0,24671.0,49,5,19,98
65,143681.0,homme,36.0,0,327,5,marié,saint-louis,95172.0,12460.0,16,3,16,66
36,86354.0,homme,27.0,3,680,1,marié,thiès,44603.0,3477.0,42,3,15,53
64,66374.0,homme,22.2,31,456,1,divorcé,dakar,87758.0,2202.0,13,5,19,35
32,139577.0,homme,20.7,48,632,5,divorcé,kaolack,23105.0,23874.0,16,5,6,92
35,96029.0,homme,38.7,25,413,0,marié,thiès,77182.0,47392.0,27,1,11,14
56,108574.0,femme,20.9,16,688,1,célibataire,kaolack,62147.0,41217.0,13,4,0,74
64,45431.0,femme,30.7,38,786,2,marié,saint-louis,85400.0,11850.0,58,5,11,17
35,44336.0,homme,21.4,22,549,3,divorcé,saint-louis,56434.0,39085.0,20,5,5,3
69,55992.0,femme,29.1,31,614,4,célibataire,dakar,36515.0,20809.0,52,4,15,87
37,70350.0,femme,32.4,14,538,1,marié,kaolack,99298.0,5350.0,29,4,17,10
43,84561.0,femme,20.6,12,533,3,divorcé,saint-louis,68001.0,2806.0,20,1,18,5
78,66955.0,femme,28.5,1,602,3,marié,thiès,68397.0,7163.0,24,4,2,50
76,76240.0,homme,27.3,18,633,1,célibataire,kaolack,71415.0,28832.0,55,3,2,57
55,61607.0,femme,17.7,23,412,0,divorcé,dakar,26960.0,185.0,26,5,4,59
64,67870.0,homme,35.6,44,661,0,marié,thiès,91838.0,40838.0,43,4,2,17
22,79110.0,homme,24.1,23,396,4,célibataire,thiès,55778.0,24718.0,59,1,18,78
16,131895.0,femme,29.8,10,315,0,célibataire,thiès,40941.0,11545.0,57,4,4,66
47,19426.0,femme,28.4,21,675,4,marié,saint-louis,50955.0,25215.0,21,5,13,16
28,42606.0,femme,28.3,14,689,2,célibataire,thiès,88565.0,28325.0,51,2,15,96
45,43151.0,homme,,9,516,1,divorcé,saint-louis,66908.0,18458.0,37,4,0,33
38,26308.0,femme,26.2,40,698,3,célibataire,thiès,74067.0,16006.0,57,3,16,29
66,105306.0,femme,26.9,26,559,4,marié,saint-louis,65696.0,28544.0,44,5,10,18
74,121984.0,femme,33.6,8,619,0,divorcé,kaolack,28429.0,32969.0,17,1,8,8
71,17204.0,femme,36.2,27,495,4,célibataire,saint-louis,86676.0,11284.0,36,5,3,39
34,107769.0,femme,29.1,0,777,5,célibataire,saint-louis,24847.0,38478.0,31,2,1,43
47,46131.0,femme,21.7,30,774,0,divorcé,thiès,44256.0,29143.0,11,2,4,58
45,67428.0,femme,20.0,43,843,5,célibataire,kaolack,38774.0,15698.0,40,2,3,90
44,48870.0,femme,19.0,9,530,5,divorcé,thiès,19127.0,34870.0,31,3,4,24
64,118547.0,homme,24.8,36,820,0,marié,saint-louis,38205.0,9102.0,10,4,17,70
60,64067.0,femme,21.5,28,499,5,célibataire,thiès,91163.0,1571.0,23,3,12,52
44,127217.0,homme,21.2,17,320,1,marié,saint-louis,68764.0,37893.0,34,3,4,47
45,113934.0,homme,17.3,46,610,3,célibataire,thiès,48664.0,39465.0,45,3,18,70
31,89707.0,femme,16.4,37,733,1,marié,saint-louis,66795.0,21553.0,45,1,2,83
55,76215.0,femme,18.5,38,670,1,marié,saint-louis,42333.0,18543.0,50,4,17,52
34,64429.0,femme,20.1,48,377,0,divorcé,dakar,46079.0,28901.0,12,4,5,48
33,97152.0,homme,26.3,5,841,0,célibataire,thiès,94225.0,14034.0,14,1,5,42
16,123048.0,homme,28.3,39,584,3,divorcé,thiès,34259.0,27120.0,10,3,4,99
29,92240.0,homme,19.4,11,439,4,divorcé,dakar,36571.0,1329.0,28,3,0,18
66,128688.0,homme,26.2,13,581,1,célibataire,saint-louis,61119.0,41420.0,42,2,7,65
62,61473.0,homme,24.2,43,557,5,marié,saint-louis,18009.0,25382.0,51,2,0,33
65,111762.0,homme,20.4,9,659,3,célibataire,dakar,,3699.0,39,5,5,80
17,121956.0,femme,16.2,19,739,1,célibataire,dakar,48230.0,38795.0,21,2,19,87
69,133452.0,femme,27.2,14,569,4,célibataire,kaolack,66049.0,10667.0,19,4,13,72
64,22006.0,femme,21.4,6,403,1,célibataire,kaolack,38820.0,42115.0,25,3,1,0
65,89218.0,femme,19.2,40,394,2,célibataire,thiès,50315.0,23459.0,49,5,3,91
45,47430.0,homme,37.3,9,779,3,célibataire,kaolack,42795.0,49649.0,55,2,12,54
53,38091.0,homme,22.6,9,540,0,marié,dakar,95411.0,6959.0,38,5,6,14
66,38989.0,femme,21.4,47,312,1,marié,dakar,49191.0,29581.0,24,1,5,84
78,90451.0,homme,36.6,38,446,5,marié,dakar,64453.0,46384.0,57,1,2,14
19,33990.0,homme,35.6,27,394,5,marié,dakar,22453.0,6210.0,20,5,8,22
16,105270.0,femme,26.8,29,592,3,divorcé,kaolack,60325.0,12517.0,53,5,13,65
23,95360.0,homme,27.7,36,324,3,divorcé,kaolack,59490.0,12620.0,43,5,19,45
44,51081.0,femme,21.2,2,571,5,célibataire,kaolack,84796.0,36744.0,45,3,10,99
70,123272.0,femme,17.9,49,804,5,divorcé,dakar,59993.0,22804.0,39,4,4,8
54,31241.0,femme,29.8,42,465,5,marié,dakar,55706.0,30568.0,44,2,13,65
18,139932.0,femme,18.4,14,386,1,célibataire,saint-louis,52817.0,17991.0,18,2,18,65
47,20939.0,femme,26.8,20,790,5,célibataire,saint-louis,74544.0,8912.0,27,2,7,17
25,128000.0,homme,38.6,36,440,0,marié,dakar,65710.0,32527.0,28,5,6,16
25,50063.0,homme,38.9,11,402,5,marié,saint-louis,60799.0,30863.0,48,5,6,71
34,62118.0,homme,21.7,3,525,0,marié,thiès,70964.0,44827.0,13,5,2,97
49,143557.0,femme,27.4,8,605,3,célibataire,dakar,81150.0,20407.0,42,3,17,68
75,42076.0,femme,37.0,38,553,0,marié,kaolack,70438.0,12344.0,41,3,12,63
48,59605.0,homme,22.5,41,479,1,célibataire,thiès,87223.0,36205.0,25,3,0,43
38,99565.0,femme,16.1,27,339,5,célibataire,thiès,71926.0,2355.0,20,1,4,28
70,54121.0,homme,19.9,22,819,1,divorcé,kaolack,13801.0,30893.0,31,3,3,61
43,46433.0,homme,24.4,44,845,5,célibataire,saint-louis,51048.0,749.0,45,3,15,91
47,58309.0,homme,23.6,39,535,1,marié,kaolack,50144.0,19435.0,59,3,14,15
65,82468.0,femme,35.0,43,762,3,marié,saint-louis,20148.0,45733.0,32,2,17,77
22,82293.0,femme,32.3,21,527,0,célibataire,saint-louis,92819.0,45615.0,35,2,16,51
44,111258.0,femme,23.2,23,782,3,célibataire,kaolack,29861.0,38526.0,40,2,13,1
23,53405.0,femme,27.0,25,729,2,divorcé,saint-louis,71717.0,18088.0,38,4,13,60
16,58527.0,homme,18.3,29,321,5,marié,thiès,32480.0,44405.0,14,1,18,3
72,92227.0,femme,37.6,32,642,0,marié,dakar,28637.0,38842.0,47,5,5,51
70,146564.0,femme,38.5,15,339,3,célibataire,saint-louis,54621.0,46146.0,34,3,12,40
18,108344.0,femme,39.5,21,472,0,célibataire,thiès,70304.0,24403.0,43,2,17,51
39,62153.0,homme,36.8,48,738,2,célibataire,kaolack,,47297.0,21,1,14,30
38,123042.0,homme,20.2,49,478,4,marié,saint-louis,98921.0,38042.0,31,3,6,25
74,69110.0,femme,17.1,42,432,5,célibataire,thiès,66172.0,46775.0,18,4,18,26
78,43328.0,femme,29.9,17,650,5,divorcé,saint-louis,35437.0,39177.0,29,5,16,50
76,127911.0,femme,37.9,6,824,1,divorcé,kaolack,,39056.0,38,3,8,97
23,27867.0,femme,20.3,49,839,5,célibataire,dakar,24671.0,22713.0,53,5,10,94
69,74234.0,homme,16.2,25,805,5,divorcé,saint-louis,33119.0,885.0,38,3,4,47
72,40851.0,femme,35.3,7,383,3,divorcé,dakar,56117.0,33632.0,54,4,1,10
62,46279.0,femme,17.8,5,763,5,divorcé,saint-louis,26279.0,39685.0,36,1,14,7
52,88402.0,femme,25.9,29,642,5,divorcé,saint-louis,78835.0,11686.0,26,5,11,11
18,30449.0,homme,32.3,38,579,2,divorcé,kaolack,14803.0,3054.0,14,5,9,98
66,91221.0,homme,21.7,22,562,2,marié,saint-louis,92897.0,8977.0,54,1,9,44
48,104080.0,femme,18.0,31,465,0,célibataire,thiès,70805.0,25032.0,22,5,19,33
43,20451.0,femme,34.5,21,592,0,divorcé,thiès,28201.0,48967.0,51,2,10,76
62,102178.0,femme,31.1,41,808,5,célibataire,dakar,38634.0,8536.0,24,1,9,90
23,78761.0,femme,39.7,42,525,5,divorcé,dakar,24760.0,15070.0,24,4,6,71
49,53870.0,femme,24.3,44,469,1,marié,thiès,20826.0,16937.0,27,3,13,46
50,111566.0,homme,17.5,8,747,0,marié,dakar,96821.0,21500.0,59,3,12,20
47,138749.0,homme,33.6,30,801,3,divorcé,dakar,55775.0,40451.0,11,1,4,40
39,138765.0,homme,28.5,6,826,5,divorcé,thiès,84676.0,49939.0,32,2,18,74
29,139881.0,femme,21.1,8,678,3,divorcé,thiès,16798.0,10011.0,52,4,9,21
71,40372.0,homme,20.9,2,549,3,marié,kaolack,87160.0,8896.0,52,3,17,27
61,18642.0,homme,22.3,34,708,4,célibataire,kaolack,87751.0,29799.0,13,2,0,66
58,49064.0,femme,18.2,32,424,3,marié,thiès,83502.0,14582.0,56,5,4,70
31,29122.0,femme,25.6,20,412,0,divorcé,saint-louis,61410.0,39958.0,34,1,10,13
19,83431.0,homme,26.1,30,436,5,célibataire,thiès,50888.0,41912.0,20,2,19,78
67,70745.0,femme,28.3,33,795,0,marié,kaolack,59047.0,814.0,59,2,10,72
52,65081.0,homme,33.0,31,449,3,marié,dakar,55955.0,9740.0,57,2,15,51
36,51191.0,homme,19.3,14,620,2,célibataire,saint-louis,43864.0,35545.0,21,5,14,70
29,25211.0,homme,17.3,31,831,2,marié,dakar,89118.0,20150.0,22,4,6,75
46,126086.0,femme,16.4,5,588,5,marié,saint-louis,95490.0,4958.0,18,2,14,18
70,116971.0,femme,19.4,44,788,1,divorcé,dakar,49265.0,3825.0,54,2,15,26
63,108783.0,femme,31.8,20,791,4,célibataire,kaolack,56313.0,14800.0,47,1,5,17
33,140681.0,femme,33.5,32,551,3,célibataire,saint-louis,54350.0,9999.0,15,3,10,12
22,102893.0,homme,34.9,31,376,1,célibataire,saint-louis,25378.0,20854.0,52,5,16,0
25,92960.0,femme,21.8,18,691,2,célibataire,dakar,79815.0,45732.0,52,2,14,84
22,99388.0,homme,23.3,32,711,3,divorcé,dakar,37924.0,27315.0,19,4,15,33
48,37601.0,femme,27.6,27,472,1,marié,kaolack,92593.0,39540.0,32,4,1,12
38,34710.0,femme,17.5,30,500,0,marié,dakar,17312.0,9481.0,24,4,3,50
36,123714.0,femme,30.7,20,516,2,célibataire,dakar,40353.0,48505.0,54,1,18,86
34,143727.0,homme,39.6,33,675,1,célibataire,kaolack,96450.0,17246.0,32,4,5,0
63,78227.0,homme,24.7,14,310,5,célibataire,thiès,26192.0,22601.0,49,1,17,86
76,99289.0,homme,34.1,13,311,0,marié,thiès,27450.0,10677.0,46,5,10,27
34,20722.0,homme,28.0,18,734,2,marié,dakar,15432.0,29552.0,43,4,8,31
51,96050.0,femme,19.1,42,672,4,célibataire,kaolack,67225.0,22322.0,25,3,2,71
44,98596.0,homme,30.0,14,572,2,divorcé,thiès,88711.0,2355.0,54,2,1,54
75,81732.0,homme,23.2,5,808,5,marié,kaolack,75604.0,9157.0,50,5,17,25
33,83323.0,femme,16.8,8,431,4,marié,dakar,20295.0,35163.0,56,3,14,13
17,38816.0,femme,31.2,36,618,4,célibataire,dakar,16774.0,25914.0,41,5,17,87
16,55695.0,homme,36.6,19,467,4,divorcé,kaolack,22190.0,33292.0,47,4,18,92
62,70841.0,femme,24.3,33,696,3,célibataire,saint-louis,41286.0,561.0,49,5,14,67
20,143498.0,homme,,37,479,3,célibataire,dakar,86325.0,8167.0,55,5,16,62
35,122096.0,femme,37.4,25,357,4,divorcé,dakar,82427.0,16184.0,14,5,17,81
26,107764.0,homme,35.5,17,779,0,divorcé,dakar,97513.0,24497.0,26,1,17,13
57,100744.0,homme,33.2,27,759,4,divorcé,dakar,74014.0,23800.0,31,3,10,26
78,43482.0,homme,22.0,8,360,1,marié,kaolack,85852.0,37432.0,48,4,17,40
17,24171.0,homme,37.8,31,668,4,célibataire,kaolack,65256.0,1205.0,50,2,2,2
18,115755.0,homme,19.7,5,420,3,marié,kaolack,68630.0,12039.0,57,4,12,93
38,123125.0,femme,31.0,13,845,3,divorcé,kaolack,72771.0,45161.0,27,4,13,58
70,145722.0,homme,16.7,27,316,1,marié,saint-louis,61715.0,35006.0,37,1,3,99
27,121082.0,homme,31.4,23,795,1,divorcé,kaolack,17466.0,17544.0,22,1,17,22
35,18696.0,homme,22.7,12,796,2,divorcé,kaolack,27637.0,12987.0,59,5,4,17
20,141310.0,homme,26.8,42,804,0,célibataire,dakar,78745.0,5239.0,51,4,13,73
52,34149.0,homme,24.3,11,831,0,célibataire,saint-louis,46317.0,44785.0,10,3,11,75
53,145064.0,femme,20.1,18,614,0,célibataire,dakar,59766.0,23358.0,59,1,6,40
79,68521.0,femme,30.9,20,368,5,marié,saint-louis,13078.0,49223.0,28,1,11,7
45,60740.0,homme,,26,460,3,célibataire,thiès,37299.0,17138.0,43,3,7,31
24,121611.0,femme,39.0,18,444,0,divorcé,saint-louis,13543.0,22984.0,13,1,2,80
49,81641.0,homme,20.6,23,684,2,célibataire,saint-louis,61052.0,28428.0,52,3,0,40
68,78811.0,femme,33.2,25,568,2,marié,dakar,32064.0,9096.0,12,2,2,44
59,78232.0,femme,31.9,44,753,0,célibataire,saint-louis,82287.0,47582.0,50,3,10,77
50,30417.0,homme,24.2,27,817,1,célibataire,saint-louis,90442.0,24536.0,19,2,17,8
67,127492.0,femme,16.5,45,649,2,célibataire,dakar,93632.0,46059.0,37,5,6,89
73,45099.0,femme,32.6,17,409,1,marié,thiès,24425.0,2621.0,43,5,8,47
37,133474.0,homme,38.7,43,782,3,divorcé,thiès,61481.0,35958.0,48,1,3,23
59,24256.0,homme,31.2,35,706,5,divorcé,thiès,87347.0,3948.0,56,3,9,86
39,49681.0,femme,26.4,41,350,2,divorcé,saint-louis,,1287.0,28,1,17,94
32,106328.0,femme,28.6,28,702,1,célibataire,dakar,82317.0,23902.0,51,3,15,43
25,58361.0,femme,20.8,16,775,0,célibataire,thiès,96826.0,47358.0,55,1,11,57
45,49540.0,homme,34.0,3,386,3,marié,thiès,60530.0,21164.0,45,5,18,65
71,99700.0,femme,33.9,43,367,4,divorcé,thiès,91099.0,15668.0,52,5,2,17
74,93532.0,femme,19.5,44,341,4,célibataire,thiès,35888.0,1772.0,12,1,7,79
61,142626.0,femme,37.1,28,356,0,célibataire,dakar,37491.0,32238.0,32,3,18,28
38,148943.0,homme,22.5,3,495,3,célibataire,thiès,42352.0,38968.0,26,4,8,74
79,61002.0,homme,39.6,9,361,3,marié,saint-louis,31676.0,15762.0,16,3,18,1
47,64812.0,homme,25.2,24,562,3,divorcé,saint-louis,75836.0,35906.0,35,1,16,77
32,123946.0,homme,20.3,30,411,3,marié,dakar,47463.0,7213.0,52,3,12,67
65,81668.0,femme,24.4,2,477,4,divorcé,kaolack,58990.0,14941.0,27,2,1,97
66,114003.0,homme,26.6,46,325,1,divorcé,thiès,96544.0,30345.0,55,3,3,38
32,57998.0,femme,17.7,1,709,3,célibataire,thiès,73627.0,35184.0,55,5,10,72
29,119601.0,femme,29.9,24,830,1,célibataire,saint-louis,30221.0,15964.0,15,5,1,40
24,22812.0,femme,30.3,48,616,3,célibataire,dakar,95837.0,26855.0,40,2,3,70
55,76844.0,femme,33.7,5,831,2,célibataire,kaolack,82843.0,17968.0,38,3,3,80
17,148251.0,homme,16.7,25,405,5,célibataire,saint-louis,61313.0,1046.0,18,4,19,86
60,89601.0,homme,29.0,7,763,2,divorcé,kaolack,39251.0,14909.0,44,3,0,74
40,62857.0,homme,17.3,34,545,5,célibataire,dakar,56586.0,13578.0,26,5,10,21
54,140555.0,homme,32.8,26,380,2,célibataire,dakar,84418.0,23368.0,21,5,1,81
24,35700.0,homme,17.3,24,695,3,marié,dakar,63884.0,28599.0,45,1,18,48
69,108330.0,femme,37.9,17,821,1,marié,saint-louis,62620.0,5719.0,57,5,7,27
37,78353.0,homme,32.8,0,563,5,divorcé,dakar,20040.0,15960.0,33,1,19,15
58,115772.0,homme,28.2,47,573,4,divorcé,saint-louis,81677.0,23606.0,19,5,3,67
61,106502.0,homme,26.6,38,471,0,marié,saint-louis,55878.0,48366.0,39,5,15,61
19,128943.0,homme,19.1,2,564,5,marié,thiès,15969.0,15624.0,38,4,14,35
41,124850.0,femme,23.0,3,325,5,célibataire,saint-louis,23162.0,39179.0,48,1,4,21
73,60095.0,femme,36.9,40,768,4,célibataire,saint-louis,75435.0,40842.0,19,1,4,10
44,30523.0,femme,37.7,36,775,3,divorcé,thiès,84667.0,10352.0,48,5,14,84
60,77433.0,femme,16.0,14,655,2,marié,kaolack,15037.0,30885.0,37,1,16,79
49,34991.0,femme,,7,325,2,divorcé,thiès,70526.0,15003.0,27,5,2,41
38,25775.0,homme,33.3,37,333,1,célibataire,thiès,97914.0,9223.0,50,5,17,54
52,99995.0,femme,30.8,49,563,3,divorcé,dakar,24693.0,31433.0,59,3,10,72
26,137808.0,femme,18.0,18,437,4,divorcé,dakar,69090.0,12718.0,26,1,5,34
21,22415.0,femme,21.2,46,761,3,divorcé,thiès,12451.0,1315.0,20,2,11,56
33,52044.0,homme,22.0,25,467,3,célibataire,dakar,75560.0,21553.0,10,1,16,33
79,64976.0,homme,36.0,38,380,2,divorcé,thiès,15962.0,24682.0,26,1,13,72
36,18832.0,femme,27.1,9,706,4,célibataire,dakar,99552.0,19464.0,45,4,5,76
57,49148.0,homme,27.7,37,345,0,marié,saint-louis,26444.0,41704.0,45,2,9,69
51,127230.0,homme,38.4,13,352,5,divorcé,dakar,50443.0,31419.0,55,2,15,3
56,100076.0,femme,31.3,48,775,2,divorcé,dakar,26506.0,13767.0,18,4,17,45
53,53402.0,homme,37.6,40,315,4,célibataire,saint-louis,,6466.0,54,4,19,91
32,105453.0,homme,19.6,29,786,5,célibataire,dakar,56162.0,47953.0,57,3,18,97
52,90715.0,femme,,4,801,5,divorcé,dakar,52690.0,37858.0,42,4,2,60
40,126435.0,femme,27.0,30,440,2,marié,saint-louis,79625.0,4240.0,12,2,11,34
53,110742.0,femme,20.4,6,746,1,marié,saint-louis,78008.0,31459.0,17,2,15,68
73,60475.0,homme,,18,589,2,marié,saint-louis,70309.0,25396.0,59,1,2,56
27,75142.0,femme,17.2,30,508,3,divorcé,kaolack,53237.0,16795.0,15,3,15,10
38,108526.0,homme,27.2,38,774,4,divorcé,saint-louis,45732.0,24689.0,15,5,3,11
68,66001.0,homme,36.5,23,712,1,marié,thiès,18104.0,14910.0,38,4,19,42
57,72649.0,homme,38.4,33,726,5,marié,dakar,93230.0,2446.0,46,4,12,18
37,40711.0,femme,38.4,22,670,2,célibataire,dakar,44980.0,3346.0,21,1,3,76
36,45106.0,femme,19.0,47,589,5,célibataire,kaolack,84990.0,45179.0,18,3,3,67
42,80458.0,femme,25.2,44,731,1,marié,dakar,,49237.0,50,2,6,77
72,145429.0,femme,16.7,39,567,5,marié,dakar,19554.0,40517.0,58,2,11,58
46,116754.0,homme,36.5,5,450,2,divorcé,thiès,,4142.0,28,5,1,1
21,141479.0,femme,24.6,37,554,2,marié,dakar,40985.0,16070.0,26,2,15,7
42,43884.0,homme,31.1,40,652,0,célibataire,thiès,58167.0,46955.0,57,4,6,21
55,17708.0,femme,33.2,35,676,5,célibataire,kaolack,50428.0,7087.0,53,5,18,76
49,33375.0,femme,26.3,26,657,0,célibataire,thiès,77238.0,23752.0,41,3,10,20
27,30088.0,femme,23.4,10,669,0,célibataire,saint-louis,72723.0,15635.0,44,5,0,84
60,72615.0,homme,39.1,4,526,5,célibataire,saint-louis,27038.0,22218.0,23,3,8,91
72,125138.0,homme,39.1,16,602,1,célibataire,kaolack,32219.0,31873.0,58,2,4,96
68,25014.0,homme,22.9,6,688,3,marié,dakar,14271.0,48575.0,25,1,16,28
60,93077.0,femme,16.1,14,304,0,célibataire,thiès,39602.0,49955.0,33,4,11,74
32,67874.0,homme,25.9,45,743,1,célibataire,saint-louis,64471.0,14724.0,43,4,12,74
41,84087.0,homme,18.4,12,651,5,marié,thiès,72150.0,31351.0,17,3,10,97
36,27297.0,homme,28.2,10,832,1,divorcé,dakar,54227.0,31433.0,53,1,12,82
43,42128.0,homme,16.6,44,423,1,divorcé,kaolack,33116.0,9261.0,30,4,12,36
77,83368.0,femme,25.8,25,576,5,divorcé,dakar,16674.0,13479.0,57,4,5,77
73,93958.0,homme,21.3,21,693,4,divorcé,thiès,27469.0,15804.0,17,2,5,28
61,47920.0,femme,28.8,27,659,5,célibataire,saint-louis,15446.0,27245.0,37,2,19,82
79,148872.0,femme,39.9,23,768,4,divorcé,saint-louis,30760.0,45101.0,25,4,9,36
17,148682.0,femme,35.2,28,356,5,divorcé,kaolack,11963.0,12827.0,19,3,18,20
75,92603.0,homme,36.3,8,550,0,marié,dakar,86002.0,42368.0,24,1,2,87
69,48872.0,femme,31.2,41,449,4,marié,dakar,37262.0,44700.0,13,4,6,89
58,25728.0,homme,17.0,3,751,0,marié,dakar,15177.0,49416.0,35,3,4,11
16,110102.0,homme,21.0,48,461,4,célibataire,saint-louis,21160.0,12040.0,24,3,7,47
66,137049.0,homme,38.2,45,419,4,célibataire,kaolack,17543.0,19477.0,45,4,4,82
68,35583.0,homme,,17,650,5,célibataire,saint-louis,92162.0,16127.0,41,3,11,46
66,141374.0,femme,32.9,15,466,0,divorcé,thiès,39607.0,26049.0,47,3,18,14
41,106118.0,femme,23.2,32,813,5,marié,saint-louis,95835.0,24527.0,13,4,17,66
44,80942.0,homme,22.5,28,700,2,célibataire,kaolack,27221.0,12473.0,50,3,2,12
36,28689.0,femme,40.0,38,664,0,marié,dakar,13323.0,16709.0,18,4,6,58
26,48276.0,homme,36.6,9,625,2,divorcé,thiès,,33974.0,44,2,7,72
55,116968.0,femme,25.8,8,546,1,célibataire,saint-louis,86151.0,42464.0,37,4,14,12
26,28050.0,femme,39.5,30,733,5,divorcé,thiès,,13714.0,46,3,16,79
79,81216.0,femme,31.6,27,392,1,divorcé,thiès,33238.0,34208.0,56,4,18,77
51,99040.0,femme,33.8,2,567,5,célibataire,kaolack,73830.0,31945.0,18,1,3,71
64,36644.0,femme,16.8,13,620,5,divorcé,saint-louis,83967.0,21568.0,11,4,15,18
74,77021.0,homme,18.9,24,361,0,marié,kaolack,18330.0,9147.0,12,4,12,56
54,57291.0,homme,31.2,14,599,2,divorcé,dakar,54153.0,16267.0,53,1,11,31
55,147610.0,femme,37.6,1,702,5,divorcé,thiès,18611.0,41514.0,57,1,3,98
50,56520.0,homme,31.0,23,602,2,divorcé,kaolack,23872.0,31452.0,14,1,11,86
69,40675.0,femme,19.2,13,552,5,marié,kaolack,59455.0,5136.0,19,5,16,20
49,15174.0,homme,18.8,47,777,2,divorcé,dakar,44930.0,32579.0,37,4,8,81
70,107268.0,femme,36.3,6,668,1,divorcé,saint-louis,82022.0,31516.0,24,1,11,13
62,49998.0,femme,19.3,35,459,0,marié,kaolack,72714.0,11446.0,23,1,14,79
39,120410.0,femme,28.5,49,465,5,célibataire,thiès,98794.0,45099.0,55,2,19,23
69,90225.0,homme,16.9,23,504,3,célibataire,thiès,58716.0,24524.0,32,5,1,48
37,59814.0,homme,17.9,26,566,2,célibataire,thiès,76704.0,13188.0,22,4,8,31
20,100091.0,femme,32.1,36,437,2,divorcé,thiès,10415.0,38587.0,25,3,13,74
71,65719.0,femme,32.5,37,667,3,célibataire,kaolack,86441.0,40837.0,39,5,3,10
48,144887.0,homme,24.2,29,742,0,marié,thiès,80779.0,45537.0,49,5,3,59
73,48919.0,homme,21.2,26,316,2,divorcé,kaolack,92069.0,5560.0,17,2,5,67
51,88155.0,homme,35.5,38,367,0,divorcé,saint-louis,98444.0,45621.0,26,4,4,60
62,86569.0,homme,21.2,14,432,2,divorcé,thiès,81435.0,43227.0,39,4,16,89
35,56328.0,homme,29.0,25,729,4,célibataire,saint-louis,19888.0,36397.0,26,1,12,4
34,39618.0,femme,39.2,0,607,2,célibataire,kaolack,55299.0,11657.0,44,1,19,35
50,49675.0,homme,19.5,3,473,4,célibataire,dakar,68765.0,38082.0,10,5,16,96
67,33919.0,femme,38.6,28,711,5,divorcé,saint-louis,72714.0,18840.0,58,2,18,63
58,19173.0,femme,20.4,0,396,0,marié,thiès,25935.0,41430.0,33,4,0,77
32,124369.0,homme,29.6,42,453,2,divorcé,dakar,83002.0,40397.0,57,2,16,31
77,41400.0,homme,25.0,49,541,1,marié,saint-louis,90631.0,11324.0,58,3,2,70
74,85305.0,femme,39.2,45,603,1,divorcé,kaolack,86729.0,25247.0,34,4,13,73
60,103791.0,homme,22.6,21,584,3,marié,kaolack,11320.0,17558.0,11,1,11,65
58,85533.0,femme,25.6,10,326,1,divorcé,kaolack,56032.0,49262.0,34,5,14,9
49,118591.0,homme,39.6,9,701,4,divorcé,saint-louis,87763.0,19943.0,23,2,5,98
24,146060.0,homme,28.9,16,659,1,marié,kaolack,27907.0,39460.0,48,1,19,20
41,54194.0,homme,28.1,35,359,1,marié,saint-louis,48002.0,41986.0,42,5,1,39
17,124903.0,femme,22.2,46,501,1,marié,thiès,54838.0,44514.0,26,1,3,41
68,146461.0,homme,32.8,25,669,2,marié,thiès,48912.0,15372.0,40,4,12,71
24,114303.0,femme,16.3,47,832,3,marié,saint-louis,10552.0,12631.0,19,2,12,45
24,128903.0,homme,17.2,20,451,0,marié,saint-louis,30140.0,1472.0,15,3,16,81
55,82391.0,femme,30.4,12,401,3,marié,dakar,95591.0,26955.0,48,1,5,72
32,73002.0,homme,24.2,8,745,4,marié,kaolack,58737.0,47367.0,34,2,10,40
16,50531.0,femme,38.9,10,528,2,divorcé,thiès,43367.0,30802.0,47,4,18,93
40,19986.0,femme,37.7,10,424,5,marié,thiès,90634.0,4872.0,46,1,15,3
76,47298.0,femme,33.1,5,535,2,marié,dakar,34061.0,27547.0,39,4,7,98
58,16481.0,femme,35.6,0,461,1,divorcé,saint-louis,90336.0,43341.0,43,3,0,13
55,71408.0,femme,32.0,5,652,1,divorcé,saint-louis,52124.0,13691.0,27,3,9,13
57,136950.0,femme,19.0,12,367,4,célibataire,dakar,55638.0,44250.0,33,5,1,52
40,140355.0,homme,34.4,21,472,5,célibataire,kaolack,11982.0,4753.0,58,5,18,83
54,42798.0,femme,21.0,30,560,2,marié,saint-louis,45765.0,1833.0,36,5,13,28
50,106649.0,femme,23.8,21,516,5,marié,saint-louis,92606.0,38696.0,36,4,2,22
18,79887.0,femme,35.7,36,423,0,célibataire,kaolack,64681.0,8645.0,48,5,8,84
65,34477.0,homme,28.9,46,461,3,célibataire,kaolack,73232.0,39584.0,30,2,7,30
52,142815.0,homme,36.6,26,500,2,marié,dakar,72349.0,49892.0,28,4,10,95
59,142426.0,homme,21.1,49,753,5,célibataire,dakar,73474.0,30441.0,48,4,14,70
59,39335.0,femme,30.6,13,701,0,marié,dakar,39513.0,40024.0,32,5,5,76
66,101610.0,homme,18.0,46,761,0,divorcé,saint-louis,32592.0,43317.0,48,5,1,60
45,26442.0,homme,31.4,4,574,3,divorcé,dakar,33618.0,15062.0,57,4,0,22
53,61289.0,femme,34.3,35,505,0,célibataire,saint-louis,61632.0,9635.0,53,3,2,7
49,68747.0,femme,30.0,31,339,4,divorcé,thiès,25409.0,20064.0,56,3,17,75
27,52327.0,homme,22.4,33,572,0,divorcé,kaolack,19529.0,9940.0,24,5,13,99
34,87827.0,femme,16.8,6,392,5,divorcé,kaolack,34154.0,35169.0,52,3,16,15
52,121464.0,femme,18.9,41,341,4,divorcé,thiès,42882.0,13111.0,11,2,1,25
59,146184.0,femme,30.9,47,764,0,marié,dakar,54917.0,44131.0,44,2,18,28
74,102051.0,femme,38.4,9,678,1,marié,saint-louis,92488.0,45200.0,29,2,8,92
74,74722.0,homme,21.0,49,406,0,célibataire,saint-louis,,29739.0,37,4,7,5
64,107036.0,femme,33.6,16,627,4,divorcé,saint-louis,85281.0,42746.0,24,4,9,36
76,81960.0,homme,36.8,29,364,0,divorcé,kaolack,,17793.0,25,4,8,32
32,34552.0,homme,28.5,20,664,0,divorcé,dakar,78225.0,18146.0,42,4,7,94
25,15887.0,homme,32.1,12,783,0,célibataire,saint-louis,62492.0,33677.0,56,4,6,45
72,46802.0,homme,35.6,0,323,4,marié,saint-louis,12988.0,760.0,21,5,5,60
70,100024.0,femme,22.3,0,839,0,divorcé,saint-louis,45919.0,23022.0,48,3,1,40
64,133639.0,femme,23.1,46,361,3,marié,thiès,58426.0,5612.0,48,5,8,17
54,72134.0,homme,37.0,41,337,2,marié,dakar,21230.0,9013.0,50,3,15,18
67,147413.0,homme,35.0,38,324,0,célibataire,kaolack,93301.0,39113.0,11,4,17,1
44,105327.0,femme,19.4,24,709,4,marié,kaolack,15902.0,3574.0,28,5,8,91
30,146410.0,homme,29.1,45,760,3,divorcé,thiès,76758.0,32480.0,25,3,3,95
58,26344.0,homme,18.5,31,716,2,marié,kaolack,37050.0,7838.0,52,1,8,61
23,147822.0,femme,17.1,23,656,4,divorcé,saint-louis,84586.0,28363.0,53,3,1,82
76,82957.0,femme,31.8,47,682,1,marié,thiès,79110.0,31368.0,34,5,8,15
36,120423.0,homme,28.8,46,457,2,divorcé,thiès,86693.0,32228.0,10,4,8,93
54,73053.0,homme,18.0,43,732,4,célibataire,kaolack,29575.0,49711.0,11,2,17,21
34,105600.0,homme,,39,627,0,marié,dakar,50244.0,28639.0,36,2,12,55
38,137732.0,homme,16.7,49,732,0,divorcé,dakar,93481.0,14823.0,11,4,5,64
26,52641.0,femme,26.7,22,730,0,divorcé,dakar,24962.0,23510.0,39,2,8,44
26,44711.0,femme,28.1,49,355,5,marié,thiès,87332.0,38333.0,19,5,15,53
68,121896.0,homme,20.1,31,368,0,célibataire,kaolack,63494.0,38418.0,51,2,1,85
55,71276.0,femme,34.3,14,556,0,célibataire,dakar,93040.0,7436.0,22,4,14,32
39,34541.0,homme,28.2,35,789,5,marié,kaolack,40041.0,36476.0,57,4,5,78
18,109457.0,homme,31.3,48,348,2,célibataire,kaolack,20715.0,47219.0,59,3,10,49
