StudentID,Gender,Age,ParentalEducation,HoursStudyPerWeek,HouseholdIncome,MathScore,ReadingScore,WritingScore,Region,Abs_Jan,Abs_Feb,Abs_Mar,TotalAbsences,InternetAccess,PassFail
1,F,20.0,High School,,678932.5539653157,58.6,46.3,64.4,Dakar,2.0,1.0,4.0,7.0,1,1
2,F,17.0,Master,8.493919236658376,408814.4727518879,63.2,52.2,53.7,Dakar,2.0,0.0,4.0,6.0,0,1
3,F,21.0,High School,7.5028568913502545,349577.6971143147,61.7,56.2,56.8,Dakar,2.0,4.0,1.0,7.0,0,1
4,F,22.0,High School,7.154463080728124,187313.0790858616,56.1,62.6,45.0,Thies,3.0,1.0,150.0,154.0,1,1
5,F,21.0,Master,10.986445458408628,245853.7407667348,53.3,44.3,51.8,Thies,4.0,0.0,3.0,7.0,1,1
6,F,23.0,Bachelor,9.30231126714828,284303.9287527653,52.0,47.1,45.9,Saint louis,2.0,4.0,4.0,10.0,1,1
7,F,22.0,High School,17.10330171059055,335139.461230402,73.4,56.0,59.6,Thies,3.0,2.0,4.0,9.0,1,1
8,F,21.0,Master,4.591101428010703,74347.73471243025,79.7,66.6,69.8,Saint-louis,3.0,2.0,1.0,6.0,1,1
9,F,20.0,High School,10.072406808119904,67720.5177303383,74.8,64.4,62.2,Thiès,2.0,2.0,3.0,7.0,1,1
10,M,16.0,Master,5.883195960753948,223574.1133273251,78.6,61.9,75.1,Dakar,3.0,3.0,3.0,9.0,0,1
11,F,21.0,Master,4.522852052045424,324856.73241342825,65.7,57.8,47.2,Thies,2.0,2.0,5.0,9.0,0,1
12,F,21.0,Master,7.956531451860111,271287.2223417778,63.8,64.7,69.5,Dakar,2.0,0.0,1.0,3.0,0,1
13,F,21.0,High School,8.549409917628145,421642.17103679327,92.6,76.9,78.6,Thies,1.0,0.0,3.0,4.0,0,1
14,F,17.0,High School,19.67269422024037,122112.38556050774,89.7,54.5,66.1,Dakar,3.0,1.0,4.0,8.0,0,1
15,F,17.0,Bachelor,7.263416737267192,209838.5436475956,75.0,80.6,76.6,Saint-louis,1.0,1.0,4.0,6.0,1,1
16,F,23.0,High School,3.479285082061266,,57.7,58.7,55.6,Thies,3.0,2.0,3.0,8.0,1,1
17,F,20.0,Master,9.092042869977544,315734.31896101765,63.9,61.9,53.7,Saint-louis,2.0,2.0,5.0,9.0,0,1
18,F,22.0,Bachelor,0.2985601501854731,406181.109936139,58.6,63.2,55.7,Dakar,2.0,2.0,2.0,6.0,1,1
19,F,20.0,High School,7.632172869582937,355496.4559489709,62.2,58.4,56.9,Dakar,1.0,1.0,4.0,6.0,0,1
20,F,20.0,Master,8.064101129180642,216743.4698517813,42.2,38.2,36.2,Dakar,3.0,2.0,4.0,9.0,0,0
21,M,22.0,High School,11.178401531780846,173675.43089489947,69.1,72.0,62.3,Thies,2.0,3.0,1.0,6.0,1,1
22,F,19.0,Bachelor,11.894488997711388,267308.7718882954,74.9,73.4,79.5,Dakar,4.0,1.0,5.0,10.0,0,1
23,M,20.0,Master,5.98572152436913,65448.83946200693,60.8,51.0,60.9,Thies,1.0,0.0,1.0,2.0,1,1
24,F,19.0,Bachelor,7.397543941480268,262752.3835492837,59.3,55.7,60.8,Thies,4.0,2.0,4.0,10.0,1,1
25,F,19.0,Bachelor,4.935516677557317,405727.46248567983,53.1,57.9,50.3,Thiès,2.0,1.0,2.0,5.0,1,1
26,M,19.0,Master,3.4877497807692244,364870.7450174689,44.1,31.8,29.2,Saint louis,3.0,3.0,4.0,10.0,1,0
27,M,21.0,Bachelor,9.239579117522538,374289.9803265612,68.7,50.4,52.9,Thies,1.0,1.0,3.0,5.0,1,1
28,M,19.0,Bachelor,2.905657805613603,254938.92232326005,51.1,50.4,44.2,Saint louis,1.0,1.0,6.0,8.0,1,1
29,F,23.0,Master,6.341492397712548,221268.33167932305,60.7,51.1,58.5,Dakar,2.0,1.0,5.0,8.0,0,1
30,F,18.0,Bachelor,4.019304160403051,452310.68062783446,49.5,43.3,47.8,Thies,1.0,3.0,3.0,7.0,1,0
31,F,20.0,High School,10.198732745161038,161289.543651641,55.1,56.3,40.1,Saint-louis,3.0,2.0,5.0,10.0,0,1
32,M,19.0,Master,15.205720397065951,335289.8446551857,53.6,52.7,48.0,Thiès,2.0,2.0,3.0,7.0,1,1
33,F,24.0,High School,2.793648068786675,319600.1616813046,76.8,70.6,65.0,Saint-louis,1.0,1.0,1.0,3.0,0,1
34,M,20.0,Bachelor,0.5879260684097236,475406.0419508542,51.9,62.4,49.1,Thies,1.0,3.0,2.0,6.0,1,1
35,M,23.0,High School,7.500452458599731,279313.4358487928,52.1,49.0,46.2,Saint-louis,2.0,3.0,3.0,8.0,1,1
36,F,16.0,High School,8.062791183831033,144568.9655199455,87.9,64.1,67.9,Dakar,1.0,0.0,1.0,2.0,1,1
37,F,21.0,Master,8.87463722702919,157493.61998699518,67.5,58.8,57.0,Thiès,2.0,3.0,5.0,10.0,1,1
38,M,22.0,Master,6.21471793906262,369469.1781682961,40.3,36.8,27.0,Dakar,2.0,3.0,3.0,8.0,1,0
39,M,20.0,High School,7.197442804698273,292279.4823145,80.3,76.3,76.8,Thiès,3.0,3.0,4.0,10.0,0,1
40,F,23.0,Master,9.470041642162409,245379.38592554835,61.8,64.0,63.4,Dakar,3.0,1.0,3.0,7.0,1,1
41,F,19.0,Bachelor,12.161723570579356,421875.3460793365,74.0,61.3,74.9,Saint louis,1.0,1.0,1.0,3.0,0,1
42,F,24.0,High School,0.1798049187268686,234325.466454742,67.6,63.0,55.6,Dakar,2.0,2.0,3.0,7.0,0,1
43,M,26.0,Master,6.524242243874151,306294.8864267333,87.4,78.8,72.7,Dakar,1.0,2.0,3.0,6.0,1,1
44,F,19.0,Bachelor,8.855235175764253,393579.436890606,62.4,59.6,52.0,Dakar,1.0,3.0,150.0,154.0,1,1
45,F,19.0,Master,4.328095581557056,254986.92060677227,29.2,22.6,34.5,Dakar,0.0,3.0,2.0,5.0,1,0
46,F,24.0,Bachelor,14.924678527069196,488222.2782567065,321.5,63.1,39.7,Saint louis,3.0,2.0,3.0,8.0,0,1
47,F,24.0,High School,5.458360479085052,,72.5,67.8,74.7,Dakar,3.0,2.0,0.0,5.0,1,1
48,F,19.0,Bachelor,7.834829251970868,378831.4879610506,69.3,59.0,55.2,Saint-louis,1.0,2.0,4.0,7.0,1,1
49,M,19.0,Master,10.224088387369164,472059.94063918135,72.1,63.1,63.2,Dakar,1.0,2.0,4.0,7.0,1,1
50,M,19.0,Master,5.634860844792422,134724.54128734802,48.3,54.2,42.0,Thiès,3.0,3.0,4.0,10.0,1,0
51,F,17.0,High School,0.6137078087823316,258799.7788977061,55.7,64.7,56.7,Dakar,1.0,0.0,3.0,4.0,0,1
52,M,18.0,Master,6.2853818923338665,437064.8871462669,70.1,52.9,47.5,Dakar,3.0,2.0,6.0,11.0,1,1
53,F,17.0,Master,12.117762223708162,438869.345727723,80.0,67.7,70.8,Dakar,1.0,3.0,4.0,8.0,1,1
54,F,18.0,High School,6.652419492859446,244805.06056425424,76.0,64.0,69.9,Dakar,0.0,1.0,2.0,3.0,1,1
55,F,20.0,High School,4.614262794164086,182977.501032182,72.4,62.1,66.0,Thies,2.0,4.0,1.0,7.0,0,1
56,F,21.0,Master,11.702688838010886,414712.29867969145,66.0,41.5,54.0,Dakar,1.0,1.0,1.0,3.0,1,1
57,F,24.0,Bachelor,6.676900415907789,442025.8923097926,54.6,44.7,42.4,Saint louis,2.0,1.0,4.0,7.0,0,1
58,M,18.0,Master,5.9593567453991305,,82.4,73.0,81.0,Saint-louis,2.0,3.0,4.0,9.0,1,1
59,F,22.0,Bachelor,8.597824358653238,155530.36212403438,90.4,86.9,76.6,Dakar,3.0,4.0,3.0,10.0,0,1
60,F,19.0,High School,11.083000838475147,327030.801838032,96.9,77.3,79.9,Dakar,2.0,2.0,3.0,7.0,1,1
61,F,20.0,High School,17.526854126930182,276786.32763052103,88.0,57.0,60.9,Thiès,2.0,2.0,3.0,7.0,1,1
62,F,22.0,Master,11.308944430629692,264111.7097723934,47.0,41.6,40.6,Thies,2.0,4.0,4.0,10.0,0,0
63,F,17.0,Bachelor,12.639359865553375,381515.25839788193,40.3,36.7,26.9,Thiès,2.0,0.0,2.0,4.0,0,0
64,M,21.0,Master,5.976135204048578,214783.60717951413,57.9,48.3,44.5,Saint louis,1.0,0.0,3.0,4.0,0,1
65,F,20.0,High School,3.896527576122095,33441.665953891184,56.7,60.0,54.2,Saint louis,2.0,0.0,3.0,5.0,0,1
66,M,21.0,Master,8.249325398476492,249131.87132008848,65.6,46.4,62.5,Dakar,3.0,1.0,4.0,8.0,1,1
67,F,21.0,Master,8.428679661038386,307587.85758157214,63.7,66.7,59.1,Saint louis,2.0,1.0,2.0,5.0,1,1
68,M,26.0,Bachelor,3.6859490345416113,266899.2048124252,52.5,42.0,49.2,Dakar,2.0,2.0,2.0,6.0,1,1
69,F,18.0,Bachelor,7.298821880383949,160967.60836086178,88.6,77.4,88.3,Dakar,3.0,3.0,3.0,9.0,0,1
70,M,19.0,High School,9.597270406876524,62946.8310588477,89.0,84.7,76.2,Saint-louis,2.0,3.0,3.0,8.0,1,1
71,M,18.0,High School,9.44157358007232,160390.8158133775,57.2,40.5,35.4,Dakar,3.0,3.0,3.0,9.0,0,1
72,M,19.0,Master,10.01715141353709,407718.6925979692,47.6,39.5,43.5,Saint-louis,2.0,1.0,1.0,4.0,1,0
73,M,18.0,High School,9.163858920549773,450743.6927296419,69.0,58.0,49.7,Saint-louis,1.0,2.0,3.0,6.0,0,1
74,M,23.0,High School,5.971965362919777,272443.32221768727,87.1,97.7,69.7,Thies,2.0,1.0,7.0,10.0,0,1
75,F,24.0,High School,5.944397493404628,178197.09630433776,63.7,63.0,49.4,Thies,1.0,3.0,4.0,8.0,1,1
76,M,19.0,High School,3.204194408024496,105981.80455670544,68.7,55.1,68.9,Thies,2.0,2.0,0.0,4.0,1,1
77,F,18.0,Bachelor,15.13910015674038,359596.15379758744,61.6,67.0,58.2,Dakar,2.0,3.0,2.0,7.0,1,1
78,F,21.0,Master,8.053801458477173,376212.0013917511,68.6,69.1,71.5,Thies,3.0,5.0,3.0,11.0,1,1
79,F,19.0,Master,7.100587776820593,348020.3526240597,88.3,71.6,68.7,Thies,3.0,2.0,3.0,8.0,1,1
80,F,22.0,Master,4.2848316741901655,58312.4070914684,72.4,61.9,60.0,Saint-louis,2.0,1.0,1.0,4.0,0,1
81,F,21.0,Master,19.74263160931111,195973.849813984,82.3,57.6,63.8,Thiès,3.0,0.0,2.0,5.0,0,1
82,F,16.0,High School,3.706687871108418,296437.3451656826,44.3,43.1,32.0,Thies,2.0,1.0,4.0,7.0,0,0
83,F,24.0,High School,6.284608297575707,236415.6956696977,90.6,80.9,94.2,Thies,2.0,3.0,4.0,9.0,1,1
84,F,24.0,Bachelor,9.663347345144242,392076.8835122984,49.1,34.0,60.4,Dakar,2.0,3.0,3.0,8.0,1,0
85,F,18.0,High School,10.400851862977111,235361.22959788784,68.2,67.3,57.5,Thiès,1.0,2.0,4.0,7.0,1,1
86,F,19.0,Master,11.831728220862736,339694.0567845883,70.1,69.0,61.8,Saint louis,3.0,2.0,150.0,155.0,1,1
87,M,21.0,High School,15.230434031077053,,73.6,55.4,57.8,Saint louis,0.0,3.0,3.0,6.0,1,1
88,M,21.0,High School,10.02463062184285,285743.9427978483,78.5,76.1,73.1,Saint-louis,1.0,0.0,150.0,151.0,1,1
89,F,22.0,High School,3.7758768001333296,204393.0332974111,55.2,53.0,57.9,Thiès,2.0,3.0,1.0,6.0,1,1
90,M,25.0,Master,6.972219499512874,307888.51920567447,62.1,57.3,47.9,Thies,1.0,2.0,3.0,6.0,0,1
91,F,20.0,High School,9.23132949005554,172563.94127119353,51.0,40.5,43.4,Dakar,2.0,0.0,5.0,7.0,1,1
92,F,18.0,High School,16.272904166023295,220993.5830606748,88.9,72.0,80.7,Thiès,2.0,2.0,5.0,9.0,0,1
93,M,17.0,Master,2.408778086302812,358150.96546071296,69.0,55.5,66.2,Thies,1.0,0.0,3.0,4.0,0,1
94,M,18.0,Bachelor,12.81030602090091,332097.04666776734,85.2,59.1,69.6,Saint-louis,2.0,3.0,3.0,8.0,1,1
95,M,20.0,Master,8.719657478185667,345699.17020143045,78.3,73.4,72.8,Dakar,2.0,2.0,5.0,9.0,0,1
96,M,24.0,High School,11.351322140917922,371261.90181355656,90.2,80.2,87.5,Saint louis,1.0,1.0,3.0,5.0,1,1
97,M,,High School,7.592021133456272,221829.9235781145,87.4,75.4,88.7,Saint-louis,3.0,2.0,2.0,7.0,1,1
98,F,21.0,High School,4.630269479494695,161460.11969670295,61.9,55.4,68.4,Thies,0.0,3.0,4.0,7.0,1,1
99,M,20.0,Master,11.003491117605328,,74.3,51.3,61.6,Thies,4.0,1.0,1.0,6.0,0,1
100,F,23.0,Bachelor,10.617724108422484,136056.1994797299,51.8,39.9,55.7,Saint louis,3.0,3.0,3.0,9.0,1,1
101,F,26.0,High School,11.888227862958887,130601.35762701124,83.6,69.7,68.5,Thies,3.0,2.0,3.0,8.0,0,1
102,M,19.0,Master,7.946781458485459,340301.6717664083,80.6,50.1,64.0,Dakar,3.0,3.0,4.0,10.0,0,1
103,M,19.0,High School,5.600711906720603,313673.0679135007,41.1,54.5,50.9,Thies,2.0,2.0,2.0,6.0,1,0
104,F,23.0,High School,1.7648520199046338,150593.8531795206,76.4,71.9,68.0,Saint-louis,1.0,3.0,3.0,7.0,0,1
105,M,22.0,High School,,254061.90228159,77.2,71.4,61.9,Thies,2.0,1.0,3.0,6.0,0,1
106,M,25.0,Master,9.695557929775944,227269.94013364092,52.8,47.1,51.2,Dakar,3.0,1.0,3.0,7.0,0,1
107,M,21.0,Bachelor,4.1368694685441625,241598.8412542084,59.6,60.3,67.9,Dakar,1.0,1.0,3.0,5.0,0,1
108,F,,Bachelor,5.845705306813503,413231.7331527535,59.7,60.8,62.5,Saint louis,2.0,2.0,4.0,8.0,1,1
109,M,21.0,Master,6.132964752194238,384780.65562567033,61.0,61.4,65.2,Thies,0.0,2.0,4.0,6.0,1,1
110,F,23.0,High School,2.0680622720703274,297705.3384175551,56.8,57.7,47.5,Thiès,1.0,2.0,4.0,7.0,1,1
111,F,22.0,Bachelor,4.729270413579465,234484.56874620865,39.6,48.8,35.0,Thiès,1.0,1.0,1.0,3.0,1,0
112,F,21.0,High School,,96328.65489995557,55.5,61.5,56.6,Dakar,4.0,1.0,4.0,9.0,1,1
113,F,23.0,High School,6.350083952448253,470422.1926538339,53.7,43.7,42.9,Saint-louis,1.0,4.0,2.0,7.0,0,1
114,M,23.0,High School,5.045210006681749,371053.6680341902,68.6,69.5,57.7,Dakar,2.0,2.0,6.0,10.0,1,1
115,F,23.0,Bachelor,1.491980316533005,215199.70751122315,57.8,68.0,67.1,Dakar,4.0,3.0,3.0,10.0,1,1
116,F,22.0,Master,16.090360922277924,386351.93971498695,70.9,59.2,66.3,Dakar,3.0,2.0,3.0,8.0,1,1
117,M,20.0,Bachelor,13.010162924116925,291573.16553104494,60.1,37.0,48.8,Thiès,4.0,2.0,5.0,11.0,0,1
118,M,20.0,Master,4.883922313920058,265546.8594165188,49.7,43.9,36.3,Saint-louis,4.0,1.0,5.0,10.0,0,0
119,F,23.0,High School,9.08968558661444,352225.3833947523,61.4,45.2,52.0,Saint-louis,2.0,0.0,3.0,5.0,1,1
120,F,18.0,High School,,211020.210010473,69.3,50.6,53.5,Thiès,2.0,3.0,1.0,6.0,1,1
121,F,21.0,Bachelor,12.764343419093908,258749.2176587868,65.6,59.5,-10.0,Dakar,2.0,2.0,1.0,5.0,1,1
122,F,19.0,Bachelor,4.7255798933596855,314575.3277039455,66.6,64.0,71.7,Dakar,2.0,1.0,2.0,5.0,0,1
123,M,20.0,Master,12.368427135929704,240065.8568537744,87.6,71.9,74.7,Thiès,2.0,2.0,3.0,7.0,1,1
124,F,23.0,Bachelor,,380290.2252321029,48.1,54.5,44.7,Saint-louis,4.0,1.0,3.0,8.0,0,0
125,F,,High School,2.6565503833255466,335579.6863090808,52.2,47.1,44.0,Saint-louis,2.0,4.0,2.0,8.0,1,1
126,F,20.0,Master,10.89654623725799,209484.22408714285,75.3,67.4,59.2,Thies,1.0,3.0,2.0,6.0,1,1
127,M,17.0,Master,13.163033696489713,100184.96444351468,69.5,53.8,54.0,Thies,3.0,1.0,5.0,9.0,1,1
128,M,22.0,Master,18.351635894122737,59791.17990284861,87.5,63.7,68.0,Dakar,3.0,0.0,5.0,8.0,1,1
129,F,22.0,High School,3.201098939639146,210550.47837257263,62.1,60.2,55.6,Thies,1.0,2.0,5.0,8.0,1,1
130,F,25.0,High School,10.795678740323154,181629.91796539,94.4,95.7,72.6,Thies,1.0,2.0,2.0,5.0,1,1
131,F,19.0,High School,6.360795024825868,324943.26012804965,48.1,49.9,43.2,Saint-louis,3.0,3.0,4.0,10.0,1,0
132,F,21.0,Bachelor,11.133434842096126,315911.7206431321,77.9,77.8,72.8,Dakar,1.0,2.0,4.0,7.0,0,1
133,M,21.0,Master,2.1180417950749977,107613.97840630844,64.5,52.8,72.6,Dakar,2.0,1.0,5.0,8.0,0,1
134,F,,High School,2.948920897205744,82213.94046223129,33.3,44.2,40.6,Dakar,2.0,3.0,3.0,8.0,0,0
135,F,20.0,Bachelor,4.896500707334065,335511.98884153145,45.1,40.9,23.8,Dakar,2.0,3.0,2.0,7.0,1,0
136,F,21.0,Bachelor,8.315856182672338,316251.4601663948,46.9,61.1,51.4,Dakar,3.0,4.0,2.0,9.0,1,0
137,M,22.0,Bachelor,5.435674933846578,,73.5,62.7,80.1,Dakar,3.0,3.0,3.0,9.0,1,1
138,M,20.0,High School,10.63621737565368,101142.76978412343,79.5,78.3,80.0,Saint louis,2.0,1.0,3.0,6.0,0,1
139,F,,Master,12.107578473031658,356566.95153179887,59.2,65.9,67.3,Thies,3.0,2.0,3.0,8.0,1,1
140,M,20.0,Master,10.398310164981424,452627.9454508732,66.3,58.8,64.6,Thies,3.0,2.0,1.0,6.0,1,1
141,F,23.0,Bachelor,14.475150558643472,333357.89282627066,63.1,40.3,43.9,Thies,3.0,1.0,5.0,9.0,0,1
142,M,,High School,9.663306517821372,198303.13313219225,63.0,59.5,67.0,Dakar,3.0,0.0,1.0,4.0,1,1
143,F,20.0,Master,3.132413158639332,305346.2598685382,53.4,57.3,52.3,Dakar,1.0,5.0,5.0,11.0,1,1
144,F,18.0,Bachelor,13.453506054153358,136066.3102879578,87.8,81.8,85.3,Thies,1.0,1.0,3.0,5.0,1,1
145,F,23.0,Master,,426955.2856606551,48.2,40.4,46.7,Dakar,2.0,2.0,6.0,10.0,1,0
146,F,16.0,Master,11.64167399874228,309821.32014354464,66.1,59.0,58.9,Saint-louis,3.0,2.0,1.0,6.0,0,1
147,F,19.0,High School,,55587.10609328574,79.0,84.3,88.0,Saint-louis,1.0,2.0,5.0,8.0,1,1
148,F,21.0,Master,9.826752042921596,263919.0767467581,69.5,64.6,66.6,Dakar,1.0,1.0,2.0,4.0,0,1
149,M,24.0,High School,2.015364747341401,258662.457100282,52.0,41.9,57.7,Dakar,0.0,2.0,1.0,3.0,1,1
150,F,20.0,Master,4.327151333960834,260034.2854829373,43.3,40.5,36.9,Dakar,1.0,4.0,5.0,10.0,1,0
151,F,19.0,Bachelor,13.290977867540542,266892.51342717913,76.7,64.4,57.3,Dakar,1.0,2.0,4.0,7.0,1,1
152,F,25.0,High School,7.323509257428735,92659.76182250035,73.9,69.1,57.8,Dakar,2.0,4.0,1.0,7.0,1,1
153,M,16.0,Bachelor,8.318294139768664,367984.9184497987,87.8,66.4,83.8,Dakar,1.0,2.0,3.0,6.0,1,1
154,F,15.0,Master,11.035297664654436,222183.6959977035,70.3,57.5,57.2,Dakar,3.0,2.0,5.0,10.0,1,1
155,F,21.0,Master,10.785291448321294,,64.4,51.5,59.7,Thies,2.0,2.0,4.0,8.0,1,1
156,M,19.0,Bachelor,9.115199249541842,,66.3,40.8,64.4,Saint-louis,0.0,2.0,3.0,5.0,0,1
157,F,17.0,Master,7.165326515118137,417737.9658684424,53.5,48.4,43.3,Dakar,2.0,2.0,5.0,9.0,1,1
158,M,22.0,Master,6.749326217070571,253568.46640800632,70.9,47.6,59.2,Saint louis,2.0,1.0,4.0,7.0,1,1
159,M,21.0,Master,11.431595301165371,508558.1982148225,43.4,48.1,43.6,Dakar,4.0,0.0,1.0,5.0,1,0
160,F,,High School,10.214278124271171,214424.2679227686,82.5,78.7,64.2,Saint-louis,2.0,3.0,3.0,8.0,1,1
161,F,17.0,Bachelor,6.970799997528841,340650.97947364394,68.7,68.9,83.0,Thies,0.0,2.0,4.0,6.0,1,1
162,M,22.0,High School,12.328449251972565,284592.20808988693,79.9,214.2,70.7,Dakar,2.0,4.0,150.0,156.0,0,1
163,F,22.0,Master,7.483863539480865,291805.6550682851,53.3,44.9,36.8,Thies,2.0,2.0,2.0,6.0,1,1
164,F,20.0,High School,4.593351302662427,199919.3330617536,64.8,52.6,53.4,Thies,3.0,0.0,4.0,7.0,1,1
165,M,25.0,Master,4.964117204386621,263727.67295009684,58.7,46.9,56.4,Saint-louis,5.0,2.0,150.0,157.0,0,1
166,M,,High School,4.085036654760936,363704.0594480578,71.1,65.3,53.5,Dakar,1.0,2.0,0.0,3.0,1,1
167,F,16.0,High School,6.910359933585252,187700.25242513212,74.4,71.7,57.3,Thies,1.0,1.0,1.0,3.0,1,1
168,F,18.0,Master,12.934897113344771,170892.74055308884,65.8,62.8,55.6,Thies,2.0,3.0,3.0,8.0,0,1
169,F,20.0,High School,,113910.09890972526,49.6,52.3,60.3,Dakar,4.0,3.0,4.0,11.0,1,0
170,M,21.0,Master,8.75390304407241,545478.5457212585,77.1,69.4,73.7,Dakar,3.0,1.0,2.0,6.0,1,1
171,F,19.0,Master,5.373242617490347,363641.1482004696,60.6,58.1,46.1,Saint louis,2.0,1.0,4.0,7.0,1,1
172,F,21.0,High School,6.95876383491425,287246.9243881418,49.7,65.7,49.4,Dakar,3.0,3.0,4.0,10.0,1,0
173,F,17.0,High School,1.9598351520589912,135128.4988399267,65.3,67.6,60.4,Saint-louis,4.0,1.0,3.0,8.0,1,1
174,F,24.0,Master,7.11784708337385,,80.8,68.3,76.7,Dakar,1.0,2.0,4.0,7.0,1,1
175,F,20.0,Master,7.225178480780151,286011.4384256006,62.8,48.4,40.8,Saint louis,1.0,2.0,4.0,7.0,0,1
176,M,23.0,High School,10.16115177614278,239773.99062176177,93.2,80.2,76.8,Thies,2.0,1.0,4.0,7.0,0,1
177,F,21.0,Bachelor,8.893123653021481,182805.5620963733,51.0,48.7,41.5,Thies,2.0,2.0,4.0,8.0,1,1
178,F,21.0,Master,3.206431500191819,319232.2628901092,83.3,72.9,77.1,Thiès,3.0,2.0,2.0,7.0,1,1
179,M,21.0,Master,12.33679297617417,249139.97541522203,82.9,76.6,74.1,Dakar,2.0,2.0,2.0,6.0,1,1
180,F,21.0,Master,8.84121216088798,208126.66115637743,56.0,45.1,42.7,Thies,2.0,0.0,150.0,152.0,1,1
181,F,,Bachelor,8.793574068709948,388092.76029686985,39.7,43.1,44.5,Saint louis,4.0,2.0,4.0,10.0,0,0
182,F,23.0,Master,7.963270586459444,115475.0629763997,72.6,61.5,58.1,Saint-louis,2.0,1.0,4.0,7.0,0,1
183,M,20.0,High School,,265672.19416354905,57.7,57.2,45.9,Dakar,2.0,3.0,4.0,9.0,0,1
184,F,22.0,Master,8.871209358994903,382138.3360263595,60.9,60.3,43.9,Dakar,3.0,2.0,5.0,10.0,1,1
185,M,20.0,Master,9.902353743714327,194442.75893385112,89.6,78.5,86.9,Saint louis,2.0,1.0,3.0,6.0,0,1
186,F,24.0,Bachelor,1.0124172346177804,201560.58466410392,42.6,47.5,41.8,Dakar,2.0,2.0,2.0,6.0,1,0
187,M,18.0,Master,5.844956650615617,273236.9182480317,54.9,38.4,51.0,Dakar,2.0,2.0,4.0,8.0,0,1
188,F,25.0,Master,6.9802121183856425,333844.34525546647,56.4,54.5,53.5,Thies,2.0,2.0,3.0,7.0,1,1
189,F,20.0,Bachelor,9.024682422777111,281657.4009822929,32.0,214.2,28.3,Dakar,2.0,0.0,5.0,7.0,1,0
190,M,16.0,Master,12.773244023708504,352027.4952230255,69.1,61.9,70.5,Thies,1.0,2.0,5.0,8.0,0,1
191,F,20.0,High School,4.913036741612871,511557.5583044879,50.8,54.2,53.2,Thies,3.0,3.0,4.0,10.0,1,1
192,F,18.0,Master,6.008152612728632,239073.98770203436,66.0,67.8,75.7,Saint-louis,2.0,3.0,1.0,6.0,1,1
193,M,22.0,Master,5.949863557413799,94178.40351558954,77.6,79.5,70.5,Dakar,3.0,3.0,1.0,7.0,1,1
194,F,18.0,High School,4.793889639581834,399110.8299636784,70.0,56.6,71.6,Thies,0.0,1.0,1.0,2.0,1,1
195,F,19.0,High School,6.61125401955095,376083.4830100612,75.7,73.0,63.3,Saint louis,1.0,3.0,3.0,7.0,1,1
196,M,15.0,Bachelor,11.083208879951885,347132.2035661349,75.1,63.5,50.2,Thies,1.0,1.0,4.0,6.0,0,1
197,M,19.0,Master,3.7846580185426175,169470.15895755985,58.7,51.1,66.3,Saint-louis,2.0,2.0,3.0,7.0,0,1
198,F,14.0,High School,,174538.8824110504,54.1,42.6,52.9,Thiès,1.0,1.0,2.0,4.0,1,1
199,F,16.0,Master,1.192391079926658,165777.18189460412,68.0,68.1,79.1,Dakar,0.0,3.0,3.0,6.0,1,1
200,F,22.0,Master,5.754648014231176,377142.6592755537,74.8,71.3,-10.0,Dakar,3.0,0.0,2.0,5.0,1,1
201,F,22.0,High School,6.682042799128055,137845.15167618787,68.4,57.5,75.7,Dakar,1.0,3.0,3.0,7.0,1,1
202,F,21.0,High School,14.699438691656258,263984.545580616,84.1,74.2,62.4,Saint louis,3.0,1.0,3.0,7.0,1,1
203,F,18.0,Bachelor,6.900790780989248,179479.46084473122,67.6,61.3,57.0,Thies,1.0,3.0,2.0,6.0,1,1
204,M,20.0,Master,0.8049738938036732,315218.9622161954,62.2,52.2,53.0,Thiès,0.0,2.0,3.0,5.0,1,1
205,F,20.0,Master,0.0044443725550005,256038.99874346907,76.9,72.5,69.3,Dakar,2.0,2.0,4.0,8.0,0,1
206,F,17.0,Bachelor,8.136118345386723,321211.45239003166,45.9,34.0,33.4,Thies,3.0,2.0,1.0,6.0,1,0
207,F,24.0,Bachelor,10.455083423159635,302682.0665959639,80.9,70.6,61.6,Saint louis,1.0,1.0,3.0,5.0,1,1
208,F,22.0,Bachelor,9.501823430509011,181600.91667310675,79.9,77.3,69.6,Thies,1.0,4.0,0.0,5.0,1,1
209,M,19.0,Master,8.67028042320396,375225.2476234826,57.9,40.9,51.2,Dakar,3.0,2.0,3.0,8.0,1,1
210,F,20.0,Bachelor,12.649038390022667,294148.1217788262,85.1,67.1,73.4,Dakar,2.0,2.0,4.0,8.0,1,1
211,F,21.0,Master,,181376.519056092,22.5,35.7,22.5,Dakar,1.0,4.0,4.0,9.0,1,0
212,F,15.0,Master,11.5796422241073,568911.1867446951,68.9,52.3,66.0,Saint-louis,1.0,1.0,2.0,4.0,0,1
213,F,19.0,Master,1.4719404598943306,357171.620006055,59.0,56.2,52.9,Dakar,1.0,2.0,2.0,5.0,1,1
214,F,18.0,High School,4.380208668247735,244390.76209356423,62.0,63.1,61.6,Thiès,2.0,2.0,3.0,7.0,1,1
215,F,,Master,0.771834420272735,469824.5432042189,52.6,59.5,56.9,Saint-louis,3.0,2.0,1.0,6.0,1,1
216,F,19.0,Bachelor,6.900618797320831,521017.8731263928,69.9,57.4,72.6,Thies,2.0,2.0,3.0,7.0,1,1
217,F,24.0,Master,7.81495513093463,282558.0693223338,41.3,39.7,38.4,Dakar,2.0,1.0,2.0,5.0,0,0
218,F,22.0,Master,8.456405968906079,341687.69837217144,79.4,69.2,72.4,Thiès,1.0,2.0,4.0,7.0,0,1
219,F,19.0,Bachelor,8.247533411548542,,63.9,50.2,62.7,Saint louis,3.0,2.0,2.0,7.0,1,1
220,F,21.0,Master,4.289786676753089,282336.86990783864,72.4,97.1,67.3,Saint-louis,3.0,4.0,3.0,10.0,1,1
221,F,23.0,Master,7.239036622347137,276112.4935488156,70.6,71.7,61.1,Dakar,3.0,4.0,4.0,11.0,1,1
222,F,22.0,Master,2.0102133255770056,322179.24403459847,53.0,52.8,58.2,Saint louis,2.0,2.0,4.0,8.0,1,1
223,M,20.0,Master,13.452915900529002,339931.25743644126,67.9,65.3,51.2,Saint louis,2.0,3.0,4.0,9.0,0,1
224,F,18.0,Bachelor,6.785495708407996,367179.4138593672,64.9,57.7,55.0,Thiès,1.0,1.0,3.0,5.0,1,1
225,M,22.0,High School,6.044455523825235,,90.7,75.6,69.8,Saint louis,2.0,5.0,1.0,8.0,0,1
226,M,21.0,High School,14.35576131377633,101249.9409829544,52.7,48.4,53.2,Thies,4.0,2.0,3.0,9.0,0,1
227,F,22.0,High School,3.031013865803083,119197.7189251852,65.9,58.3,48.7,Dakar,1.0,2.0,3.0,6.0,1,1
228,M,22.0,High School,3.497651543872124,150756.35758857225,37.6,47.5,37.1,Thiès,1.0,3.0,2.0,6.0,1,0
229,M,23.0,Master,3.61511870052574,266131.1289692125,69.2,71.5,53.7,Thies,2.0,3.0,3.0,8.0,1,1
230,F,19.0,High School,7.728514473202073,340153.4327266523,56.3,60.8,50.2,Saint louis,1.0,2.0,2.0,5.0,1,1
231,M,23.0,Master,9.72652651855039,160447.32157765044,57.2,60.0,53.1,Dakar,1.0,0.0,3.0,4.0,1,1
232,F,20.0,Bachelor,10.958701872471334,257110.194219516,93.2,84.5,82.8,Dakar,2.0,3.0,3.0,8.0,0,1
233,F,25.0,High School,18.287981269979877,414361.139785686,65.2,58.4,42.2,Thies,3.0,1.0,2.0,6.0,1,1
234,F,18.0,Bachelor,0.9977298168030552,264014.7030604065,59.1,63.1,54.5,Thies,2.0,3.0,1.0,6.0,1,1
235,F,24.0,High School,10.434942356497668,283642.9599340973,61.5,43.4,63.0,Thies,1.0,3.0,1.0,5.0,0,1
236,F,20.0,High School,5.771477709711075,242006.58899956656,57.0,58.7,61.5,Thies,1.0,2.0,5.0,8.0,0,1
237,M,18.0,High School,5.654339404444906,273102.80092840275,96.9,102.9,89.2,Thiès,2.0,3.0,3.0,8.0,0,1
238,M,19.0,Bachelor,5.52091148698449,272583.2947428551,27.5,33.6,38.9,Saint-louis,3.0,1.0,6.0,10.0,1,0
239,F,19.0,Bachelor,4.364921316768107,380047.8567274025,62.0,65.0,79.5,Thiès,2.0,4.0,6.0,12.0,0,1
240,F,21.0,Master,14.738099338413807,114593.23111122775,102.9,88.7,82.0,Dakar,1.0,2.0,5.0,8.0,0,1
241,M,21.0,Master,11.36918930805561,256402.55899337455,88.0,74.3,61.4,Dakar,3.0,2.0,1.0,6.0,0,1
242,F,19.0,Bachelor,8.0927839142295,335588.721203317,73.9,56.7,57.3,Saint louis,4.0,3.0,5.0,12.0,0,1
243,F,20.0,Bachelor,13.404063009948,364043.4297607432,51.9,46.3,45.4,Dakar,3.0,1.0,3.0,7.0,0,1
244,M,25.0,High School,1.9498841388044976,479154.31473045936,78.2,79.3,70.8,Dakar,4.0,1.0,150.0,155.0,1,1
245,F,24.0,Master,2.677179474676296,,62.4,57.2,77.1,Saint louis,1.0,1.0,2.0,4.0,1,1
246,M,21.0,High School,0.711870928778751,477537.8114233047,40.5,42.2,42.9,Saint-louis,3.0,4.0,3.0,10.0,1,0
247,M,20.0,Bachelor,5.20234183950685,220917.14080083952,64.4,53.5,52.5,Thiès,3.0,2.0,4.0,9.0,0,1
248,M,20.0,High School,8.646794106819012,337643.8407843657,52.4,33.6,42.3,Thiès,2.0,2.0,6.0,10.0,1,1
249,M,22.0,High School,8.411434311729336,,30.8,29.6,21.2,Thies,1.0,3.0,1.0,5.0,0,0
250,F,17.0,High School,8.597367644239522,190384.97044413327,52.1,47.4,50.2,Thies,1.0,2.0,6.0,9.0,1,1
251,M,19.0,Master,2.3557726757356727,336844.70847021864,69.6,62.4,58.4,Dakar,2.0,2.0,5.0,9.0,1,1
252,M,16.0,High School,11.212618970456088,293851.699736137,74.7,71.2,59.8,Dakar,0.0,1.0,3.0,4.0,0,1
253,F,,High School,8.958510072955992,302488.6013681372,63.6,58.4,61.9,Thiès,4.0,1.0,2.0,7.0,1,1
254,F,22.0,High School,10.932217125863994,205949.4664564142,92.8,71.3,74.8,Thiès,1.0,1.0,1.0,3.0,1,1
255,M,19.0,Bachelor,0.4289512896397927,263130.4529205922,71.6,77.4,64.2,Saint-louis,2.0,2.0,2.0,6.0,1,1
256,F,24.0,High School,9.24596343519116,344827.00125912053,57.7,64.8,68.8,Saint louis,0.0,2.0,2.0,4.0,1,1
257,F,17.0,High School,3.2489390403298923,228658.22022061347,66.4,49.4,60.6,Dakar,4.0,3.0,3.0,10.0,1,1
258,M,16.0,Master,6.410706989794552,399170.678903012,74.8,70.8,64.9,Thies,3.0,2.0,3.0,8.0,0,1
259,F,21.0,High School,10.137459594545533,272957.82179469604,321.5,57.8,58.5,Thies,0.0,1.0,4.0,5.0,0,1
260,F,23.0,High School,8.364374425023653,499999.5911073028,48.9,47.2,41.2,Dakar,2.0,2.0,4.0,8.0,0,0
261,M,24.0,Bachelor,4.593840080882725,218599.8444797408,60.0,214.2,54.7,Thiès,2.0,2.0,3.0,7.0,1,1
262,M,19.0,High School,8.025092624737674,173629.0771868313,81.3,66.8,66.3,Dakar,2.0,2.0,3.0,7.0,1,1
263,F,23.0,Master,1.873858739025428,482942.0617339084,77.2,79.6,72.2,Saint louis,3.0,2.0,5.0,10.0,1,1
264,M,20.0,Bachelor,12.601069583593183,246606.43309256964,82.4,69.2,70.9,Thies,1.0,4.0,4.0,9.0,1,1
265,F,,High School,7.178863922014995,390348.1387941896,70.7,71.6,60.4,Dakar,2.0,1.0,4.0,7.0,0,1
266,M,22.0,Master,12.474199777021305,407020.8695513776,85.1,86.2,78.8,Saint-louis,0.0,1.0,2.0,3.0,1,1
267,F,22.0,Bachelor,5.893873251615828,281442.0352127,76.3,61.3,64.9,Saint louis,2.0,0.0,5.0,7.0,0,1
268,F,16.0,High School,5.905696046373668,82404.78335794099,59.7,57.8,54.7,Saint louis,0.0,2.0,4.0,6.0,1,1
269,F,24.0,Master,4.943252853448614,297681.80348737974,79.3,75.1,77.2,Dakar,3.0,0.0,3.0,6.0,1,1
270,F,23.0,Bachelor,11.5046957267723,312195.60642401094,77.8,71.3,71.9,Saint-louis,1.0,2.0,0.0,3.0,0,1
271,M,18.0,High School,5.162275370686096,440066.1279965248,73.1,84.8,62.1,Dakar,2.0,2.0,3.0,7.0,1,1
272,F,21.0,High School,10.578381729660704,490613.66114881344,63.0,34.1,49.2,Saint-louis,3.0,1.0,2.0,6.0,1,1
273,F,21.0,High School,6.470190409322839,,54.8,39.7,42.3,Thies,4.0,3.0,4.0,11.0,0,1
274,F,21.0,High School,0.0961468004335213,396141.81167858193,54.4,49.6,47.4,Thies,4.0,2.0,3.0,9.0,1,1
275,M,19.0,Master,5.718743728854136,391848.2587216019,62.0,63.5,45.2,Thies,3.0,4.0,1.0,8.0,1,1
276,F,18.0,High School,3.2835671425486077,428809.5242892534,88.1,75.3,85.3,Dakar,2.0,3.0,3.0,8.0,1,1
277,M,20.0,Bachelor,,359842.78945626534,50.3,47.6,41.9,Thiès,3.0,2.0,5.0,10.0,0,1
278,M,23.0,Master,3.238369057302039,66900.27708458761,78.2,65.7,67.9,Thies,2.0,1.0,3.0,6.0,1,1
279,M,21.0,Bachelor,11.703900402858467,281349.30809666886,64.5,42.4,46.1,Dakar,2.0,3.0,3.0,8.0,0,1
280,M,19.0,Bachelor,7.635696558587891,161315.09100997017,88.7,94.3,73.6,Dakar,1.0,3.0,3.0,7.0,1,1
281,F,22.0,Master,7.289616020965044,275687.30724983115,45.7,38.4,41.2,Dakar,4.0,4.0,3.0,11.0,1,0
282,F,13.0,Master,10.623568551150331,417600.50833606726,73.2,66.4,72.8,Saint louis,1.0,1.0,5.0,7.0,1,1
283,M,23.0,Master,11.85562773630345,336618.1003049967,79.6,71.5,71.6,Dakar,1.0,2.0,4.0,7.0,1,1
284,F,16.0,Bachelor,7.919604992921394,437770.90396769193,77.1,75.1,65.1,Dakar,2.0,3.0,2.0,7.0,0,1
285,M,19.0,High School,4.915198801802838,267303.2507339572,56.5,49.2,49.7,Saint-louis,0.0,3.0,3.0,6.0,1,1
286,F,17.0,High School,0.9041215355514822,117633.16698158871,56.3,43.4,46.9,Thiès,2.0,3.0,3.0,8.0,0,1
287,M,17.0,High School,5.25580097185928,-1983.4035162495256,81.9,79.3,79.8,Thies,4.0,2.0,4.0,10.0,1,1
288,F,23.0,High School,5.531151013408154,240275.37510904856,77.0,78.3,80.1,Thiès,2.0,1.0,4.0,7.0,0,1
289,M,19.0,High School,8.428229811969187,220708.24966443863,73.7,80.4,70.0,Dakar,2.0,2.0,3.0,7.0,0,1
290,F,21.0,Bachelor,6.619412475447891,182766.51127417412,83.5,73.6,75.3,Thiès,1.0,2.0,1.0,4.0,1,1
291,M,20.0,Bachelor,10.751731888205711,95924.73004183464,49.4,44.9,37.6,Dakar,0.0,3.0,3.0,6.0,1,0
292,F,21.0,Bachelor,5.548066914917242,211830.81438327488,50.1,46.7,43.7,Saint-louis,3.0,0.0,2.0,5.0,0,1
293,M,20.0,Master,7.771835332588233,276661.0218162269,56.0,53.2,54.7,Thiès,2.0,2.0,2.0,6.0,1,1
294,M,17.0,High School,12.735949772787556,279171.3827933746,70.4,63.5,53.2,Saint-louis,3.0,0.0,4.0,7.0,1,1
295,M,22.0,Master,9.367300855819868,322635.7297881576,62.4,57.5,56.1,Dakar,0.0,2.0,3.0,5.0,1,1
296,F,19.0,High School,7.759849833245742,331521.7011245128,74.5,76.5,63.3,Thies,3.0,1.0,2.0,6.0,1,1
297,M,16.0,Master,5.592222232259292,175727.51327455268,79.8,79.8,73.1,Saint louis,4.0,0.0,6.0,10.0,1,1
298,F,19.0,Master,5.467074413140091,405727.067046892,56.2,43.0,51.2,Thies,3.0,4.0,4.0,11.0,1,1
299,F,24.0,High School,4.597546988192208,183535.56419839413,52.1,47.4,51.2,Dakar,2.0,0.0,4.0,6.0,1,1
300,F,22.0,Master,5.835972536868402,383360.2948942301,68.0,58.4,66.3,Saint-louis,1.0,1.0,4.0,6.0,1,1
301,M,19.0,Master,11.022663354977258,247618.2164081348,66.4,52.1,61.8,Dakar,2.0,2.0,2.0,6.0,0,1
302,M,19.0,Master,7.112446914830925,428601.6448668708,59.7,58.7,56.2,Thiès,2.0,0.0,4.0,6.0,1,1
303,F,19.0,Bachelor,2.600907722475076,335426.97100142913,59.6,62.1,57.6,Thiès,2.0,3.0,0.0,5.0,0,1
304,M,25.0,Bachelor,15.072677172239134,218466.60180987007,58.0,61.0,62.5,Dakar,2.0,1.0,4.0,7.0,1,1
305,M,21.0,High School,,298557.1165304174,51.9,57.6,49.4,Saint louis,4.0,1.0,3.0,8.0,1,1
306,F,21.0,Bachelor,2.3722263979473226,271253.2969275481,65.1,64.0,68.4,Dakar,1.0,3.0,4.0,8.0,0,1
307,F,23.0,High School,6.232604291036704,,59.8,57.6,54.7,Saint-louis,2.0,0.0,3.0,5.0,0,1
308,M,21.0,Master,8.44354553131367,158426.79007505896,64.4,42.2,57.4,Thies,3.0,3.0,6.0,12.0,1,1
309,F,19.0,Master,14.818368373189507,296477.79574611667,79.8,76.5,61.0,Dakar,4.0,2.0,5.0,11.0,0,1
310,M,20.0,High School,3.567550166964523,347436.8703179197,57.9,61.9,54.7,Thies,2.0,2.0,1.0,5.0,1,1
311,F,20.0,High School,11.904162877423786,236238.84251644093,55.8,50.4,41.2,Thies,0.0,2.0,4.0,6.0,0,1
312,F,,Master,13.597945707889371,461632.94932667946,61.3,35.2,43.9,Dakar,0.0,2.0,3.0,5.0,0,1
313,F,22.0,Bachelor,,392882.7328885263,38.9,38.1,48.7,Dakar,5.0,1.0,4.0,10.0,1,0
314,F,20.0,Bachelor,6.889945524559066,299102.30439111043,72.5,68.0,64.8,Thiès,0.0,1.0,4.0,5.0,1,1
315,F,22.0,Master,3.854763010504919,326002.6916997208,84.5,69.5,74.6,Thies,2.0,1.0,2.0,5.0,0,1
316,F,20.0,Master,7.1861554356787805,335479.8661778399,54.5,71.0,64.2,Saint louis,0.0,3.0,3.0,6.0,0,1
317,F,20.0,Master,7.853640102628275,348395.9525000189,61.3,63.2,-10.0,Dakar,1.0,2.0,2.0,5.0,1,1
318,M,15.0,High School,10.638599992329482,,48.7,26.0,39.8,Thies,1.0,2.0,5.0,8.0,1,0
319,F,22.0,High School,12.360733884081789,186899.32874220025,42.7,25.8,37.5,Dakar,0.0,4.0,150.0,154.0,1,0
320,M,21.0,High School,5.007615741513412,87529.9747304093,67.3,71.9,60.4,Saint-louis,3.0,0.0,4.0,7.0,0,1
321,F,22.0,Master,0.1306997430960219,453393.7136951384,35.3,28.8,33.4,Thiès,2.0,4.0,3.0,9.0,0,0
322,F,13.0,Master,7.915020882895032,292698.05759964866,48.5,47.6,47.1,Thiès,2.0,2.0,2.0,6.0,0,0
323,F,25.0,Master,9.174150119874565,276799.08603844524,76.7,63.5,53.8,Saint louis,1.0,1.0,4.0,6.0,1,1
324,M,20.0,Master,8.997670750740166,407615.6798439882,68.7,60.8,69.3,Dakar,3.0,1.0,5.0,9.0,1,1
325,M,23.0,High School,6.693307009963824,,65.9,71.0,68.4,Thies,2.0,1.0,1.0,4.0,1,1
326,M,17.0,High School,8.499008398655738,164563.85827449514,59.7,72.7,63.7,Saint-louis,4.0,4.0,3.0,11.0,1,1
327,F,22.0,High School,14.061779233408991,181062.8551175095,64.7,58.5,63.6,Thies,2.0,2.0,4.0,8.0,0,1
328,F,17.0,High School,,,52.5,37.9,50.7,Dakar,2.0,3.0,2.0,7.0,1,1
329,F,18.0,Master,,90656.0533672735,52.9,53.4,51.0,Thiès,1.0,1.0,4.0,6.0,1,1
330,F,25.0,High School,5.999208731616017,217166.85201153543,60.4,52.4,46.7,Saint louis,2.0,2.0,3.0,7.0,1,1
331,M,20.0,High School,7.320590569289077,187606.6370591446,51.7,51.3,33.2,Saint-louis,3.0,3.0,2.0,8.0,0,1
332,M,21.0,Bachelor,,286205.8882209789,48.5,55.4,46.7,Dakar,3.0,3.0,1.0,7.0,0,0
333,F,22.0,High School,7.26679716189521,,57.3,58.4,59.2,Dakar,4.0,0.0,3.0,7.0,1,1
334,F,21.0,Bachelor,7.920822621917168,,60.1,56.3,52.2,Dakar,2.0,3.0,3.0,8.0,1,1
335,M,20.0,High School,6.070745716254788,232020.0986518289,62.8,55.6,46.5,Dakar,3.0,2.0,5.0,10.0,1,1
336,F,21.0,Bachelor,12.395933429767858,304506.3691992676,75.0,76.8,73.2,Dakar,3.0,2.0,3.0,8.0,0,1
337,F,26.0,High School,15.8393490189787,348076.9966007804,78.2,65.5,77.5,Thiès,2.0,1.0,2.0,5.0,0,1
338,F,20.0,High School,9.802452197725554,152300.47561916398,93.2,84.9,87.0,Thiès,0.0,4.0,1.0,5.0,0,1
339,F,21.0,High School,8.331091615141704,354762.7167759236,46.4,53.0,35.1,Thies,2.0,2.0,4.0,8.0,1,0
340,F,23.0,High School,8.147131332696938,255951.04247781803,54.2,49.3,56.9,Thiès,1.0,1.0,3.0,5.0,1,1
341,F,23.0,Master,1.5372271551429826,192409.735122337,76.9,77.1,68.7,Saint-louis,3.0,1.0,2.0,6.0,0,1
342,F,23.0,High School,10.980603457139267,318251.4189044734,52.3,42.0,50.7,Thies,3.0,3.0,2.0,8.0,1,1
343,F,22.0,High School,8.536665663983374,479000.8630562169,51.8,38.4,46.1,Saint louis,1.0,3.0,5.0,9.0,1,1
344,M,17.0,High School,9.7133682026429,386979.5248182998,63.1,43.0,50.4,Dakar,3.0,2.0,5.0,10.0,1,1
345,F,,Master,5.154151223665181,410757.3078168517,83.4,78.1,81.2,Dakar,1.0,2.0,2.0,5.0,1,1
346,F,17.0,Master,6.462172484091633,237524.3272125241,56.6,47.9,50.3,Dakar,3.0,3.0,0.0,6.0,0,1
347,F,21.0,High School,6.355900253987308,79388.3610165606,73.3,75.9,76.1,Dakar,2.0,1.0,3.0,6.0,0,1
348,F,18.0,Master,12.086491936292155,478816.50265198096,70.9,57.1,49.8,Saint-louis,2.0,1.0,3.0,6.0,1,1
349,F,20.0,High School,6.484960653587627,374639.4124046297,55.3,59.8,54.6,Saint louis,3.0,5.0,3.0,11.0,0,1
350,F,21.0,Bachelor,16.33064128843919,485136.8128523618,107.2,100.8,96.4,Dakar,3.0,2.0,1.0,6.0,1,1
351,F,21.0,Master,9.723449676060149,259705.68732243,63.9,65.5,70.7,Saint louis,2.0,2.0,5.0,9.0,0,1
352,M,21.0,High School,2.8972693600170736,140263.19420762864,60.9,61.5,-10.0,Thiès,3.0,1.0,0.0,4.0,1,1
353,M,24.0,High School,7.485814826992173,172118.076261652,80.4,66.9,65.8,Thies,1.0,2.0,2.0,5.0,1,1
354,F,21.0,High School,5.393299511374337,84088.86231283395,66.0,73.2,70.6,Dakar,0.0,3.0,2.0,5.0,1,1
355,F,19.0,Bachelor,0.7775298792800971,,90.3,92.3,82.4,Thiès,3.0,3.0,1.0,7.0,1,1
356,F,22.0,Master,14.39788376045516,492681.3549698945,93.5,87.8,78.6,Saint-louis,1.0,1.0,0.0,2.0,1,1
357,M,23.0,Master,10.812570168880017,283000.4841753308,52.5,46.7,58.3,Thies,3.0,2.0,3.0,8.0,1,1
358,F,17.0,High School,10.13282927159725,336278.748041793,89.7,80.6,79.8,Thies,2.0,0.0,5.0,7.0,1,1
359,M,21.0,High School,8.661614641198817,301930.0793828059,67.0,41.6,52.8,Saint-louis,2.0,2.0,3.0,7.0,1,1
360,F,22.0,Master,2.471929725230249,,83.3,67.6,58.4,Dakar,1.0,3.0,2.0,6.0,0,1
361,F,19.0,Master,6.065531441778253,544263.7748063514,45.8,32.0,38.6,Dakar,2.0,0.0,5.0,7.0,1,0
362,M,23.0,Master,11.367123099136052,539051.3288996944,79.6,72.3,69.4,Dakar,2.0,2.0,4.0,8.0,1,1
363,M,20.0,Bachelor,3.795119880869989,284266.6393583421,51.2,53.4,65.0,Saint louis,2.0,1.0,2.0,5.0,0,1
364,M,20.0,Bachelor,2.127077265003255,230695.88831769448,39.7,47.8,49.3,Dakar,1.0,5.0,3.0,9.0,1,0
365,F,20.0,High School,7.091575968876296,383668.5655668376,75.6,82.4,79.3,Thiès,3.0,1.0,5.0,9.0,0,1
366,F,20.0,Bachelor,7.432969783889845,258297.00689773704,81.0,86.7,66.4,Thies,3.0,3.0,2.0,8.0,0,1
367,M,17.0,Bachelor,8.542253665658837,161213.37395191964,84.3,82.6,77.8,Thiès,2.0,4.0,3.0,9.0,1,1
368,M,16.0,Master,10.914074574058144,453748.6384227576,53.9,36.4,39.4,Dakar,2.0,2.0,2.0,6.0,1,1
369,F,24.0,Bachelor,10.550423248924837,445973.6864732496,88.4,78.7,81.8,Dakar,3.0,2.0,1.0,6.0,1,1
370,F,18.0,Bachelor,9.035079220975687,318661.3924516273,67.2,50.3,70.8,Saint louis,3.0,1.0,3.0,7.0,1,1
371,F,18.0,High School,,90229.96020162202,81.5,80.0,70.3,Dakar,0.0,0.0,4.0,4.0,1,1
372,F,15.0,Bachelor,1.9241208767467413,152456.84985391368,68.7,70.9,69.9,Dakar,2.0,1.0,3.0,6.0,1,1
373,M,18.0,Master,10.01832725790956,312867.5146102983,69.2,56.2,76.2,Dakar,4.0,2.0,2.0,8.0,1,1
374,F,17.0,High School,10.50615345334777,150488.6633539557,62.2,56.9,57.0,Dakar,3.0,2.0,6.0,11.0,0,1
375,M,24.0,Master,3.041750855679042,259068.84814300705,52.4,52.3,60.7,Thies,3.0,1.0,2.0,6.0,1,1
376,F,23.0,Master,1.9885175652704428,422635.5786072004,50.1,56.5,55.9,Thies,1.0,3.0,4.0,8.0,1,1
377,F,18.0,Master,5.016231494097594,387981.5180907069,38.8,44.7,34.2,Thies,2.0,0.0,4.0,6.0,0,0
378,M,26.0,Bachelor,,465377.1216597136,50.0,40.1,57.2,Saint louis,2.0,3.0,0.0,5.0,0,0
379,M,22.0,High School,11.013677854009725,124245.41551287398,85.8,85.7,69.5,Saint-louis,2.0,3.0,4.0,9.0,1,1
380,M,19.0,Master,5.54184486523562,258817.01175759456,48.6,50.3,55.5,Dakar,1.0,2.0,3.0,6.0,0,0
381,F,,High School,4.574605926875185,348715.45036901307,79.9,62.0,74.8,Saint-louis,1.0,4.0,3.0,8.0,1,1
382,M,26.0,Master,5.553465053221764,353769.400921547,72.1,66.9,57.5,Saint louis,2.0,2.0,3.0,7.0,1,1
383,F,,High School,12.474529336616849,483885.6459105146,75.7,80.0,74.5,Dakar,1.0,4.0,4.0,9.0,0,1
384,F,16.0,High School,8.052173497507809,269000.65216636803,79.8,68.7,72.9,Thies,3.0,1.0,0.0,4.0,0,1
385,F,23.0,High School,7.282995898572353,371491.233964624,72.9,72.2,76.5,Saint-louis,2.0,3.0,3.0,8.0,1,1
386,F,26.0,Bachelor,7.559978005195794,364802.1362067769,67.7,58.0,71.7,Dakar,0.0,3.0,4.0,7.0,0,1
387,F,23.0,Master,13.16824133730609,427460.0937106392,71.9,64.3,57.1,Dakar,3.0,3.0,6.0,12.0,0,1
388,F,21.0,High School,5.003313093587033,226340.90650468148,75.8,78.0,81.0,Thiès,2.0,3.0,1.0,6.0,1,1
389,M,21.0,Master,13.262033163760416,301714.4654260787,56.2,39.2,58.8,Thies,2.0,1.0,4.0,7.0,1,1
390,M,22.0,Master,8.841985195686014,409313.328460737,54.3,40.7,41.1,Thies,2.0,3.0,2.0,7.0,1,1
391,F,22.0,High School,7.358322472098609,,62.3,55.1,50.4,Saint louis,1.0,4.0,4.0,9.0,1,1
392,F,21.0,Bachelor,18.003601991737128,387508.4339172904,321.5,65.6,63.7,Thies,2.0,0.0,4.0,6.0,1,1
393,F,20.0,Bachelor,3.777442040805615,290019.3873678457,90.3,85.9,81.9,Thies,3.0,3.0,2.0,8.0,1,1
394,F,20.0,Bachelor,,465280.203543401,54.4,59.2,70.8,Dakar,4.0,2.0,6.0,12.0,0,1
395,F,18.0,Bachelor,3.070275043343999,36962.56124641432,82.1,77.8,78.8,Dakar,2.0,1.0,5.0,8.0,1,1
396,F,,Bachelor,11.809847882144677,129331.85981917518,76.8,73.1,67.7,Thiès,2.0,1.0,4.0,7.0,0,1
397,F,16.0,Bachelor,14.756755734606717,381796.10684020666,69.4,46.0,50.0,Dakar,3.0,2.0,3.0,8.0,0,1
398,M,20.0,Bachelor,14.679691125618556,301693.00275037496,86.6,70.3,74.4,Dakar,1.0,4.0,2.0,7.0,1,1
399,F,18.0,Bachelor,12.89579501258402,372661.63813489984,69.0,57.2,69.9,Saint louis,2.0,2.0,4.0,8.0,1,1
400,M,17.0,Bachelor,7.209518128816137,307728.90269183303,63.1,66.4,74.0,Thies,1.0,3.0,150.0,154.0,0,1
401,F,20.0,Bachelor,6.539036090040614,368513.4833524648,46.6,41.9,46.2,Saint-louis,2.0,2.0,2.0,6.0,1,0
402,F,23.0,High School,1.3153209100237395,202271.66148081716,32.7,47.2,45.7,Saint-louis,3.0,0.0,6.0,9.0,0,0
403,F,22.0,High School,16.14349414072717,368458.3303295629,75.0,75.4,69.5,Saint louis,0.0,2.0,4.0,6.0,1,1
404,M,16.0,Master,9.87591231259387,419329.74338491017,74.4,68.9,71.4,Dakar,3.0,1.0,4.0,8.0,1,1
405,F,18.0,High School,6.032172380522068,310102.64917712414,88.2,86.1,94.8,Thies,2.0,1.0,150.0,153.0,1,1
406,F,22.0,High School,13.31222755594787,541626.515357844,72.7,52.0,58.2,Dakar,2.0,1.0,3.0,6.0,1,1
407,M,18.0,Master,4.108941932959997,329291.8132202864,84.7,75.2,79.0,Dakar,3.0,2.0,2.0,7.0,1,1
408,F,19.0,High School,9.626488136890696,332869.3304216615,72.3,62.4,74.5,Thies,1.0,3.0,2.0,6.0,1,1
409,F,21.0,Bachelor,7.309483462836662,117219.30429913824,52.4,56.6,53.2,Thies,1.0,2.0,5.0,8.0,1,1
410,M,18.0,Bachelor,10.554708559521204,,78.6,79.9,78.7,Dakar,1.0,0.0,2.0,3.0,1,1
411,F,20.0,Master,7.745705843255514,276830.1511192065,68.8,78.9,71.1,Dakar,3.0,3.0,1.0,7.0,1,1
412,F,17.0,Bachelor,2.196288435555103,426038.3462731626,74.1,71.4,80.5,Dakar,2.0,2.0,1.0,5.0,1,1
413,M,18.0,Master,8.302305490680151,226679.8651092445,93.8,81.3,88.9,Thiès,1.0,2.0,1.0,4.0,1,1
414,M,21.0,Master,12.195456567501449,,76.5,66.8,67.5,Dakar,1.0,3.0,2.0,6.0,1,1
415,F,16.0,Master,7.883134376584059,299805.3939643944,39.5,13.4,27.5,Saint-louis,2.0,2.0,3.0,7.0,0,0
416,M,,Bachelor,11.100460486356344,278739.82618622854,73.9,61.0,69.8,Thies,2.0,1.0,4.0,7.0,0,1
417,F,20.0,Master,3.817882057303788,329867.2762959908,47.7,60.6,34.3,Thies,1.0,2.0,1.0,4.0,1,0
418,M,21.0,High School,7.894956826920591,253061.2353296589,68.9,70.7,59.7,Dakar,1.0,3.0,3.0,7.0,0,1
419,F,21.0,Bachelor,,248515.53022888012,62.8,54.2,58.5,Dakar,1.0,2.0,4.0,7.0,1,1
420,M,23.0,High School,10.98792336041884,84200.37204326055,61.6,49.4,45.6,Thies,3.0,3.0,3.0,9.0,1,1
421,M,,Master,8.125966249047982,270245.49512065324,49.1,44.0,49.5,Thies,2.0,2.0,2.0,6.0,1,0
422,M,19.0,Bachelor,10.76029470534645,242403.8224621528,58.3,63.4,52.9,Dakar,1.0,1.0,2.0,4.0,1,1
423,M,20.0,Master,12.350841704631463,238082.2812781105,59.2,71.5,52.1,Thies,2.0,1.0,5.0,8.0,1,1
424,F,21.0,High School,,299220.527588107,65.9,59.0,70.9,Dakar,2.0,4.0,1.0,7.0,1,1
425,F,20.0,High School,9.092473737174576,323355.6645746301,61.2,63.1,46.7,Thies,1.0,2.0,5.0,8.0,0,1
426,F,20.0,Master,4.007150965954379,327863.3405570793,75.0,70.7,61.8,Dakar,1.0,1.0,3.0,5.0,0,1
427,M,18.0,Master,7.988855557332395,419449.8228539369,321.5,56.1,52.8,Thiès,3.0,1.0,2.0,6.0,1,1
428,F,18.0,High School,5.867638391936668,278160.74289251125,83.9,77.3,67.2,Saint louis,1.0,0.0,4.0,5.0,0,1
429,M,16.0,Bachelor,6.623744173183094,264593.25722332293,69.7,59.9,73.1,Dakar,3.0,3.0,4.0,10.0,0,1
430,F,,High School,6.5018633969989965,,82.1,74.4,84.6,Saint louis,0.0,2.0,4.0,6.0,1,1
431,M,17.0,Bachelor,4.0802977008710215,337538.6684120216,54.4,42.3,52.2,Thies,0.0,4.0,4.0,8.0,1,1
432,M,18.0,Master,0.1706456434640406,,93.9,89.6,100.5,Thies,2.0,3.0,3.0,8.0,1,1
433,F,,Master,5.327427806688933,467741.31684377976,66.9,57.3,69.2,Thiès,1.0,3.0,4.0,8.0,1,1
434,F,22.0,Master,8.773517807696637,442940.7653928115,82.2,84.5,89.6,Saint-louis,1.0,4.0,5.0,10.0,0,1
435,F,,High School,2.6072918182900398,196674.8544275576,321.5,46.2,51.0,Thies,2.0,1.0,3.0,6.0,0,1
436,F,23.0,High School,8.062728945886498,188138.72408039824,65.2,43.7,57.2,Dakar,1.0,0.0,4.0,5.0,1,1
437,F,18.0,High School,15.60107369724386,293750.48931962444,66.5,44.5,65.4,Thies,1.0,3.0,0.0,4.0,1,1
438,F,,High School,12.092226221008955,428159.7333670766,101.0,92.8,97.2,Dakar,2.0,2.0,3.0,7.0,1,1
439,F,18.0,Master,14.574166036482117,412676.33624457504,64.6,50.9,58.4,Dakar,2.0,2.0,7.0,11.0,1,1
440,F,25.0,High School,9.564511507730906,292334.6600602384,52.6,49.2,44.5,Dakar,2.0,3.0,0.0,5.0,1,1
441,M,17.0,Master,12.670039291945784,149517.28170857803,84.1,86.7,71.0,Saint-louis,2.0,3.0,6.0,11.0,0,1
442,F,21.0,High School,5.10414107812885,161241.93265227677,63.5,63.3,49.6,Saint-louis,1.0,4.0,4.0,9.0,0,1
443,M,22.0,Bachelor,5.422638931912063,332716.0217183297,65.1,53.8,62.1,Saint-louis,1.0,1.0,1.0,3.0,1,1
444,F,21.0,High School,2.956560824549891,341067.06953092146,48.8,44.5,53.9,Thies,2.0,3.0,3.0,8.0,1,0
445,F,20.0,High School,12.744581896169196,115573.2229184115,86.9,68.9,67.6,Thies,1.0,1.0,4.0,6.0,1,1
446,F,20.0,High School,14.161295919279544,255975.2646883663,75.1,71.8,72.6,Thies,2.0,4.0,4.0,10.0,1,1
447,F,20.0,High School,5.7872910186109205,280736.87936983886,75.2,73.5,62.6,Dakar,2.0,3.0,2.0,7.0,0,1
448,M,20.0,High School,6.984193174411059,99044.4790582336,58.4,37.6,56.1,Thiès,2.0,3.0,4.0,9.0,0,1
449,F,22.0,Bachelor,4.984551545236155,432599.66421652975,48.9,56.1,51.8,Dakar,2.0,1.0,5.0,8.0,1,0
450,M,26.0,High School,9.530614205909966,254696.26217282095,18.5,-0.2,6.6,Thies,4.0,1.0,4.0,9.0,1,0
451,M,19.0,Master,12.499730181212964,450913.57350919815,62.0,45.3,48.5,Saint-louis,1.0,2.0,5.0,8.0,1,1
452,M,17.0,Bachelor,1.028912104475836,235985.70650689196,60.5,65.3,51.6,Dakar,2.0,4.0,2.0,8.0,1,1
453,M,20.0,Bachelor,9.637754122569008,176804.94205389853,65.9,43.7,58.0,Dakar,1.0,4.0,4.0,9.0,1,1
454,M,26.0,Bachelor,6.8933129131234185,245023.56121899365,63.9,56.1,49.9,Thiès,2.0,2.0,6.0,10.0,0,1
455,F,18.0,Master,8.453577567866757,288582.2252307216,93.7,91.7,92.0,Saint louis,1.0,1.0,1.0,3.0,1,1
456,F,24.0,Master,9.835976006697164,253382.4111874223,72.8,65.7,75.7,Saint-louis,3.0,3.0,4.0,10.0,1,1
457,M,24.0,Master,7.247190244908715,274079.8294112264,52.9,47.6,42.1,Thiès,1.0,4.0,1.0,6.0,1,1
458,F,19.0,Bachelor,7.585652586376877,340075.81796114286,62.5,68.0,63.8,Dakar,3.0,2.0,5.0,10.0,1,1
459,F,21.0,High School,7.1444993297814445,231644.7567102908,70.8,55.3,61.0,Thies,3.0,2.0,0.0,5.0,1,1
460,F,24.0,Bachelor,11.881264807153126,292066.5127257592,56.1,48.1,46.3,Dakar,4.0,3.0,2.0,9.0,1,1
461,M,19.0,High School,9.675039840509989,61734.50031200748,77.6,63.3,74.2,Saint louis,4.0,2.0,6.0,12.0,0,1
462,F,19.0,High School,8.882334150949443,347003.7619212567,74.3,65.9,74.8,Thies,1.0,2.0,2.0,5.0,1,1
463,M,19.0,High School,2.916193115630869,289295.60427699983,77.0,86.9,71.4,Dakar,3.0,2.0,3.0,8.0,1,1
464,M,17.0,Master,6.485681027147384,493235.1576579445,42.5,48.1,34.8,Dakar,2.0,3.0,5.0,10.0,1,0
465,F,18.0,High School,11.594676641356696,187252.179929525,80.2,80.6,57.2,Saint louis,2.0,2.0,3.0,7.0,0,1
466,F,17.0,High School,8.150786292495692,65527.29213536771,86.3,79.3,71.5,Thies,4.0,2.0,0.0,6.0,0,1
467,F,20.0,High School,10.638125878356554,234116.77724553092,84.6,95.1,70.8,Thiès,1.0,2.0,2.0,5.0,1,1
468,M,18.0,Bachelor,15.066047201310536,341583.24219756003,321.5,39.3,49.7,Saint-louis,2.0,2.0,5.0,9.0,0,1
469,F,21.0,Bachelor,12.154424276835266,178988.0375362625,73.9,55.7,66.3,Saint-louis,0.0,4.0,5.0,9.0,0,1
470,F,16.0,High School,8.372633350798969,116430.12539950904,71.0,55.4,57.2,Saint louis,3.0,4.0,0.0,7.0,1,1
471,F,21.0,High School,,428316.2206707719,68.2,64.6,70.4,Thies,4.0,2.0,2.0,8.0,0,1
472,F,22.0,High School,2.214198384223593,322922.17005171895,61.4,58.3,51.5,Dakar,3.0,1.0,2.0,6.0,1,1
473,F,15.0,High School,7.32646031010859,1005.3750189597298,61.9,52.8,39.8,Dakar,3.0,1.0,2.0,6.0,1,1
474,F,21.0,Bachelor,6.695950016732604,245013.23648921988,62.3,65.6,62.9,Dakar,3.0,3.0,2.0,8.0,1,1
475,F,23.0,Bachelor,9.561464777581502,499703.0465740679,66.0,68.2,58.3,Saint-louis,1.0,2.0,3.0,6.0,0,1
476,F,17.0,High School,7.384379092101249,242872.493066656,62.8,56.1,77.0,Thies,2.0,0.0,2.0,4.0,1,1
477,M,24.0,High School,6.718459762252823,154017.38312709756,60.0,41.8,62.7,Saint louis,2.0,2.0,2.0,6.0,0,1
478,F,21.0,Master,0.8824042779711174,266068.8806844758,46.5,30.6,46.1,Thiès,1.0,2.0,1.0,4.0,1,0
479,M,18.0,High School,4.240128683399734,146262.25944430276,78.7,69.9,81.3,Thies,3.0,3.0,4.0,10.0,1,1
480,F,20.0,Bachelor,,95426.9106926347,84.5,84.2,89.2,Saint-louis,1.0,4.0,1.0,6.0,0,1
481,F,,Bachelor,14.863630524530777,426305.67728816986,93.6,77.0,81.9,Saint louis,2.0,1.0,4.0,7.0,1,1
482,M,20.0,High School,7.609898465017506,78847.57125027891,66.5,51.2,58.9,Saint-louis,2.0,1.0,4.0,7.0,1,1
483,F,21.0,Master,9.311244294296491,329672.5742530507,83.9,73.3,71.8,Dakar,2.0,2.0,6.0,10.0,0,1
484,M,18.0,High School,11.809912627811222,330626.7936174401,67.7,49.1,51.2,Thies,5.0,1.0,4.0,10.0,1,1
485,F,20.0,Master,4.756424255199001,125852.844131861,70.1,59.9,76.0,Dakar,1.0,1.0,3.0,5.0,1,1
486,M,16.0,Master,9.467256173141768,189087.79168859145,52.3,54.1,54.3,Thies,0.0,1.0,1.0,2.0,1,1
487,F,20.0,Master,5.038039574671366,,85.6,71.1,85.5,Thiès,2.0,2.0,5.0,9.0,1,1
488,F,18.0,High School,11.459297753964044,363947.0064272448,75.3,81.6,68.1,Dakar,1.0,1.0,3.0,5.0,1,1
489,M,18.0,Bachelor,8.60561219180693,225925.71517453357,89.7,83.8,67.9,Saint-louis,2.0,3.0,3.0,8.0,1,1
490,F,23.0,Master,9.193807255925758,444269.88040334056,62.2,54.8,54.5,Saint-louis,3.0,3.0,4.0,10.0,1,1
491,F,23.0,Bachelor,4.869605610325644,444784.2868145163,82.9,80.8,73.9,Thiès,1.0,1.0,3.0,5.0,0,1
492,F,22.0,Bachelor,10.82812943844314,332286.32316188485,68.4,52.0,57.1,Thies,2.0,0.0,3.0,5.0,0,1
493,M,17.0,High School,16.338851684924066,191980.7726551605,67.4,69.4,68.7,Dakar,2.0,1.0,2.0,5.0,1,1
494,M,19.0,High School,3.968353218287176,250386.15558338456,67.1,69.5,56.0,Saint louis,1.0,2.0,4.0,7.0,1,1
495,F,23.0,High School,6.6409639694099045,275015.7920428213,81.7,74.8,83.9,Dakar,2.0,4.0,1.0,7.0,1,1
496,F,20.0,High School,8.926429896672367,207976.91858015943,72.3,50.5,70.5,Thiès,2.0,2.0,1.0,5.0,1,1
497,F,26.0,Bachelor,11.145624847983266,412674.86138818215,65.2,52.0,52.1,Thies,2.0,3.0,2.0,7.0,1,1
498,F,21.0,Master,5.761814858842124,116427.11038687963,34.7,25.3,33.8,Dakar,2.0,3.0,5.0,10.0,1,0
499,M,20.0,Master,3.33212116057096,120688.37651205136,69.3,46.4,66.4,Thies,2.0,1.0,4.0,7.0,0,1
500,F,19.0,High School,13.4367579766561,238839.3442193234,76.3,53.1,60.7,Thies,1.0,2.0,2.0,5.0,1,1
501,F,20.0,Master,11.04202447833657,241014.67034317143,73.3,32.3,52.8,Saint louis,1.0,2.0,2.0,5.0,0,1
502,F,20.0,High School,1.0282098780533395,142270.8195628109,39.1,45.4,51.7,Dakar,1.0,2.0,3.0,6.0,1,0
503,F,22.0,High School,5.569724832881777,67451.70563618229,43.3,36.8,38.8,Dakar,1.0,0.0,4.0,5.0,1,0
504,F,22.0,High School,14.272729718109304,302345.50137578184,66.8,62.0,50.3,Thies,3.0,1.0,5.0,9.0,0,1
505,F,18.0,Master,,293669.3870399081,77.2,84.0,72.4,Thies,0.0,2.0,6.0,8.0,1,1
506,M,17.0,High School,,378417.47783420887,40.4,37.1,35.6,Dakar,3.0,1.0,3.0,7.0,1,0
507,F,15.0,Master,7.29555026416055,308268.73597451666,81.5,67.7,73.0,Saint-louis,1.0,0.0,6.0,7.0,1,1
508,F,21.0,Master,8.33194967525004,284087.5106111404,79.5,78.3,66.6,Thies,3.0,1.0,3.0,7.0,0,1
509,F,17.0,Bachelor,7.476296779495493,,87.0,86.3,96.6,Thies,2.0,0.0,3.0,5.0,1,1
510,M,15.0,High School,12.51295913307535,142503.923586174,78.1,73.7,82.0,Saint-louis,2.0,4.0,4.0,10.0,0,1
511,M,21.0,High School,,364366.7062617092,65.6,67.2,64.5,Dakar,3.0,2.0,5.0,10.0,0,1
512,M,26.0,High School,4.776801380463182,99462.34022455814,67.6,64.7,68.8,Thiès,3.0,2.0,5.0,10.0,1,1
513,F,20.0,Master,12.041098347344064,199396.57439990307,74.4,60.6,72.4,Thies,1.0,1.0,1.0,3.0,1,1
514,M,22.0,Bachelor,7.822554177953753,154481.14408520234,74.6,67.8,65.1,Saint-louis,1.0,2.0,3.0,6.0,0,1
515,M,20.0,High School,13.513869421815231,393833.10425423016,84.5,82.4,82.2,Saint-louis,3.0,3.0,5.0,11.0,1,1
516,F,20.0,Master,5.313951172077817,292150.7719685527,61.4,56.0,65.4,Thies,0.0,1.0,2.0,3.0,1,1
517,F,22.0,High School,7.7808865586447,201130.220691307,85.5,76.3,81.3,Dakar,0.0,1.0,0.0,1.0,1,1
518,M,19.0,High School,4.310348060624187,149326.5017853371,104.2,107.1,90.1,Thies,2.0,1.0,1.0,4.0,1,1
519,F,21.0,Master,8.029450725694268,264036.7804880533,67.1,63.0,72.3,Dakar,3.0,0.0,3.0,6.0,1,1
520,M,21.0,Bachelor,2.0858122520048044,208384.1636029066,70.8,55.6,57.2,Thies,2.0,2.0,6.0,10.0,1,1
521,F,18.0,Bachelor,6.0494663161801485,346014.6017825059,61.0,61.3,62.7,Saint louis,2.0,3.0,1.0,6.0,1,1
522,F,22.0,Master,2.254984540287529,181069.0637602064,56.4,78.6,61.2,Dakar,1.0,0.0,1.0,2.0,1,1
523,M,20.0,Master,10.775692932765033,459575.3238246091,87.3,75.0,77.9,Thiès,4.0,3.0,2.0,9.0,1,1
524,F,18.0,High School,10.866357359038606,83000.01604165614,69.3,66.6,55.1,Thies,4.0,3.0,2.0,9.0,0,1
525,M,21.0,Bachelor,1.07894907806262,203217.62010521264,60.2,62.3,54.9,Dakar,2.0,1.0,1.0,4.0,1,1
526,F,,Bachelor,13.335542982002291,501264.0611959315,68.1,58.9,58.7,Thiès,1.0,1.0,0.0,2.0,0,1
527,F,20.0,Bachelor,17.989660505679417,247783.35024455583,72.3,65.3,63.7,Thies,1.0,1.0,2.0,4.0,0,1
528,M,,Master,8.184025546945364,142214.56027147055,51.8,46.8,51.6,Thiès,2.0,3.0,6.0,11.0,1,1
529,M,23.0,Bachelor,5.43554295910142,326288.58750452026,50.1,47.9,48.6,Dakar,1.0,3.0,4.0,8.0,0,1
530,M,21.0,High School,19.297322364012185,242952.93093425487,83.0,56.8,56.4,Thies,1.0,1.0,5.0,7.0,1,1
531,M,20.0,Bachelor,2.724126006789957,199695.5693258033,92.9,81.6,91.0,Thies,2.0,4.0,2.0,8.0,0,1
532,F,22.0,Bachelor,8.080425867476393,168495.5027041539,67.4,69.9,57.2,Saint louis,3.0,1.0,2.0,6.0,1,1
533,M,23.0,Master,,632204.8326751131,50.7,47.0,52.1,Thiès,3.0,1.0,4.0,8.0,1,1
534,M,21.0,Bachelor,13.38059048180966,269813.7719779036,100.0,76.5,86.2,Thiès,2.0,1.0,3.0,6.0,1,1
535,F,20.0,Master,9.438955900507151,68931.91676005474,70.5,62.2,64.0,Thies,2.0,2.0,3.0,7.0,0,1
536,M,17.0,Bachelor,,479245.1710806641,69.6,67.5,64.1,Saint-louis,3.0,3.0,5.0,11.0,1,1
537,F,17.0,High School,4.195262518448176,270251.61813824065,59.2,52.0,58.2,Saint louis,3.0,1.0,2.0,6.0,1,1
538,F,19.0,High School,6.632712719015458,208024.02827762548,69.8,51.9,61.8,Dakar,1.0,2.0,2.0,5.0,0,1
539,F,18.0,Master,3.972290556219424,188025.709357663,79.9,82.3,74.0,Dakar,3.0,2.0,4.0,9.0,1,1
540,M,20.0,High School,8.191301279138731,245780.0265495739,62.1,62.4,60.8,Saint louis,3.0,2.0,4.0,9.0,1,1
541,F,20.0,Master,5.743215280558054,270369.80070126546,57.4,54.7,63.9,Thies,2.0,2.0,2.0,6.0,0,1
542,M,21.0,High School,2.023848826840997,57558.31825325329,48.0,44.7,43.2,Thiès,2.0,3.0,3.0,8.0,0,0
543,F,20.0,Master,13.020583153499617,514468.7957525602,82.3,83.0,73.0,Thiès,3.0,2.0,0.0,5.0,1,1
544,M,21.0,High School,6.009309906283843,247921.14453408515,58.5,45.0,60.5,Dakar,2.0,3.0,3.0,8.0,1,1
545,M,20.0,Bachelor,2.9274527800987498,479468.6083778911,80.2,78.7,67.2,Dakar,0.0,1.0,2.0,3.0,1,1
546,F,15.0,Bachelor,7.326963462049834,453412.1949558858,63.8,65.4,66.9,Saint-louis,2.0,1.0,3.0,6.0,1,1
547,F,18.0,High School,8.273486263870636,114513.78034617056,60.7,66.3,62.9,Thies,3.0,1.0,1.0,5.0,0,1
548,F,20.0,High School,1.0141330976838656,423982.78372357774,72.7,75.6,76.1,Dakar,3.0,3.0,5.0,11.0,1,1
549,M,17.0,High School,9.326590668503052,145695.93195102914,78.0,62.6,74.3,Saint-louis,2.0,3.0,3.0,8.0,0,1
550,F,21.0,Bachelor,3.811369725238942,75995.92958352697,85.4,81.7,81.8,Dakar,2.0,2.0,4.0,8.0,1,1
551,M,24.0,Master,14.844115236763152,249048.2200773429,83.2,79.4,82.4,Dakar,2.0,2.0,3.0,7.0,0,1
552,F,23.0,High School,10.095842048306938,230694.6523738812,54.7,39.4,52.7,Dakar,2.0,0.0,5.0,7.0,0,1
553,F,19.0,High School,6.400400039562734,244471.60224043945,57.4,61.2,63.9,Saint louis,3.0,2.0,0.0,5.0,1,1
554,F,24.0,High School,5.019328918730598,263154.19908898784,66.3,67.5,77.6,Thies,2.0,0.0,3.0,5.0,1,1
555,M,20.0,Master,7.580129169745504,437227.9253914335,54.7,61.5,46.9,Thies,3.0,2.0,5.0,10.0,1,1
556,F,19.0,High School,10.45116296633316,239922.7220490808,50.4,37.6,38.1,Thies,1.0,0.0,0.0,1.0,0,1
557,F,18.0,Master,7.898023485659201,198804.2026458057,56.7,41.6,44.1,Saint-louis,3.0,4.0,3.0,10.0,1,1
558,M,19.0,Bachelor,7.131364771452573,384243.6388400792,66.5,66.5,57.4,Thies,1.0,2.0,4.0,7.0,0,1
559,F,19.0,High School,8.233481163271582,270668.6870107343,13.9,6.0,-10.0,Dakar,2.0,2.0,2.0,6.0,0,0
560,M,,High School,5.584564275052181,-1800.0112851179722,51.5,38.1,45.8,Thies,1.0,4.0,4.0,9.0,1,1
561,F,20.0,Bachelor,,351402.3496525738,36.2,41.4,41.6,Thies,2.0,2.0,4.0,8.0,1,0
562,F,20.0,Master,0.3431697556200159,347019.4449259322,72.8,83.1,76.9,Thiès,4.0,0.0,2.0,6.0,0,1
563,F,21.0,Bachelor,11.89490492340947,302414.5355497032,82.0,76.3,70.8,Dakar,3.0,1.0,2.0,6.0,1,1
564,F,23.0,High School,9.195191121287047,254540.72953496527,76.0,59.3,65.4,Dakar,2.0,4.0,1.0,7.0,1,1
565,F,22.0,Master,4.90617662386628,219312.7698808197,66.6,62.1,66.2,Saint louis,3.0,1.0,3.0,7.0,1,1
566,M,16.0,Master,15.594939925420956,340379.9746585081,82.1,64.5,61.7,Dakar,1.0,1.0,3.0,5.0,1,1
567,M,,High School,8.348065921569546,82782.52264040652,54.7,59.6,53.6,Thies,2.0,4.0,3.0,9.0,0,1
568,F,22.0,High School,3.855425712099213,348850.8460078598,80.6,72.0,71.4,Dakar,2.0,1.0,3.0,6.0,0,1
569,F,17.0,Bachelor,11.426949685881834,534367.1634647875,75.4,61.8,69.8,Dakar,1.0,2.0,2.0,5.0,1,1
570,F,,Master,,180617.23770389508,80.4,72.2,72.0,Dakar,0.0,4.0,150.0,154.0,0,1
571,M,17.0,High School,9.578319941936876,172161.2009782469,84.2,62.4,70.9,Dakar,2.0,1.0,4.0,7.0,0,1
572,F,15.0,Bachelor,,214798.1468530137,66.1,65.1,55.7,Dakar,3.0,1.0,3.0,7.0,0,1
573,M,21.0,Master,9.80198289511214,315599.78709619143,77.3,62.5,67.7,Dakar,2.0,0.0,2.0,4.0,0,1
574,M,22.0,Master,6.952966839115621,172435.64725755382,71.2,72.5,63.4,Saint-louis,3.0,1.0,2.0,6.0,1,1
575,F,19.0,Bachelor,10.22376580658337,350549.68544291763,64.4,60.6,60.3,Thies,2.0,1.0,4.0,7.0,1,1
576,M,14.0,Master,0.3802221839574446,401620.7934562998,68.9,63.1,65.2,Thies,3.0,2.0,150.0,155.0,1,1
577,F,19.0,High School,6.264506148083243,364121.6656144541,61.8,61.5,66.2,Thiès,1.0,2.0,4.0,7.0,1,1
578,M,21.0,Master,14.88862039123278,87790.14892343132,68.9,53.7,59.1,Dakar,0.0,2.0,3.0,5.0,1,1
579,M,16.0,High School,4.931730178398798,419420.1198190327,80.0,67.0,70.2,Thiès,0.0,1.0,2.0,3.0,1,1
580,M,20.0,Bachelor,5.5846468100272535,412484.0897104416,71.9,69.9,71.3,Thies,2.0,4.0,5.0,11.0,0,1
581,M,20.0,Master,6.2081546462001,399619.3646815565,85.5,81.4,70.2,Saint-louis,1.0,1.0,3.0,5.0,1,1
582,M,21.0,Bachelor,3.140775456445427,344741.069838699,38.9,31.3,34.7,Thies,1.0,4.0,3.0,8.0,1,0
583,F,20.0,High School,0.8331231049130086,326422.7177046159,63.5,67.9,62.9,Dakar,3.0,2.0,2.0,7.0,0,1
584,M,18.0,High School,7.077654405905548,423886.7277751676,60.5,56.6,55.3,Saint-louis,0.0,3.0,3.0,6.0,0,1
585,M,23.0,Bachelor,8.543437696326627,530821.6185124145,59.1,53.4,56.9,Saint louis,4.0,3.0,1.0,8.0,0,1
586,F,20.0,High School,7.789979725845392,185635.144396218,76.4,56.4,59.0,Thiès,1.0,4.0,2.0,7.0,0,1
587,M,20.0,Master,7.420485752208453,429375.0474953726,51.0,44.3,35.6,Dakar,1.0,2.0,1.0,4.0,1,1
588,F,18.0,Master,8.172163483401551,289653.9482391057,71.6,59.1,60.5,Thies,2.0,2.0,3.0,7.0,1,1
589,F,19.0,High School,12.091365886203056,189578.50835773465,64.9,64.2,49.6,Dakar,3.0,2.0,2.0,7.0,0,1
590,F,18.0,Master,7.238215256283133,115616.3171541554,59.6,51.9,49.0,Saint louis,1.0,2.0,3.0,6.0,1,1
591,M,20.0,High School,5.703669691650921,177033.6132801686,68.7,71.1,61.4,Saint louis,1.0,3.0,6.0,10.0,1,1
592,F,24.0,High School,6.875498060447654,180328.20504379016,55.8,43.4,45.4,Dakar,1.0,4.0,2.0,7.0,1,1
593,F,17.0,Bachelor,10.317387039027103,244337.4684592865,94.2,101.3,83.1,Saint-louis,3.0,0.0,3.0,6.0,0,1
594,F,16.0,Master,13.648107514173,168217.63394662202,85.1,80.7,75.1,Saint-louis,2.0,2.0,3.0,7.0,0,1
595,F,24.0,Master,5.487425043323286,246130.99352243924,61.1,65.8,51.8,Dakar,2.0,5.0,2.0,9.0,0,1
596,F,19.0,Master,,251266.7571571916,60.8,68.2,51.2,Thies,2.0,2.0,5.0,9.0,1,1
597,F,18.0,Master,9.353429767743838,311610.590212656,78.3,68.3,64.5,Thiès,2.0,3.0,5.0,10.0,0,1
598,F,23.0,Master,4.029687973084709,106230.0165250403,77.6,76.4,67.4,Dakar,2.0,3.0,5.0,10.0,1,1
599,F,18.0,Master,,126537.82227056118,70.6,64.2,61.4,Thiès,4.0,0.0,2.0,6.0,1,1
600,M,,High School,2.13730457063162,303649.59919126536,50.5,53.7,56.0,Dakar,5.0,2.0,2.0,9.0,0,1
601,F,22.0,Bachelor,0.923798785042405,204307.4259515881,49.9,65.6,63.2,Saint louis,1.0,2.0,150.0,153.0,1,0
602,F,19.0,High School,9.466985631569028,380149.5780902262,71.7,68.3,57.1,Saint louis,1.0,6.0,3.0,10.0,1,1
603,F,25.0,High School,6.464501034676869,,71.6,52.9,57.3,Thiès,2.0,1.0,3.0,6.0,1,1
604,M,18.0,High School,8.809121630484876,334463.9669228952,78.6,60.9,61.3,Dakar,0.0,0.0,4.0,4.0,1,1
605,F,22.0,Master,7.9284200919666,469283.07845050737,80.5,77.0,76.1,Thies,2.0,2.0,5.0,9.0,1,1
606,F,,Master,4.0943998053448105,262834.7025832113,80.0,79.6,63.3,Thies,4.0,2.0,1.0,7.0,1,1
607,F,23.0,Bachelor,7.818982792142654,231061.59535004693,77.7,71.8,72.7,Dakar,1.0,1.0,3.0,5.0,1,1
608,F,24.0,Master,3.0675947799405794,404604.3102718576,74.6,70.6,65.2,Thies,3.0,1.0,3.0,7.0,1,1
609,F,20.0,High School,13.563889432005602,,42.5,37.2,52.1,Thies,3.0,3.0,3.0,9.0,1,0
610,F,18.0,Bachelor,,277520.3628214439,75.4,79.7,80.1,Thiès,1.0,1.0,5.0,7.0,1,1
611,F,21.0,High School,7.216858916125675,466974.9560347131,80.3,72.4,61.0,Dakar,2.0,1.0,3.0,6.0,1,1
612,M,18.0,High School,3.8309136478110064,180217.10822875748,59.4,57.5,64.1,Thies,2.0,3.0,4.0,9.0,1,1
613,F,25.0,High School,10.281684693443182,303932.8365066938,66.7,59.1,46.4,Dakar,3.0,3.0,4.0,10.0,0,1
614,M,20.0,Bachelor,,302546.718100111,62.3,62.4,64.5,Dakar,3.0,1.0,3.0,7.0,1,1
615,M,19.0,High School,5.925333121515159,124655.37757311342,66.2,52.8,59.0,Saint-louis,3.0,0.0,2.0,5.0,1,1
616,F,20.0,Bachelor,11.412806180206218,309310.2467383669,50.4,36.8,49.1,Dakar,1.0,3.0,6.0,10.0,1,1
617,M,17.0,High School,8.11772236671021,467611.221287819,49.7,59.1,48.0,Dakar,2.0,1.0,3.0,6.0,0,0
618,F,18.0,High School,10.066577783743869,248108.0107365721,63.3,38.0,45.1,Thies,3.0,4.0,4.0,11.0,1,1
619,F,23.0,Master,4.07469625393014,303727.6111678718,46.7,25.4,30.3,Dakar,4.0,3.0,3.0,10.0,1,0
620,F,18.0,High School,2.3807322242899724,280587.9262601197,44.5,52.1,55.4,Dakar,2.0,2.0,0.0,4.0,0,0
621,F,17.0,High School,8.428831848160534,339704.04340876214,94.4,65.2,83.9,Thiès,1.0,3.0,2.0,6.0,1,1
622,M,,High School,6.724614578021075,389971.9954187022,71.2,51.8,63.1,Thies,3.0,0.0,3.0,6.0,1,1
623,F,23.0,Bachelor,10.505738689815775,373108.6597067703,61.5,55.4,48.5,Thies,3.0,4.0,2.0,9.0,0,1
624,M,22.0,Bachelor,7.680366189349801,260176.2165813625,61.5,60.6,59.9,Saint-louis,3.0,2.0,4.0,9.0,1,1
625,F,22.0,Master,8.82030135693852,338973.7912932137,78.3,65.6,79.4,Dakar,3.0,2.0,2.0,7.0,1,1
626,M,,Bachelor,1.5064698802350265,357592.76893779344,73.4,61.9,73.3,Dakar,1.0,1.0,3.0,5.0,1,1
627,F,16.0,Master,15.553747758457028,179136.6014967626,73.6,52.3,56.3,Saint-louis,3.0,2.0,1.0,6.0,0,1
628,M,24.0,Bachelor,7.343032059871873,320187.6649420433,70.6,69.2,69.0,Saint-louis,2.0,4.0,4.0,10.0,1,1
629,F,19.0,Master,10.790347881356796,,63.5,64.2,56.5,Thiès,3.0,2.0,4.0,9.0,1,1
630,F,19.0,Bachelor,4.655633319121494,357904.0451785422,57.0,59.7,60.5,Thies,2.0,1.0,4.0,7.0,1,1
631,M,23.0,High School,9.232039608869364,263739.3856184017,49.8,48.1,39.9,Dakar,3.0,3.0,3.0,9.0,0,0
632,F,21.0,Master,2.7886209459010187,389705.5350943752,54.5,60.7,59.3,Dakar,2.0,2.0,2.0,6.0,1,1
633,F,21.0,High School,9.808271353038684,252594.37773965189,71.1,69.6,60.8,Saint louis,1.0,4.0,5.0,10.0,0,1
634,M,25.0,High School,6.576103662456669,298980.89698349935,34.0,35.4,42.1,Saint-louis,1.0,0.0,5.0,6.0,1,0
635,M,18.0,Master,8.11676201574227,470874.46146494,65.3,67.0,65.2,Saint louis,3.0,1.0,3.0,7.0,0,1
636,M,22.0,Bachelor,10.79189612052039,469652.3577949511,74.8,67.6,66.9,Thies,1.0,0.0,2.0,3.0,1,1
637,M,20.0,Bachelor,3.0698387551188797,296499.2760928127,77.2,75.9,67.7,Thies,2.0,3.0,1.0,6.0,1,1
638,F,21.0,Master,5.262033077548812,316718.3556875472,93.3,96.5,92.3,Thiès,2.0,0.0,3.0,5.0,0,1
639,M,24.0,Master,,433309.337368132,70.3,80.2,65.5,Saint louis,2.0,2.0,2.0,6.0,1,1
640,F,21.0,High School,16.39288589818699,119903.75816853905,72.9,56.5,61.0,Thies,3.0,0.0,2.0,5.0,0,1
641,M,21.0,High School,7.447670661354073,218577.70111692828,46.6,41.8,34.7,Dakar,0.0,1.0,4.0,5.0,0,0
642,M,23.0,Master,10.36454447169573,460268.4546644108,67.6,70.8,68.9,Saint louis,1.0,1.0,2.0,4.0,0,1
643,F,19.0,High School,7.57211412056608,340793.1658826603,71.7,71.0,68.6,Dakar,1.0,2.0,6.0,9.0,0,1
644,M,18.0,High School,15.768982379025198,225795.7835303328,56.2,55.7,48.1,Thies,2.0,4.0,2.0,8.0,0,1
645,F,17.0,Bachelor,1.0111133321389776,119300.11136032554,47.7,56.4,59.2,Dakar,0.0,0.0,0.0,0.0,0,0
646,F,15.0,Master,8.378484178677432,294010.77203506057,62.4,57.4,61.8,Saint louis,3.0,1.0,2.0,6.0,0,1
647,F,25.0,High School,1.497823865751756,200067.83910559036,69.9,76.0,55.4,Thiès,2.0,3.0,3.0,8.0,1,1
648,M,17.0,High School,2.0262862821468666,288209.1980342324,72.8,72.4,77.1,Thiès,2.0,2.0,3.0,7.0,1,1
649,F,19.0,Bachelor,9.189848212471269,202878.3978246144,59.6,57.3,-10.0,Thies,3.0,0.0,3.0,6.0,1,1
650,F,19.0,High School,8.557991184589836,114833.03573965751,66.2,61.9,68.6,Saint louis,3.0,1.0,3.0,7.0,1,1
651,F,21.0,Master,6.860652249031195,52216.16667796302,63.7,73.4,-10.0,Thies,3.0,0.0,2.0,5.0,0,1
652,F,22.0,Master,7.575223639840988,446616.5621972042,53.0,51.8,48.2,Thiès,2.0,1.0,1.0,4.0,1,1
653,F,22.0,Master,20.393197736285032,252027.53862683312,69.7,51.7,54.4,Saint louis,2.0,1.0,3.0,6.0,0,1
654,F,19.0,High School,6.967299447874263,274648.25310702855,81.6,50.0,59.5,Thies,3.0,2.0,4.0,9.0,1,1
655,M,20.0,Master,10.0404974450003,299731.4260230983,66.1,53.5,64.5,Dakar,3.0,3.0,3.0,9.0,0,1
656,F,21.0,High School,5.402540721544476,117185.20979466388,55.1,52.2,42.5,Dakar,4.0,1.0,2.0,7.0,0,1
657,F,19.0,Master,9.180930300162412,148912.2106262168,77.9,76.8,70.2,Thiès,2.0,2.0,3.0,7.0,1,1
658,F,24.0,Master,7.04706529977753,179362.18488033174,54.0,40.5,50.9,Dakar,3.0,1.0,5.0,9.0,1,1
659,F,21.0,High School,6.35792606908108,213219.7873404729,60.4,68.9,58.6,Dakar,2.0,2.0,3.0,7.0,0,1
660,M,22.0,High School,15.275594128801298,214741.2316544764,72.4,64.8,67.0,Saint louis,2.0,4.0,1.0,7.0,0,1
661,F,22.0,Master,12.708739852737356,204513.88037752663,321.5,77.3,64.8,Dakar,2.0,2.0,3.0,7.0,1,1
662,F,23.0,High School,8.546986589596923,406158.1572392714,68.3,68.0,69.0,Thies,2.0,2.0,4.0,8.0,1,1
663,F,20.0,Master,1.2168477437758671,,18.7,26.0,22.3,Thies,1.0,3.0,4.0,8.0,0,0
664,M,17.0,High School,6.555963106989721,397003.145959885,57.3,64.4,42.1,Dakar,3.0,3.0,4.0,10.0,1,1
665,M,21.0,High School,18.812110257620333,285640.931703222,75.0,60.9,57.0,Dakar,2.0,3.0,3.0,8.0,1,1
666,F,18.0,Bachelor,7.077353333441168,481713.688286458,57.1,51.0,61.3,Thies,3.0,3.0,150.0,156.0,1,1
667,M,,Master,12.412870288214632,273839.32426546514,71.1,77.3,62.2,Thiès,2.0,1.0,2.0,5.0,1,1
668,F,21.0,Bachelor,13.767769607810404,296248.6303014905,93.5,76.5,80.0,Saint louis,1.0,3.0,3.0,7.0,1,1
669,F,23.0,High School,8.8758556634239,255081.2714648692,79.2,75.8,59.1,Thies,2.0,4.0,4.0,10.0,1,1
670,F,20.0,High School,,241473.6567575627,41.2,57.4,57.4,Saint louis,3.0,3.0,2.0,8.0,1,0
671,M,21.0,High School,1.7412493271315537,261864.8990446987,54.0,65.0,50.9,Dakar,0.0,2.0,2.0,4.0,1,1
672,M,24.0,Bachelor,10.736652834435818,242984.9665866476,87.6,76.0,87.4,Saint-louis,2.0,0.0,2.0,4.0,1,1
673,M,21.0,High School,,211927.8543785813,56.5,56.5,60.9,Thies,3.0,1.0,5.0,9.0,0,1
674,M,27.0,High School,,302759.9932412064,55.5,57.5,60.0,Dakar,2.0,1.0,3.0,6.0,1,1
675,F,21.0,Master,3.0007186416425435,385828.3900669479,72.3,64.8,70.1,Thies,2.0,1.0,4.0,7.0,1,1
676,F,16.0,Master,6.939049838119191,252797.86502125527,85.1,63.9,82.2,Thies,1.0,2.0,5.0,8.0,1,1
677,F,22.0,Master,8.134876219604212,109537.43163858552,60.9,50.3,48.9,Dakar,2.0,1.0,2.0,5.0,1,1
678,F,21.0,Master,9.074374324177192,275122.06847901066,63.0,59.6,42.8,Dakar,1.0,3.0,4.0,8.0,1,1
679,M,23.0,High School,3.540711250590343,374823.095859103,46.6,36.0,48.0,Thies,3.0,2.0,3.0,8.0,1,0
680,M,22.0,Master,12.787643795045408,516650.0215703737,65.0,50.0,54.8,Saint-louis,2.0,1.0,5.0,8.0,0,1
681,F,20.0,Bachelor,,156245.04451912057,58.9,65.9,82.2,Saint louis,3.0,1.0,2.0,6.0,0,1
682,F,17.0,Master,1.3021221581870188,248811.4496603312,48.7,61.1,52.0,Thies,0.0,2.0,3.0,5.0,0,0
683,F,19.0,Bachelor,7.563906320146144,253271.5726169548,82.9,73.6,78.8,Dakar,2.0,2.0,4.0,8.0,0,1
684,F,18.0,High School,8.137501236105841,462696.64073178015,66.9,77.7,65.9,Dakar,3.0,2.0,2.0,7.0,1,1
685,M,19.0,Bachelor,8.642357732687039,295807.0199449641,59.3,49.7,63.3,Saint louis,3.0,2.0,150.0,155.0,0,1
686,M,21.0,Bachelor,13.448529614740316,191120.8128753281,60.9,51.8,58.3,Thies,3.0,4.0,3.0,10.0,1,1
687,M,,Bachelor,7.054204653056562,,47.4,51.6,40.3,Saint-louis,1.0,3.0,5.0,9.0,1,0
688,F,21.0,High School,7.521521502524915,205937.79629376283,69.3,65.7,52.0,Thies,2.0,1.0,6.0,9.0,1,1
689,F,17.0,High School,3.587262475067626,153073.52719704548,68.8,70.5,60.2,Dakar,0.0,0.0,5.0,5.0,1,1
690,M,21.0,Bachelor,11.282214011551588,,63.3,53.8,49.5,Thiès,2.0,2.0,5.0,9.0,0,1
691,M,23.0,Master,8.737236256312414,508085.0345307143,70.0,59.3,75.2,Saint-louis,3.0,1.0,3.0,7.0,0,1
692,M,18.0,Master,6.31988909082335,346105.1065979355,50.4,46.0,45.8,Dakar,2.0,0.0,3.0,5.0,1,1
693,F,20.0,Bachelor,0.3813012261381452,312931.2066543052,41.1,42.8,43.3,Thies,3.0,3.0,3.0,9.0,1,0
694,F,20.0,Bachelor,13.77764878022035,270012.75170255447,61.5,61.4,62.9,Saint-louis,3.0,2.0,4.0,9.0,0,1
695,M,18.0,High School,3.089280142175771,222436.59972137053,67.3,56.6,62.7,Thies,2.0,3.0,150.0,155.0,0,1
696,F,22.0,High School,5.634887962521177,208062.16695758133,61.1,45.7,54.4,Thies,0.0,2.0,4.0,6.0,1,1
697,F,20.0,Master,9.433378044304012,335060.25938487914,69.2,70.6,61.6,Thies,3.0,2.0,0.0,5.0,1,1
698,M,21.0,High School,3.213768285533254,214334.8273607116,75.9,214.2,65.7,Dakar,2.0,0.0,4.0,6.0,1,1
699,M,18.0,High School,2.025960886987426,272739.0651500469,65.9,74.5,67.7,Dakar,1.0,1.0,1.0,3.0,1,1
700,F,19.0,High School,0.4957903308026594,302772.5215200877,73.0,68.1,72.6,Thies,2.0,0.0,5.0,7.0,1,1
701,M,22.0,High School,10.883987811622545,182647.33973368336,90.7,75.9,65.8,Dakar,2.0,3.0,5.0,10.0,0,1
702,F,19.0,Bachelor,5.819255021094712,226509.25309189584,65.7,82.2,72.4,Thies,3.0,0.0,3.0,6.0,1,1
703,M,24.0,Master,19.70908036989332,62517.75678123452,72.2,56.3,64.7,Thiès,2.0,2.0,4.0,8.0,1,1
704,F,19.0,High School,4.022579737476507,543218.0539250871,80.2,77.9,79.8,Dakar,2.0,2.0,3.0,7.0,1,1
705,F,,Master,4.314195906284315,,74.8,63.1,67.5,Thiès,2.0,2.0,1.0,5.0,0,1
706,F,22.0,Bachelor,5.738428118858394,200391.5405844916,63.2,64.6,56.9,Thiès,1.0,2.0,4.0,7.0,1,1
707,F,16.0,Master,8.972538620553957,266178.618072348,53.3,37.5,42.6,Thiès,3.0,0.0,5.0,8.0,1,1
708,F,16.0,High School,6.119186644858755,149876.34060696937,66.2,63.3,58.5,Thiès,2.0,2.0,3.0,7.0,0,1
709,F,16.0,High School,10.449328856010048,485105.665364894,80.3,49.0,63.9,Dakar,1.0,4.0,4.0,9.0,0,1
710,F,23.0,Master,4.085646440045382,129614.74028748852,77.1,74.1,74.9,Thies,1.0,1.0,2.0,4.0,1,1
711,F,19.0,High School,2.473633126145676,206384.5323880226,50.6,42.5,45.1,Dakar,1.0,3.0,4.0,8.0,0,1
712,M,26.0,High School,0.8071410423635701,221668.4356704041,70.9,78.5,79.2,Dakar,3.0,3.0,3.0,9.0,1,1
713,M,19.0,Master,0.894296671748787,399220.6356850937,70.3,78.2,73.4,Thies,4.0,2.0,3.0,9.0,1,1
714,F,20.0,High School,5.927723922099773,287518.8926730366,80.6,64.4,77.4,Dakar,3.0,1.0,4.0,8.0,1,1
715,F,24.0,High School,6.796078750427112,62170.79373385528,77.1,76.0,66.2,Dakar,2.0,2.0,5.0,9.0,1,1
716,F,25.0,Master,5.474251890067267,269865.8598429071,58.9,70.1,52.2,Thies,2.0,1.0,4.0,7.0,0,1
717,F,25.0,Master,12.973623188748649,183340.533846801,68.1,65.0,74.3,Saint louis,2.0,3.0,1.0,6.0,1,1
718,F,23.0,High School,12.91212083843254,309549.5455867873,87.1,74.8,60.7,Thiès,1.0,0.0,2.0,3.0,1,1
719,F,23.0,Master,6.660788050221992,472101.2443824392,74.4,65.1,55.1,Thiès,4.0,2.0,3.0,9.0,1,1
720,F,21.0,High School,0.824315547232148,91268.9706921266,55.7,57.7,43.6,Dakar,1.0,2.0,4.0,7.0,0,1
721,M,22.0,Master,5.733179567779789,203973.27175201155,102.2,87.6,106.9,Thiès,1.0,2.0,1.0,4.0,1,1
722,F,19.0,High School,,233676.84554598035,43.2,43.4,54.6,Dakar,2.0,3.0,3.0,8.0,1,0
723,F,18.0,High School,5.371460150887768,215083.12248298968,58.4,53.1,58.1,Thies,2.0,1.0,4.0,7.0,1,1
724,M,20.0,High School,5.209124384407021,254745.50679445275,49.2,49.6,53.3,Saint-louis,3.0,1.0,2.0,6.0,1,0
725,M,20.0,Master,,279174.6698926335,50.0,79.6,66.1,Dakar,1.0,2.0,6.0,9.0,1,0
726,F,19.0,Bachelor,6.453833536408961,349896.32708645344,51.6,38.8,26.0,Dakar,0.0,3.0,2.0,5.0,1,1
727,F,22.0,High School,5.457835604737774,224907.23475218684,75.4,72.2,84.0,Thies,2.0,2.0,3.0,7.0,1,1
728,F,22.0,High School,8.833290034502369,242216.83595304505,84.0,64.4,80.0,Saint louis,2.0,4.0,0.0,6.0,0,1
729,F,20.0,Master,9.441474863619444,393335.71570532577,66.2,62.5,55.8,Thies,2.0,2.0,3.0,7.0,1,1
730,F,24.0,Master,4.357419651270041,212124.05403154937,60.6,61.5,58.2,Thies,2.0,1.0,3.0,6.0,0,1
731,F,17.0,Bachelor,13.084261304028134,393762.9743767818,81.3,214.2,68.2,Thiès,2.0,3.0,2.0,7.0,0,1
732,M,20.0,High School,4.079750792637544,306284.73224730825,61.0,63.6,62.7,Dakar,1.0,1.0,2.0,4.0,0,1
733,M,18.0,Master,1.5287975447386517,425455.22885787033,77.4,74.4,67.3,Dakar,3.0,1.0,2.0,6.0,0,1
734,F,15.0,Master,9.523112285460208,275829.6119907632,65.2,61.3,-10.0,Saint louis,3.0,2.0,4.0,9.0,1,1
735,M,20.0,Master,4.730367462342641,345749.3586194519,64.4,62.8,54.7,Thies,3.0,3.0,0.0,6.0,1,1
736,F,20.0,Master,9.285165883029553,295127.2521985764,87.6,78.1,79.3,Dakar,1.0,2.0,0.0,3.0,1,1
737,F,24.0,Master,1.6146744044021215,288454.5285551305,72.6,67.0,67.4,Saint louis,2.0,2.0,2.0,6.0,0,1
738,F,22.0,High School,13.56982376593227,331071.6513870828,68.3,56.9,53.8,Dakar,2.0,4.0,3.0,9.0,0,1
739,F,17.0,Master,10.689173632161609,364416.8963069884,82.7,64.4,64.3,Saint louis,2.0,3.0,2.0,7.0,1,1
740,F,25.0,Bachelor,1.9980938033479931,150052.2105691194,63.6,66.1,61.4,Dakar,1.0,2.0,3.0,6.0,1,1
741,F,23.0,High School,2.0848915046148573,285155.7171129044,67.7,73.5,64.5,Saint-louis,5.0,3.0,4.0,12.0,0,1
742,M,21.0,Master,14.689063616390111,76840.43513402418,86.2,72.9,79.3,Dakar,2.0,2.0,4.0,8.0,1,1
743,M,19.0,Master,5.050480386008166,217822.5468313325,53.7,54.7,54.1,Thies,1.0,3.0,5.0,9.0,1,1
744,F,18.0,High School,4.663260605069505,214929.3571079921,49.3,46.6,48.8,Saint-louis,2.0,3.0,1.0,6.0,0,0
745,F,19.0,Master,1.064208376597131,349482.7162903137,61.4,52.8,55.1,Saint-louis,3.0,2.0,2.0,7.0,1,1
746,M,23.0,Master,6.596887177593784,,53.8,44.9,53.5,Thiès,2.0,1.0,2.0,5.0,1,1
747,F,25.0,Master,7.089121540656989,77005.02141298712,53.4,42.0,56.5,Saint louis,2.0,2.0,4.0,8.0,1,1
748,F,24.0,Master,10.86197238707794,239076.70459323472,321.5,67.3,71.2,Saint louis,3.0,1.0,2.0,6.0,0,1
749,M,19.0,High School,2.403686287262098,,56.4,59.8,53.5,Dakar,1.0,2.0,3.0,6.0,1,1
750,M,17.0,High School,1.9188528310375617,187365.78773191557,40.2,30.1,33.0,Dakar,2.0,3.0,1.0,6.0,0,0
751,F,20.0,Bachelor,9.803850539105907,332602.03014000366,75.5,70.3,59.8,Thies,1.0,0.0,2.0,3.0,1,1
752,F,16.0,Bachelor,12.02692028490826,490895.4890605504,77.1,60.6,61.8,Thiès,1.0,2.0,2.0,5.0,1,1
753,M,21.0,High School,1.7153905955284676,280926.92676755454,75.8,61.1,69.8,Thies,4.0,6.0,4.0,14.0,1,1
754,M,20.0,High School,12.326056345198964,425283.0155330856,81.6,69.6,77.6,Thiès,2.0,2.0,1.0,5.0,1,1
755,M,19.0,Bachelor,8.150167365947286,370060.4497846871,70.2,53.0,63.8,Thies,1.0,3.0,5.0,9.0,1,1
756,M,16.0,Master,12.367221356298582,247770.21635937985,38.8,28.9,30.7,Thies,2.0,3.0,3.0,8.0,1,0
757,M,21.0,High School,7.719118553929533,109607.23987382736,41.5,46.0,34.5,Thiès,1.0,0.0,2.0,3.0,1,0
758,F,19.0,High School,2.089111669951801,248762.34254408325,50.6,55.5,48.9,Saint louis,2.0,3.0,3.0,8.0,1,1
759,M,17.0,Master,7.392130470735845,120947.75794255636,68.9,74.4,56.8,Dakar,1.0,1.0,2.0,4.0,0,1
760,F,13.0,Bachelor,12.24057527468508,455424.8487203573,79.5,69.2,71.9,Dakar,3.0,2.0,2.0,7.0,1,1
761,F,20.0,High School,4.425015923665143,280552.54775558115,75.3,74.1,70.1,Thies,4.0,0.0,4.0,8.0,0,1
762,M,24.0,High School,6.448140124370191,277571.17703122617,96.2,86.3,103.5,Dakar,2.0,3.0,150.0,155.0,1,1
763,F,24.0,Bachelor,7.295465985796087,242374.2679041121,43.6,38.6,36.9,Dakar,1.0,2.0,4.0,7.0,0,0
764,M,19.0,High School,3.5980555194739274,332262.094368119,64.5,80.5,60.4,Thiès,2.0,4.0,1.0,7.0,1,1
765,F,18.0,High School,14.685390301749903,252858.2073374892,70.1,48.8,56.0,Thies,3.0,0.0,2.0,5.0,1,1
766,F,21.0,High School,4.394497280411303,294594.7058386891,68.9,73.9,56.9,Dakar,3.0,3.0,5.0,11.0,0,1
767,F,18.0,High School,10.022941729891196,248080.85839240893,89.8,80.8,81.3,Dakar,2.0,3.0,4.0,9.0,0,1
768,F,21.0,High School,,287265.70131321426,86.2,74.2,83.9,Saint louis,0.0,1.0,1.0,2.0,1,1
769,F,22.0,Master,13.03047622543744,188860.408382015,75.2,50.6,60.2,Dakar,2.0,0.0,2.0,4.0,1,1
770,M,23.0,High School,9.624224489712324,101781.4424748402,82.1,71.1,74.1,Thies,3.0,2.0,3.0,8.0,1,1
771,F,20.0,Master,7.060302913916102,449139.2271992193,66.9,54.7,62.6,Thiès,3.0,2.0,3.0,8.0,0,1
772,F,19.0,High School,4.42593962992288,387260.1586670521,49.2,45.0,29.9,Thies,3.0,1.0,6.0,10.0,1,0
773,M,18.0,Master,11.191402805528556,307906.9930322688,68.1,46.8,54.4,Thies,1.0,1.0,2.0,4.0,1,1
774,F,18.0,High School,0.5062347841815331,385090.3226669912,51.9,56.4,62.5,Thiès,2.0,3.0,4.0,9.0,1,1
775,M,19.0,Master,10.58356168110357,267868.13775301864,68.2,48.4,62.4,Dakar,2.0,1.0,3.0,6.0,1,1
776,F,21.0,Master,3.603820993780509,458724.3863986776,52.6,49.4,32.7,Thiès,3.0,3.0,1.0,7.0,1,1
777,M,22.0,Master,13.00913464782656,321068.8901910986,80.5,52.2,52.8,Saint-louis,2.0,3.0,0.0,5.0,1,1
778,F,18.0,Master,8.645198170650781,177029.9099908332,68.1,72.2,68.0,Saint louis,3.0,1.0,2.0,6.0,0,1
779,F,24.0,High School,10.576495071400435,440506.8753943774,72.0,53.7,65.0,Thies,2.0,1.0,4.0,7.0,0,1
780,F,19.0,High School,8.327955255298878,347873.4915686285,73.6,61.7,47.5,Dakar,1.0,3.0,5.0,9.0,1,1
781,M,20.0,High School,0.9904916194360132,240057.32618714476,80.8,214.2,86.0,Saint-louis,3.0,2.0,2.0,7.0,1,1
782,F,18.0,High School,4.557083346418646,387260.5511440739,86.5,88.8,90.6,Dakar,2.0,1.0,4.0,7.0,1,1
783,F,14.0,Master,10.68955735044553,251555.5879202512,67.6,46.4,50.2,Saint louis,3.0,4.0,3.0,10.0,1,1
784,F,22.0,High School,8.666623269439375,345085.08485505707,77.2,59.5,79.1,Thies,2.0,2.0,5.0,9.0,0,1
785,M,22.0,Bachelor,,13070.57216592488,93.0,90.8,80.6,Thiès,3.0,2.0,3.0,8.0,1,1
786,M,19.0,Bachelor,9.613098252148689,177623.83995664876,74.9,71.1,68.2,Thies,1.0,0.0,150.0,151.0,0,1
787,F,20.0,Bachelor,4.133192437189361,417511.1693144356,69.0,61.1,65.7,Thies,1.0,2.0,3.0,6.0,1,1
788,F,,High School,4.815743449117464,237988.6793664468,42.6,43.9,26.8,Thies,3.0,1.0,3.0,7.0,0,0
789,F,16.0,High School,8.411669562092948,234469.8096826752,66.8,49.4,55.8,Thies,2.0,1.0,5.0,8.0,1,1
790,F,19.0,High School,1.2561762640004217,106644.28895079296,52.5,50.5,58.2,Dakar,2.0,1.0,3.0,6.0,1,1
791,M,22.0,Master,14.69376754249194,521744.03948425234,90.3,70.6,73.9,Dakar,1.0,4.0,4.0,9.0,0,1
792,F,17.0,Bachelor,9.76698694551023,442863.5572461212,53.2,45.9,55.5,Thiès,3.0,1.0,1.0,5.0,1,1
793,F,21.0,Bachelor,12.90813838819549,,73.9,53.4,49.4,Dakar,4.0,1.0,1.0,6.0,1,1
794,F,17.0,High School,1.677584236763324,210502.09681225903,68.2,72.4,74.2,Thies,3.0,4.0,2.0,9.0,0,1
795,M,21.0,High School,12.978260641421024,342714.1122238225,64.2,61.5,52.6,Dakar,2.0,2.0,3.0,7.0,1,1
796,F,20.0,Bachelor,16.925995644110994,537896.4540202713,80.2,53.6,59.2,Thies,3.0,1.0,2.0,6.0,1,1
797,F,,Master,2.7164865784907297,414451.2306973625,54.9,59.4,64.3,Saint-louis,2.0,3.0,3.0,8.0,0,1
798,F,23.0,Bachelor,,560616.3200875922,71.6,69.4,65.2,Dakar,2.0,2.0,2.0,6.0,1,1
799,M,18.0,High School,8.004439778749173,189317.84051256985,71.8,71.2,74.5,Thies,3.0,2.0,5.0,10.0,0,1
800,F,18.0,Bachelor,1.822264607007023,201673.5803401451,71.5,74.4,70.7,Dakar,2.0,2.0,3.0,7.0,0,1
801,M,21.0,Bachelor,9.971535887407478,157327.06583359817,66.0,61.3,64.6,Thies,1.0,4.0,4.0,9.0,0,1
802,M,23.0,High School,11.334412819349394,317235.72717853833,46.0,35.4,37.1,Dakar,2.0,1.0,3.0,6.0,0,0
803,M,17.0,High School,5.595493789324612,321072.4259765244,72.1,65.7,66.3,Dakar,3.0,3.0,3.0,9.0,0,1
804,M,20.0,Bachelor,12.663666081020892,,76.4,49.2,67.9,Saint louis,1.0,0.0,4.0,5.0,1,1
805,M,21.0,Bachelor,1.3329463728432094,397111.03537479584,65.3,54.2,78.8,Thies,0.0,1.0,3.0,4.0,1,1
806,F,22.0,Master,2.020975414201424,447879.4326257597,65.5,73.1,51.7,Dakar,3.0,1.0,2.0,6.0,1,1
807,F,20.0,Master,8.54638958235501,,54.4,54.8,65.4,Dakar,5.0,2.0,3.0,10.0,0,1
808,M,19.0,Master,8.101541111889087,228363.3566518661,68.4,58.0,69.3,Saint louis,2.0,1.0,3.0,6.0,1,1
809,M,18.0,High School,,240685.16234197872,45.0,55.3,50.0,Thies,1.0,4.0,4.0,9.0,1,0
810,F,20.0,Master,11.238377743887543,243871.35793697016,57.0,48.6,54.6,Saint louis,1.0,3.0,5.0,9.0,1,1
811,F,17.0,Bachelor,10.123577256863795,204215.27083702156,71.4,70.8,65.5,Dakar,1.0,2.0,4.0,7.0,0,1
812,F,,High School,11.432556283736064,298318.47714688414,76.2,78.7,66.0,Thiès,0.0,1.0,2.0,3.0,1,1
813,M,21.0,Master,7.507454258590929,145259.9916331224,54.8,42.4,48.2,Dakar,1.0,4.0,1.0,6.0,0,1
814,F,22.0,High School,10.410321071913364,263810.4230650674,61.8,66.3,48.7,Saint louis,2.0,2.0,6.0,10.0,0,1
815,F,14.0,Master,6.217398787880022,339437.28309657704,75.3,73.5,69.7,Saint louis,0.0,2.0,4.0,6.0,1,1
816,F,17.0,Bachelor,16.215274760346382,231141.6103307857,89.0,73.8,70.2,Saint-louis,1.0,2.0,4.0,7.0,0,1
817,M,22.0,High School,,269602.91055568866,72.6,65.7,63.9,Saint louis,2.0,2.0,2.0,6.0,0,1
818,F,25.0,Master,16.42118971783325,231734.7629763157,77.3,49.3,73.1,Dakar,1.0,3.0,0.0,4.0,0,1
819,F,20.0,Master,8.139551788357634,469034.3392135103,74.4,64.9,66.3,Thies,2.0,3.0,0.0,5.0,0,1
820,M,18.0,Master,2.4979564417250293,284910.4443005073,76.5,61.8,66.9,Saint louis,2.0,1.0,3.0,6.0,0,1
821,F,20.0,Bachelor,13.472317401954404,380552.4164046424,55.7,39.4,45.9,Saint louis,2.0,1.0,3.0,6.0,0,1
822,F,23.0,Master,8.503605553579836,389522.874357938,85.9,79.6,71.9,Saint louis,3.0,1.0,5.0,9.0,1,1
823,M,18.0,High School,11.404496393520953,224695.19967071127,82.2,69.1,67.4,Thies,1.0,2.0,3.0,6.0,1,1
824,F,18.0,High School,12.895423674170374,36365.560498364415,78.2,70.8,67.9,Dakar,3.0,3.0,4.0,10.0,0,1
825,F,19.0,High School,9.351822216580102,228892.13514703617,59.4,53.9,51.3,Dakar,2.0,0.0,2.0,4.0,1,1
826,F,18.0,Master,5.631036620748741,,54.3,54.6,56.6,Thiès,1.0,1.0,2.0,4.0,1,1
827,F,20.0,High School,11.902853510677,366699.1233090153,71.4,67.2,65.3,Saint-louis,1.0,2.0,1.0,4.0,1,1
828,M,24.0,High School,8.003022029818382,221728.27053622005,54.2,37.0,30.5,Thiès,0.0,3.0,1.0,4.0,0,1
829,F,21.0,Master,10.743431274433677,248348.6761439141,60.1,55.8,49.2,Dakar,1.0,1.0,1.0,3.0,1,1
830,F,19.0,Master,0.6149222951658455,541016.761317804,51.6,56.2,47.7,Thiès,0.0,2.0,2.0,4.0,0,1
831,F,19.0,Master,9.787926868039408,123317.51261870668,59.5,45.8,44.9,Thiès,1.0,1.0,1.0,3.0,1,1
832,F,16.0,High School,,242712.32025143172,53.0,55.7,55.2,Dakar,3.0,3.0,2.0,8.0,1,1
833,F,22.0,High School,,231047.7770179931,57.0,61.0,62.0,Dakar,2.0,2.0,3.0,7.0,0,1
834,F,20.0,Master,10.49234939155638,259706.56587114936,96.9,78.8,77.2,Thies,2.0,1.0,0.0,3.0,1,1
835,M,20.0,Master,8.959430983397187,261947.66009112413,53.5,47.4,38.8,Dakar,1.0,1.0,5.0,7.0,0,1
836,F,28.0,High School,9.945239973400886,,70.5,59.5,68.5,Dakar,2.0,2.0,5.0,9.0,1,1
837,F,21.0,Master,4.006236588493128,368546.9052283488,58.5,44.9,46.4,Thies,2.0,2.0,4.0,8.0,1,1
838,F,18.0,Master,14.493026762112216,466877.23151399486,57.2,41.7,37.2,Dakar,1.0,3.0,4.0,8.0,1,1
839,F,19.0,High School,15.965481673667618,293134.1648618248,73.3,61.0,71.8,Dakar,2.0,3.0,3.0,8.0,1,1
840,F,23.0,Master,,312405.8395454514,70.2,66.3,74.5,Dakar,2.0,1.0,4.0,7.0,1,1
841,F,20.0,High School,14.361614274294556,181627.1401080904,86.9,70.7,63.8,Thies,2.0,3.0,3.0,8.0,0,1
842,F,16.0,Bachelor,,362019.0318989341,41.0,47.3,44.9,Thiès,2.0,3.0,3.0,8.0,0,0
843,M,22.0,High School,4.811545735100077,451495.16739225545,63.0,52.9,65.1,Thiès,1.0,1.0,1.0,3.0,1,1
844,F,18.0,High School,8.163698994915691,254316.6451445889,73.8,69.3,74.7,Thies,3.0,3.0,3.0,9.0,0,1
845,F,25.0,Master,9.739764153471594,254881.97047777608,82.7,85.6,72.0,Thiès,2.0,1.0,4.0,7.0,1,1
846,F,23.0,Master,6.424053275027518,232669.30428228035,65.5,72.3,70.4,Dakar,2.0,2.0,3.0,7.0,1,1
847,M,19.0,High School,10.151072761473936,162915.65099090774,64.1,69.7,66.1,Thiès,3.0,5.0,5.0,13.0,1,1
848,M,23.0,Master,9.225557928293656,-29435.946440686123,81.3,82.0,63.7,Thies,1.0,2.0,5.0,8.0,1,1
849,F,20.0,High School,4.006772898835781,235604.22690765563,70.3,76.7,64.6,Thies,0.0,2.0,2.0,4.0,1,1
850,M,22.0,Bachelor,10.075172069806886,198533.73883744635,72.5,72.0,61.1,Thies,3.0,0.0,1.0,4.0,1,1
851,F,21.0,High School,,84203.79186008088,68.9,59.9,66.4,Thies,3.0,2.0,5.0,10.0,1,1
852,M,18.0,Master,8.685877270361564,390382.79396790586,70.8,69.0,68.5,Dakar,2.0,3.0,4.0,9.0,0,1
853,F,18.0,High School,12.61059241304677,170157.86579496769,92.5,83.8,73.5,Saint-louis,3.0,1.0,2.0,6.0,1,1
854,F,23.0,High School,3.1303848260121923,259359.71353394908,69.7,56.0,71.9,Dakar,1.0,3.0,3.0,7.0,1,1
855,F,19.0,High School,9.871801688527407,394415.7323222406,63.2,59.0,44.7,Thies,2.0,2.0,3.0,7.0,1,1
856,F,19.0,Master,3.3188771744129006,130894.10423705836,41.2,42.9,38.9,Thies,1.0,2.0,3.0,6.0,1,0
857,F,18.0,Master,3.54367456706765,116088.21184826856,57.5,69.4,70.0,Dakar,3.0,3.0,5.0,11.0,1,1
858,F,,Bachelor,5.47627666504884,332316.7427474806,54.4,45.3,41.9,Saint louis,2.0,0.0,2.0,4.0,1,1
859,M,25.0,High School,4.231759265703021,377917.1243179185,72.6,63.4,59.8,Thies,3.0,2.0,3.0,8.0,0,1
860,F,,High School,5.808016725035449,95043.83794078474,69.0,62.4,61.3,Dakar,1.0,3.0,3.0,7.0,1,1
861,F,20.0,Bachelor,7.143398757155245,348922.7684204613,71.1,80.6,69.2,Saint louis,1.0,2.0,0.0,3.0,1,1
862,M,24.0,High School,11.348617945325538,328852.9130781268,73.0,69.2,74.2,Dakar,3.0,2.0,7.0,12.0,1,1
863,M,20.0,High School,6.71536384517719,52900.74195692156,78.3,65.4,71.8,Dakar,2.0,2.0,3.0,7.0,1,1
864,M,,High School,1.6574971729216292,306529.255113155,55.7,52.3,52.7,Saint-louis,3.0,4.0,5.0,12.0,0,1
865,F,17.0,Master,12.56027138598064,405192.7055810616,78.8,78.3,84.8,Saint-louis,2.0,2.0,1.0,5.0,1,1
866,M,21.0,Master,,262585.73120927706,64.2,79.3,76.2,Dakar,4.0,0.0,6.0,10.0,1,1
867,F,20.0,Master,7.765118291581485,450281.563475761,67.3,68.5,76.9,Dakar,3.0,1.0,3.0,7.0,1,1
868,M,22.0,Bachelor,9.786146027762848,436374.6689189815,45.8,33.7,35.7,Thiès,2.0,2.0,0.0,4.0,0,0
869,F,23.0,Bachelor,8.798441673611132,312374.1510860646,71.5,67.7,87.3,Thies,2.0,4.0,1.0,7.0,1,1
870,M,26.0,Bachelor,12.376718190085905,245826.553161008,94.2,85.9,85.2,Saint louis,2.0,3.0,1.0,6.0,0,1
871,F,21.0,Bachelor,9.916012573571036,183260.65289004517,67.6,214.2,70.3,Dakar,1.0,3.0,2.0,6.0,1,1
872,F,21.0,High School,4.554761681211568,257845.6653454608,58.8,65.7,66.3,Saint-louis,2.0,1.0,1.0,4.0,1,1
873,M,20.0,Master,16.714248695966646,368371.0703645015,68.1,53.4,49.9,Dakar,1.0,3.0,4.0,8.0,1,1
874,M,19.0,High School,,,33.2,50.6,35.4,Dakar,2.0,1.0,3.0,6.0,0,0
875,M,21.0,Master,,36299.87936855643,53.0,48.1,42.4,Dakar,1.0,2.0,4.0,7.0,1,1
876,F,19.0,High School,11.855701692222285,452245.6673491885,80.4,90.0,67.8,Saint-louis,2.0,3.0,4.0,9.0,1,1
877,M,20.0,Bachelor,8.99780378372029,322826.78662138723,71.9,79.8,69.3,Dakar,2.0,1.0,3.0,6.0,1,1
878,M,23.0,High School,9.596912771757308,220960.1635508916,56.1,47.6,58.3,Dakar,2.0,0.0,1.0,3.0,0,1
879,F,17.0,Bachelor,17.96873599440275,402859.0066107946,63.9,46.9,50.1,Saint louis,3.0,2.0,1.0,6.0,0,1
880,F,23.0,Master,6.899514286979813,482956.6315779308,93.1,99.1,81.6,Thies,3.0,2.0,1.0,6.0,1,1
881,F,23.0,Bachelor,6.728956423930416,-36229.38833854697,53.0,41.4,52.0,Thiès,1.0,3.0,1.0,5.0,1,1
882,M,,High School,8.466314048049854,352111.63799064857,68.7,53.6,46.2,Saint-louis,2.0,1.0,5.0,8.0,0,1
883,F,15.0,Master,12.286063742324156,128802.09470275832,63.3,57.3,65.9,Thies,2.0,1.0,1.0,4.0,1,1
884,F,18.0,Master,1.973863879238404,359893.2608158729,28.8,43.8,42.1,Saint louis,1.0,2.0,5.0,8.0,1,0
885,F,23.0,Master,0.1377764340939791,315351.2642849495,43.5,59.0,59.1,Saint-louis,4.0,3.0,2.0,9.0,0,0
886,F,20.0,Master,5.65153891751941,376287.183172866,52.3,47.2,52.5,Dakar,1.0,2.0,1.0,4.0,1,1
887,M,18.0,Master,1.4643081637628512,240090.28626064135,67.3,62.7,49.3,Thies,2.0,2.0,4.0,8.0,0,1
888,M,,Bachelor,6.300674609897446,75211.18658170177,80.8,70.2,82.7,Thiès,4.0,1.0,5.0,10.0,0,1
889,F,22.0,High School,10.009998784517162,148431.3792951142,59.5,45.0,47.4,Thies,3.0,3.0,1.0,7.0,1,1
890,M,21.0,Bachelor,4.437004545790946,348821.716216774,66.9,48.2,67.3,Dakar,2.0,3.0,3.0,8.0,1,1
891,F,19.0,High School,2.2926936928746304,375347.2545071988,45.0,56.8,44.8,Thies,3.0,1.0,5.0,9.0,0,0
892,F,19.0,Bachelor,8.277348646861391,159380.24394329698,55.1,70.7,49.7,Saint-louis,2.0,1.0,4.0,7.0,1,1
893,M,19.0,High School,11.45017393846068,314074.452673893,61.3,63.0,38.4,Dakar,2.0,3.0,1.0,6.0,1,1
894,F,18.0,High School,1.2201062459335494,186573.321130727,50.8,68.9,68.4,Dakar,1.0,2.0,3.0,6.0,0,1
895,F,24.0,High School,11.280929593223936,219204.54646292952,77.8,61.3,69.3,Dakar,0.0,3.0,1.0,4.0,1,1
896,F,19.0,High School,11.269224814953304,238812.7256561241,85.3,76.8,75.2,Thies,1.0,2.0,4.0,7.0,1,1
897,M,23.0,Master,11.816340408626512,321860.4753254522,65.5,50.7,54.7,Thiès,1.0,2.0,3.0,6.0,0,1
898,F,24.0,Master,12.873920859486743,407025.31614843296,91.2,70.9,85.8,Thiès,2.0,2.0,4.0,8.0,1,1
899,F,22.0,High School,16.808055698638462,109799.97431821446,65.5,48.2,49.2,Saint louis,2.0,0.0,2.0,4.0,1,1
900,F,19.0,Master,6.575631805523779,218411.29239038023,62.9,63.5,46.6,Dakar,3.0,2.0,2.0,7.0,1,1
901,F,21.0,Master,8.438286320311432,322195.5104810504,89.3,75.1,70.7,Thiès,1.0,3.0,4.0,8.0,0,1
902,F,20.0,Master,6.334246267007898,,100.1,78.9,88.3,Thies,4.0,2.0,4.0,10.0,1,1
903,M,18.0,Bachelor,,196417.23453998065,73.3,71.5,80.8,Dakar,4.0,1.0,5.0,10.0,0,1
904,F,21.0,High School,14.131493422545248,371258.4789680627,66.7,63.0,51.7,Dakar,2.0,1.0,5.0,8.0,1,1
905,F,17.0,Bachelor,2.619942064277325,540530.7964410204,79.1,54.2,72.4,Saint-louis,1.0,5.0,1.0,7.0,1,1
906,M,23.0,Bachelor,,288322.66191580903,69.8,64.9,60.6,Thiès,1.0,2.0,5.0,8.0,1,1
907,M,19.0,Master,13.508723746018244,264221.696856012,80.7,61.5,60.0,Dakar,2.0,1.0,3.0,6.0,1,1
908,F,21.0,High School,12.08014602760836,149154.10718306142,52.7,49.7,37.0,Dakar,4.0,1.0,4.0,9.0,1,1
909,F,21.0,Master,6.547473412731688,291815.6963600797,63.1,64.5,60.1,Dakar,2.0,2.0,3.0,7.0,1,1
910,M,19.0,High School,11.41760800448288,83567.30792403626,57.0,56.7,54.0,Dakar,0.0,1.0,2.0,3.0,1,1
911,F,21.0,High School,9.364863369968132,290851.3179215283,49.2,47.3,54.8,Thies,4.0,2.0,3.0,9.0,1,0
912,F,19.0,Master,14.001098436003952,479625.6328621027,59.4,49.7,57.0,Thies,2.0,1.0,3.0,6.0,0,1
913,F,22.0,High School,8.29803837530709,190794.5717203101,71.6,70.1,68.2,Thiès,3.0,2.0,3.0,8.0,1,1
914,M,17.0,High School,12.10252845549033,163419.56383427337,79.9,59.7,78.0,Thies,3.0,2.0,4.0,9.0,0,1
915,F,20.0,High School,18.56804764197048,66505.21245437811,76.2,62.4,59.3,Saint-louis,2.0,1.0,2.0,5.0,1,1
916,M,25.0,High School,10.392396620189864,344887.45057572523,65.8,67.1,53.7,Thiès,3.0,2.0,1.0,6.0,1,1
917,M,17.0,Master,8.197312663179375,331737.8021941649,64.2,86.0,72.1,Thiès,1.0,3.0,1.0,5.0,1,1
918,F,18.0,Bachelor,10.889787940883917,307644.2831718925,71.8,55.6,69.8,Saint louis,2.0,2.0,3.0,7.0,1,1
919,F,21.0,Bachelor,6.53887656718446,273980.7539733428,59.7,60.7,62.7,Saint louis,1.0,2.0,2.0,5.0,1,1
920,F,20.0,High School,17.551870822098927,264869.04974730546,76.0,61.3,64.3,Saint-louis,2.0,2.0,3.0,7.0,0,1
921,F,21.0,Bachelor,,360228.02804408065,58.6,62.3,65.6,Dakar,3.0,2.0,3.0,8.0,1,1
922,F,21.0,Bachelor,6.9082667190979485,296542.0078093652,53.7,52.9,44.8,Thies,3.0,1.0,1.0,5.0,1,1
923,M,22.0,Bachelor,4.657243979919855,337796.62458663987,58.0,65.1,67.1,Saint louis,0.0,3.0,2.0,5.0,1,1
924,F,23.0,Bachelor,12.388880766425752,325797.93809454574,90.9,74.7,74.8,Dakar,1.0,1.0,4.0,6.0,1,1
925,M,21.0,Bachelor,11.468749651310954,434811.2744514914,71.4,61.3,64.7,Saint-louis,2.0,2.0,3.0,7.0,1,1
926,F,19.0,Bachelor,6.010582514343627,381239.2916850065,53.1,56.5,48.6,Thies,3.0,0.0,2.0,5.0,0,1
927,F,22.0,Master,10.30580538048969,323143.42117802287,77.5,68.9,78.0,Thies,1.0,3.0,3.0,7.0,0,1
928,F,25.0,Bachelor,1.9657761271485743,482210.6436782616,79.3,67.0,74.3,Saint-louis,3.0,2.0,3.0,8.0,0,1
929,M,20.0,Master,8.739882300292624,350432.2234867874,71.7,73.1,57.5,Thies,1.0,2.0,2.0,5.0,1,1
930,M,18.0,Bachelor,9.811025408306778,456595.5226548503,78.0,61.4,72.6,Thiès,2.0,3.0,1.0,6.0,1,1
931,F,23.0,High School,14.829319238236891,372833.11300639657,53.6,21.7,50.7,Saint louis,3.0,3.0,7.0,13.0,0,1
932,F,20.0,High School,4.916724789085242,51513.77135018961,90.6,77.9,64.3,Saint-louis,1.0,1.0,150.0,152.0,1,1
933,M,15.0,High School,2.8865894847907025,456580.1715983196,79.7,76.5,76.4,Thiès,2.0,2.0,5.0,9.0,1,1
934,M,22.0,High School,4.418288156299833,245612.66055127533,54.7,45.4,48.4,Saint louis,2.0,2.0,150.0,154.0,1,1
935,F,19.0,Master,2.6537259987403203,293765.4274919066,42.0,43.3,32.1,Saint louis,1.0,2.0,5.0,8.0,0,0
936,M,20.0,High School,13.346629431035932,333761.80169874924,78.8,62.9,66.0,Thiès,1.0,1.0,4.0,6.0,1,1
937,M,21.0,Master,14.194557180096147,258602.0205651519,73.7,53.1,76.1,Saint louis,1.0,4.0,0.0,5.0,1,1
938,F,20.0,High School,9.280866311795316,221306.80897911536,47.2,44.0,45.4,Dakar,1.0,3.0,2.0,6.0,1,0
939,M,22.0,High School,,155176.16461844518,69.5,67.6,62.2,Dakar,2.0,3.0,3.0,8.0,0,1
940,M,19.0,High School,8.53583352232094,338099.9625803557,72.4,62.1,71.0,Thies,2.0,4.0,3.0,9.0,1,1
941,F,21.0,High School,7.619553409196936,227894.7115566123,48.4,37.0,45.9,Saint-louis,2.0,3.0,3.0,8.0,1,0
942,F,19.0,High School,6.6678495237849535,161700.65481438691,84.1,75.5,72.3,Saint-louis,3.0,2.0,1.0,6.0,0,1
943,F,22.0,High School,6.758436034489738,123357.30934987689,67.1,74.2,67.1,Saint-louis,0.0,1.0,2.0,3.0,1,1
944,F,22.0,Bachelor,1.808793774763875,332253.09469783696,41.6,28.6,36.5,Thies,2.0,2.0,3.0,7.0,0,0
945,F,18.0,Bachelor,9.057019054429356,322452.852015011,80.1,64.2,70.5,Saint-louis,1.0,0.0,3.0,4.0,1,1
946,F,23.0,High School,7.838664359143825,233668.6143667657,82.2,70.2,69.3,Saint-louis,1.0,3.0,4.0,8.0,1,1
947,F,19.0,Bachelor,10.981442896311504,176729.77349938452,86.0,87.2,77.9,Dakar,0.0,0.0,1.0,1.0,1,1
948,F,22.0,Master,,107858.25614261124,51.4,53.4,46.9,Thiès,0.0,3.0,4.0,7.0,1,1
949,M,21.0,High School,,334609.97594009445,63.0,74.1,68.0,Thies,1.0,3.0,2.0,6.0,0,1
950,F,25.0,High School,4.515227879969477,343864.5912206814,60.6,57.9,55.6,Thiès,2.0,4.0,3.0,9.0,1,1
951,F,19.0,High School,8.288612947287046,137879.72397010683,61.8,59.7,60.3,Dakar,2.0,2.0,150.0,154.0,0,1
952,F,19.0,High School,10.952948923264648,329999.67781890224,49.3,63.2,45.4,Thiès,1.0,3.0,1.0,5.0,1,0
953,F,20.0,Bachelor,3.426644035664557,334069.3270483657,45.2,34.1,35.7,Thies,1.0,3.0,150.0,154.0,1,0
954,F,19.0,Master,,299152.45145390043,62.9,66.6,64.3,Dakar,2.0,1.0,5.0,8.0,1,1
955,F,22.0,Bachelor,8.932171806117935,252294.15641450664,62.9,57.9,66.2,Saint louis,2.0,1.0,1.0,4.0,1,1
956,F,16.0,High School,,133857.8376690004,30.2,30.9,31.2,Saint-louis,3.0,1.0,6.0,10.0,1,0
957,F,,Master,5.648574780368,418527.421910952,65.4,61.8,55.3,Thies,1.0,2.0,2.0,5.0,1,1
958,M,17.0,Master,8.922443395064859,206927.23662748764,88.0,70.1,76.3,Saint-louis,0.0,2.0,4.0,6.0,1,1
959,M,22.0,Bachelor,3.466315926829508,206423.198911488,50.2,44.3,38.2,Thiès,3.0,2.0,1.0,6.0,0,1
960,F,24.0,High School,9.39969486099757,,58.2,68.5,53.0,Saint louis,0.0,3.0,6.0,9.0,0,1
961,M,20.0,Master,4.4185825053632,74041.9863993928,53.2,67.5,73.5,Dakar,1.0,1.0,2.0,4.0,0,1
962,M,20.0,Master,12.251414772132865,117168.26271982,44.1,15.9,17.6,Thies,1.0,3.0,3.0,7.0,0,0
963,M,20.0,High School,,185316.67273650476,47.7,50.8,47.5,Dakar,2.0,3.0,2.0,7.0,0,0
964,F,23.0,Bachelor,4.556972793192721,335194.13148058223,72.1,64.3,65.1,Thies,3.0,4.0,3.0,10.0,1,1
965,F,18.0,Bachelor,10.1368314494987,358168.15775627084,63.8,52.3,50.9,Saint louis,1.0,3.0,3.0,7.0,0,1
966,M,21.0,Bachelor,5.093032380471923,263784.1807924497,47.5,43.9,45.7,Saint louis,3.0,2.0,3.0,8.0,1,0
967,F,22.0,Master,12.16381669519116,603644.3602370027,59.5,47.0,44.5,Saint-louis,0.0,5.0,2.0,7.0,1,1
968,M,21.0,Bachelor,2.93896636365914,272652.89294809994,45.6,44.2,30.6,Saint-louis,2.0,2.0,3.0,7.0,1,0
969,M,20.0,Master,9.922347033710851,,62.0,54.2,56.1,Thies,3.0,2.0,3.0,8.0,1,1
970,F,23.0,Master,4.508044132442589,204361.59974233469,67.7,79.3,64.7,Thies,3.0,3.0,3.0,9.0,0,1
971,F,13.0,Master,7.172061643606525,314868.81798252853,94.3,77.9,89.6,Thies,1.0,3.0,4.0,8.0,0,1
972,F,22.0,High School,3.875898899410772,228173.14446334957,57.3,58.7,57.7,Dakar,5.0,2.0,4.0,11.0,1,1
973,M,18.0,Master,11.289401883583016,444429.3665440152,72.8,72.3,83.6,Dakar,2.0,5.0,150.0,157.0,1,1
974,F,,Master,4.652078582241652,121285.88826717384,50.6,50.5,48.0,Thies,2.0,1.0,3.0,6.0,0,1
975,F,21.0,High School,10.20785703732731,270480.5593973159,50.4,30.3,37.0,Saint-louis,2.0,4.0,3.0,9.0,1,1
976,M,23.0,Bachelor,6.623607886950668,353604.4332970973,89.3,78.5,85.5,Thiès,4.0,0.0,1.0,5.0,1,1
977,F,20.0,Bachelor,7.542110512804548,370446.90415134426,61.0,47.0,54.9,Dakar,3.0,1.0,3.0,7.0,0,1
978,F,,Master,8.591023629600514,300785.8389365447,79.3,75.5,68.5,Thies,4.0,0.0,5.0,9.0,1,1
979,F,24.0,High School,4.952701313364605,365090.8763438522,61.5,48.9,56.0,Saint louis,2.0,1.0,2.0,5.0,1,1
980,M,23.0,Bachelor,,202924.332848904,64.1,63.0,71.3,Dakar,3.0,0.0,2.0,5.0,0,1
981,F,24.0,Bachelor,14.121338257417644,486948.6518782028,74.0,74.4,60.3,Thies,1.0,2.0,5.0,8.0,1,1
982,F,22.0,Bachelor,4.887620856669143,419115.3723575316,68.4,67.1,66.3,Thiès,2.0,1.0,5.0,8.0,1,1
983,F,20.0,Bachelor,12.68724057309538,138608.66555217933,79.7,53.6,82.2,Dakar,3.0,4.0,2.0,9.0,1,1
984,F,16.0,High School,13.992390533951138,170987.63422598934,90.3,78.9,75.6,Thies,2.0,3.0,7.0,12.0,0,1
985,F,19.0,Master,4.735380043887824,174369.38998717128,54.7,56.3,57.1,Saint louis,2.0,2.0,4.0,8.0,0,1
986,M,18.0,High School,2.179781579637792,282440.1965178269,87.2,82.3,69.4,Thiès,1.0,2.0,4.0,7.0,1,1
987,F,25.0,Master,9.20784360068706,145832.66802990393,69.1,52.0,46.6,Saint louis,3.0,3.0,3.0,9.0,1,1
988,F,20.0,Master,5.810369908932508,,68.6,63.9,66.3,Dakar,3.0,3.0,3.0,9.0,1,1
989,M,20.0,Master,15.47441287665201,354564.52757001296,87.4,70.8,-10.0,Thies,3.0,1.0,4.0,8.0,1,1
990,F,,Master,8.139230161999329,292060.0878544278,51.3,43.8,36.1,Thies,2.0,1.0,2.0,5.0,0,1
991,M,20.0,Master,4.791202367859283,331066.5018855247,79.3,78.3,80.0,Dakar,2.0,2.0,5.0,9.0,1,1
992,F,24.0,Master,3.4113619559531543,172103.674638149,65.1,65.1,70.6,Saint louis,3.0,4.0,3.0,10.0,1,1
993,M,18.0,Master,12.359619836363322,371382.5248076693,101.4,99.1,99.0,Thies,3.0,0.0,2.0,5.0,0,1
994,F,20.0,Bachelor,,,82.7,86.6,85.7,Thiès,1.0,2.0,1.0,4.0,0,1
995,F,18.0,High School,8.175315197841712,187847.8639880474,65.2,65.6,60.6,Thies,2.0,4.0,4.0,10.0,0,1
996,F,17.0,Master,11.823210980449923,328527.80734871834,89.8,95.2,74.0,Thiès,3.0,3.0,3.0,9.0,0,1
997,M,18.0,High School,6.062966592276679,312369.38658370177,74.5,73.9,69.7,Saint louis,1.0,2.0,2.0,5.0,0,1
998,F,20.0,Master,7.816284685039357,302877.60228187114,57.6,65.4,64.2,Dakar,3.0,3.0,3.0,9.0,0,1
999,F,19.0,Master,7.93372636070992,209924.78136278933,50.3,48.6,39.6,Thies,3.0,4.0,4.0,11.0,1,1
1000,F,18.0,High School,10.733298046064368,264054.0706560969,56.0,45.7,31.4,Dakar,2.0,3.0,2.0,7.0,1,1
1001,M,16.0,Bachelor,10.362977342041304,,70.2,52.6,69.3,Dakar,1.0,0.0,4.0,5.0,0,1
1002,F,20.0,Bachelor,7.119545074980686,134989.77201994983,53.9,48.9,47.5,Dakar,3.0,2.0,3.0,8.0,1,1
1003,M,16.0,High School,8.25459624598607,156737.63542700978,71.1,75.5,63.1,Thies,4.0,2.0,3.0,9.0,1,1
1004,M,22.0,Master,6.512883953906046,,81.8,71.5,78.4,Dakar,2.0,3.0,2.0,7.0,1,1
1005,M,20.0,High School,2.089550372322221,146707.6075385589,74.4,74.4,67.7,Dakar,3.0,2.0,3.0,8.0,1,1
1006,F,16.0,Master,9.030403429592518,438789.7981913088,66.6,214.2,53.1,Dakar,1.0,2.0,0.0,3.0,0,1
1007,F,19.0,Bachelor,15.568767043332272,452353.5915119812,82.7,80.1,66.4,Thies,2.0,2.0,5.0,9.0,1,1
1008,F,18.0,High School,4.465123437235748,121411.26378468124,53.5,45.8,61.9,Dakar,2.0,2.0,5.0,9.0,1,1
1009,F,21.0,Master,4.907881161589188,462914.3559660167,45.9,46.9,44.7,Saint louis,1.0,2.0,2.0,5.0,1,0
1010,F,23.0,Bachelor,4.5170889134250345,282770.2093545439,72.8,63.0,70.0,Dakar,2.0,1.0,1.0,4.0,1,1
1011,F,15.0,Master,,350221.7470988466,53.7,53.8,43.7,Dakar,2.0,2.0,5.0,9.0,1,1
1012,F,20.0,Master,9.79394181678576,240401.8737446104,61.2,53.5,56.6,Thies,2.0,2.0,3.0,7.0,1,1
1013,M,20.0,High School,7.365849230334173,368814.3412648192,72.6,78.3,67.6,Dakar,2.0,3.0,3.0,8.0,1,1
1014,F,22.0,High School,4.32792375344414,348731.28226184007,67.9,72.5,59.5,Saint-louis,4.0,5.0,3.0,12.0,0,1
1015,F,21.0,Master,8.369507166559696,202301.6092082876,53.1,57.5,49.1,Saint-louis,1.0,0.0,1.0,2.0,1,1
1016,M,18.0,High School,1.7415114906567828,160175.76000416538,38.4,45.1,35.4,Thies,1.0,3.0,4.0,8.0,1,0
1017,M,,High School,,89666.9339794916,54.7,56.1,51.8,Saint-louis,1.0,4.0,4.0,9.0,1,1
1018,F,18.0,High School,11.486097544351736,322553.0131719308,94.5,80.5,100.6,Thies,2.0,1.0,3.0,6.0,1,1
1019,F,23.0,Master,2.9952034534652885,368696.5694135683,74.8,68.3,88.0,Dakar,1.0,3.0,0.0,4.0,0,1
1020,F,20.0,Bachelor,1.8699268926813453,378115.88145353296,86.0,87.9,75.2,Dakar,1.0,2.0,4.0,7.0,1,1
1021,F,25.0,High School,14.31775156677944,285842.26864711463,76.0,68.0,68.8,Thies,1.0,1.0,4.0,6.0,0,1
1022,M,,Bachelor,5.55296144198166,161160.42532027632,57.3,58.6,48.3,Thies,2.0,1.0,3.0,6.0,1,1
1023,M,18.0,Bachelor,12.543791383775288,218151.024237146,77.4,65.3,58.2,Dakar,2.0,2.0,4.0,8.0,1,1
1024,M,16.0,Master,7.384009339208673,438281.8366754311,80.1,62.9,75.6,Thies,2.0,2.0,5.0,9.0,1,1
1025,F,15.0,Master,7.35218073223469,241844.57224799023,57.9,52.2,57.5,Thies,3.0,3.0,3.0,9.0,1,1
1026,M,16.0,High School,9.75365079798658,249760.96455388915,64.0,48.3,56.1,Dakar,3.0,0.0,1.0,4.0,1,1
1027,M,21.0,Master,4.464004573014238,,47.4,39.6,48.2,Thiès,2.0,3.0,1.0,6.0,1,0
1028,F,21.0,High School,8.529988573982582,340389.9654550842,56.4,57.1,49.2,Thies,1.0,3.0,2.0,6.0,0,1
1029,F,16.0,High School,6.474042340703629,245077.85259851065,71.8,78.7,68.5,Dakar,3.0,2.0,3.0,8.0,0,1
1030,F,22.0,Bachelor,2.718026226379874,425605.5256530916,58.5,60.6,57.8,Saint louis,0.0,5.0,4.0,9.0,1,1
1031,F,19.0,Master,9.349928298905596,392826.9247448176,83.7,66.9,78.3,Dakar,3.0,3.0,3.0,9.0,1,1
1032,F,20.0,Bachelor,6.946768772488335,240515.28641101203,79.9,87.4,78.2,Saint-louis,2.0,1.0,3.0,6.0,1,1
1033,M,24.0,Master,7.371900686221169,284800.3167182804,65.3,56.9,61.6,Thies,2.0,1.0,4.0,7.0,1,1
1034,M,,Master,3.1593562263433688,233866.0511951245,62.8,46.9,63.7,Thies,2.0,1.0,2.0,5.0,1,1
1035,M,19.0,High School,14.365601471051216,115260.96393917387,80.8,66.0,67.5,Dakar,2.0,1.0,4.0,7.0,1,1
1036,M,18.0,High School,11.506856745544464,167434.53137979942,62.9,61.9,49.4,Thies,2.0,0.0,3.0,5.0,1,1
1037,F,15.0,High School,11.856623536687914,239299.1746797765,63.8,49.9,52.3,Saint-louis,1.0,3.0,4.0,8.0,0,1
1038,F,18.0,Bachelor,6.778221190233272,339031.13978754985,321.5,58.4,55.8,Dakar,1.0,0.0,4.0,5.0,0,1
1039,M,19.0,High School,1.083268441986319,261013.39326623568,43.1,41.6,41.7,Dakar,4.0,2.0,3.0,9.0,0,0
1040,F,18.0,Master,15.811669529958042,263792.0335249637,87.4,75.6,-10.0,Thiès,3.0,3.0,150.0,156.0,0,1
1041,F,20.0,High School,7.755609967976527,,64.3,52.3,66.4,Dakar,3.0,4.0,2.0,9.0,1,1
1042,M,20.0,High School,5.0048008159197845,231835.80607525952,80.6,84.0,74.5,Dakar,2.0,2.0,4.0,8.0,1,1
1043,F,19.0,High School,9.667206297932456,262814.7080641696,78.2,64.2,72.0,Dakar,2.0,1.0,2.0,5.0,1,1
1044,M,18.0,High School,,87146.98413569777,54.9,55.9,61.0,Thies,3.0,4.0,2.0,9.0,1,1
1045,M,20.0,Master,7.907797775658135,-170688.0301942011,73.5,80.0,76.0,Thies,3.0,4.0,3.0,10.0,1,1
1046,F,21.0,Bachelor,13.114300671757498,334054.5633405696,64.8,44.6,49.2,Saint louis,2.0,3.0,5.0,10.0,1,1
1047,F,17.0,Bachelor,12.331999754067477,129028.12155342124,62.3,52.1,54.2,Saint louis,2.0,1.0,4.0,7.0,1,1
1048,M,24.0,Master,3.694475250391767,274505.7956744333,71.8,64.6,61.9,Thiès,3.0,0.0,5.0,8.0,0,1
1049,F,20.0,High School,5.304839577362094,,36.6,40.1,23.1,Dakar,3.0,3.0,4.0,10.0,1,0
1050,M,20.0,Bachelor,11.83014865311907,490488.0722898644,76.0,69.3,57.3,Dakar,2.0,2.0,4.0,8.0,0,1
1051,M,22.0,Master,2.850450255241752,347999.5863532328,60.5,62.4,58.5,Saint-louis,3.0,3.0,3.0,9.0,1,1
1052,M,21.0,Master,7.402177227340045,319903.08321584074,83.1,79.6,63.0,Dakar,1.0,1.0,1.0,3.0,1,1
1053,F,22.0,Bachelor,,400438.93855604087,77.9,82.7,80.0,Dakar,1.0,3.0,3.0,7.0,1,1
1054,F,21.0,High School,6.093784794265901,344219.71042068466,57.0,59.3,47.8,Saint louis,2.0,4.0,3.0,9.0,0,1
1055,M,18.0,Master,6.804719643883184,245078.760841388,82.8,79.9,74.9,Dakar,2.0,2.0,4.0,8.0,1,1
1056,F,21.0,Master,6.567022488369968,428577.1116305472,42.1,61.0,59.0,Thiès,2.0,2.0,3.0,7.0,1,0
1057,F,17.0,Master,5.790954991549565,166829.9846534071,59.9,48.7,46.0,Thiès,2.0,1.0,3.0,6.0,1,1
1058,F,20.0,High School,3.611425401484744,246599.666810982,81.9,84.9,78.1,Saint louis,2.0,1.0,5.0,8.0,1,1
1059,M,20.0,Master,17.167645067274744,114291.62470364264,68.4,63.1,70.7,Dakar,1.0,2.0,3.0,6.0,0,1
1060,F,19.0,Master,15.469848016645404,324473.2629019194,75.7,63.6,59.1,Thies,2.0,1.0,4.0,7.0,1,1
1061,M,20.0,High School,3.351736718974868,,49.2,46.0,51.3,Dakar,0.0,2.0,5.0,7.0,0,0
1062,F,15.0,High School,14.328467005214268,320403.1071519588,81.5,54.7,79.4,Dakar,3.0,2.0,2.0,7.0,1,1
1063,F,19.0,High School,6.402138038108588,90850.37534478026,91.7,71.0,59.0,Dakar,2.0,3.0,2.0,7.0,1,1
1064,F,20.0,Master,8.516749893326843,,77.2,70.8,62.6,Dakar,3.0,3.0,2.0,8.0,0,1
1065,M,20.0,Bachelor,7.746904160412336,398721.8911888973,54.7,59.4,48.8,Thies,2.0,3.0,1.0,6.0,1,1
1066,F,17.0,Master,5.361005434984136,340238.0707676769,71.4,67.3,85.0,Saint-louis,2.0,2.0,6.0,10.0,1,1
1067,F,23.0,High School,,237005.01350544984,49.1,36.8,43.8,Thies,2.0,2.0,7.0,11.0,1,0
1068,F,18.0,High School,,140678.77783912962,57.8,51.4,74.3,Dakar,1.0,2.0,3.0,6.0,1,1
1069,F,22.0,High School,6.0937943071230345,147521.57616731813,49.4,51.7,41.4,Dakar,1.0,3.0,3.0,7.0,1,0
1070,F,21.0,Master,2.7816422247981096,449404.9209867908,52.9,54.7,46.0,Saint-louis,1.0,4.0,5.0,10.0,0,1
1071,F,18.0,High School,4.425619945123518,188611.60462751903,46.1,57.5,57.5,Thiès,2.0,3.0,4.0,9.0,1,0
1072,M,24.0,Master,1.4344795375916126,345043.1635373368,61.7,54.7,51.8,Thies,1.0,3.0,2.0,6.0,1,1
1073,M,17.0,Bachelor,,286177.4005468225,61.8,53.9,63.4,Thiès,3.0,2.0,2.0,7.0,1,1
1074,F,22.0,High School,3.2133376308624166,158029.73817002817,79.1,83.9,60.0,Dakar,1.0,2.0,4.0,7.0,1,1
1075,M,23.0,Bachelor,6.937757949925835,412057.2511289996,76.9,78.7,65.0,Dakar,2.0,2.0,4.0,8.0,1,1
1076,F,18.0,High School,13.480407414441483,279309.4883234755,45.3,30.7,23.0,Saint-louis,3.0,1.0,5.0,9.0,1,0
1077,M,23.0,Bachelor,12.797198291686342,576676.4204840627,76.8,75.1,58.5,Thiès,3.0,2.0,4.0,9.0,1,1
1078,M,19.0,High School,7.870892423589528,178130.2344419346,67.8,63.3,63.1,Dakar,3.0,4.0,1.0,8.0,0,1
1079,M,21.0,High School,7.6516610954274,398708.7505440577,64.2,56.3,56.7,Thiès,2.0,2.0,2.0,6.0,1,1
1080,M,21.0,Master,15.519498197684031,142614.72407555985,61.1,61.8,46.2,Dakar,4.0,4.0,2.0,10.0,1,1
1081,F,20.0,Bachelor,10.083024481434844,318881.5881207693,73.2,48.6,50.6,Thiès,1.0,1.0,3.0,5.0,1,1
1082,F,22.0,High School,6.688774160493908,373586.6180428865,67.6,60.3,55.1,Thies,1.0,2.0,3.0,6.0,1,1
1083,F,22.0,High School,2.295927531518192,32288.832447468507,60.5,64.7,66.8,Thies,2.0,3.0,2.0,7.0,1,1
1084,F,16.0,Master,9.575492872658971,275408.10309100704,58.9,60.0,58.3,Saint louis,2.0,3.0,3.0,8.0,1,1
1085,M,23.0,High School,11.317295090331449,232414.83191488555,37.9,21.0,32.0,Thies,3.0,1.0,4.0,8.0,1,0
1086,M,16.0,Bachelor,,215765.1242045854,58.6,60.5,63.4,Saint-louis,2.0,1.0,3.0,6.0,1,1
1087,M,23.0,Bachelor,9.16481102055213,346225.5182711225,49.8,37.7,49.2,Dakar,2.0,3.0,2.0,7.0,1,0
1088,F,23.0,Master,6.545706820339884,434482.2847707114,93.6,75.9,87.1,Saint-louis,3.0,1.0,1.0,5.0,0,1
1089,F,17.0,Master,7.263870403203989,284006.5541725013,67.0,59.0,74.9,Saint-louis,2.0,3.0,2.0,7.0,1,1
1090,M,19.0,High School,1.9512882302493253,222624.5528531555,73.5,82.2,67.2,Dakar,3.0,4.0,4.0,11.0,1,1
1091,F,17.0,Master,7.112874385135458,313717.0503671097,71.9,85.4,81.9,Thiès,1.0,1.0,2.0,4.0,1,1
1092,F,19.0,Master,11.877477209632218,300216.4207627697,74.1,67.1,-10.0,Dakar,1.0,1.0,6.0,8.0,1,1
1093,F,19.0,Master,5.474389777733768,169278.88347454724,64.1,53.3,53.2,Saint-louis,3.0,0.0,4.0,7.0,1,1
1094,F,22.0,High School,8.210105472861265,,60.0,54.6,58.3,Saint-louis,2.0,3.0,2.0,7.0,1,1
1095,M,23.0,High School,4.976197173232318,335423.44417906035,37.1,214.2,34.5,Thies,2.0,5.0,150.0,157.0,1,0
1096,M,23.0,Master,9.44176670517109,347385.77880030934,60.2,72.0,53.1,Thiès,1.0,1.0,0.0,2.0,1,1
1097,M,19.0,Master,7.133907209855305,203218.8445169301,72.0,55.1,63.6,Dakar,2.0,3.0,2.0,7.0,1,1
1098,M,19.0,Master,4.243033837271973,244893.55224129112,59.0,67.8,50.6,Dakar,2.0,4.0,6.0,12.0,1,1
1099,M,16.0,Bachelor,13.33020587066051,278863.8962747066,69.8,51.7,63.1,Dakar,2.0,3.0,5.0,10.0,1,1
1100,F,18.0,High School,11.71572805412886,72056.02914339813,49.5,42.2,50.3,Dakar,1.0,1.0,5.0,7.0,1,0
1101,F,22.0,High School,5.580372944287301,84064.33765454685,59.8,56.5,55.2,Dakar,1.0,2.0,4.0,7.0,0,1
1102,M,24.0,Bachelor,9.99115323767111,227910.24832337187,70.7,55.1,53.6,Saint louis,1.0,3.0,3.0,7.0,1,1
1103,F,17.0,High School,10.149648011281522,362702.4919730868,77.9,68.0,69.3,Thiès,2.0,3.0,3.0,8.0,0,1
1104,M,19.0,High School,10.569204940044704,167832.3383934753,65.7,61.7,65.6,Dakar,2.0,2.0,4.0,8.0,1,1
1105,M,20.0,Bachelor,1.222976416019689,177743.37628911436,51.0,52.6,52.9,Thies,4.0,3.0,3.0,10.0,1,1
1106,F,21.0,Master,12.026426164130513,202237.7216114796,60.5,47.4,56.2,Thiès,3.0,2.0,2.0,7.0,1,1
1107,F,18.0,High School,5.721204148297074,177266.91263025822,46.4,51.6,52.3,Dakar,2.0,2.0,3.0,7.0,1,0
1108,M,21.0,Master,,257536.9244615876,49.6,61.7,57.0,Saint louis,4.0,2.0,150.0,156.0,1,0
1109,M,19.0,High School,18.5515270090408,387931.1119461455,83.2,76.4,54.2,Thiès,2.0,3.0,4.0,9.0,1,1
1110,F,20.0,Master,9.207493522884048,426554.4754184782,53.6,56.9,41.9,Saint-louis,2.0,0.0,2.0,4.0,1,1
1111,M,21.0,Master,6.454710098211298,422972.8934738074,64.8,62.1,56.2,Thiès,2.0,3.0,4.0,9.0,0,1
1112,M,20.0,High School,0.821177491023624,,53.5,60.9,51.9,Saint louis,2.0,2.0,1.0,5.0,1,1
1113,F,19.0,Bachelor,13.559056535785423,180141.49567991408,51.0,44.1,44.3,Dakar,1.0,1.0,3.0,5.0,1,1
1114,F,20.0,High School,2.61916131676559,106055.09892688529,78.7,72.2,70.7,Saint louis,2.0,3.0,3.0,8.0,1,1
1115,F,20.0,High School,3.986244386001986,167175.5650159132,72.5,81.8,66.1,Saint louis,1.0,3.0,3.0,7.0,0,1
1116,F,19.0,High School,6.674590803648603,398224.62386689545,52.2,58.0,47.1,Dakar,2.0,2.0,4.0,8.0,1,1
1117,F,19.0,Bachelor,13.66564716680117,234336.98533410107,69.2,56.5,56.9,Saint louis,2.0,3.0,4.0,9.0,1,1
1118,F,24.0,Bachelor,11.092959946663036,149837.25813128558,54.7,35.3,42.2,Thies,0.0,2.0,2.0,4.0,0,1
1119,F,21.0,Bachelor,7.36864996063896,248280.45597362245,41.5,44.2,31.3,Dakar,3.0,5.0,2.0,10.0,1,0
1120,M,19.0,Master,9.233168254555284,271367.3361942447,52.1,44.1,42.4,Dakar,2.0,3.0,2.0,7.0,1,1
1121,M,22.0,High School,5.598457228515577,271461.2713215052,65.1,62.7,59.3,Dakar,4.0,2.0,2.0,8.0,1,1
1122,F,19.0,Bachelor,8.558614758261402,330114.1224854452,64.1,52.2,53.0,Saint-louis,3.0,3.0,6.0,12.0,1,1
1123,F,23.0,Master,8.293346979112547,200618.33233517903,72.3,58.3,64.5,Saint-louis,3.0,4.0,2.0,9.0,0,1
1124,F,21.0,Master,11.875079582725412,382278.7671016453,74.8,58.9,72.0,Saint-louis,1.0,4.0,5.0,10.0,0,1
1125,M,20.0,High School,,178842.16209845457,59.9,79.0,58.8,Dakar,3.0,1.0,3.0,7.0,1,1
1126,F,21.0,Master,9.97590952882258,281246.83959539485,54.1,47.5,49.0,Dakar,2.0,3.0,3.0,8.0,0,1
1127,F,16.0,High School,6.550609769815591,321083.32383804844,70.8,72.3,63.2,Dakar,1.0,1.0,3.0,5.0,0,1
1128,M,17.0,Bachelor,10.967289177560506,222981.43152667905,82.8,59.9,60.7,Dakar,0.0,5.0,3.0,8.0,0,1
1129,M,17.0,Master,7.632126135187813,231677.8291702635,62.9,53.6,54.0,Thies,3.0,2.0,1.0,6.0,1,1
1130,M,20.0,Bachelor,3.672342525147468,371000.1659631757,39.5,41.7,40.6,Saint-louis,2.0,3.0,3.0,8.0,1,0
1131,M,24.0,High School,6.386848832356245,197072.0188073977,83.5,84.5,82.7,Thiès,2.0,2.0,3.0,7.0,1,1
1132,M,26.0,Master,8.338107935137298,253824.95716751151,72.7,56.8,70.9,Saint-louis,2.0,3.0,3.0,8.0,0,1
1133,M,22.0,Master,11.640863134658982,366689.0613651471,34.5,23.9,23.3,Dakar,4.0,0.0,0.0,4.0,1,0
1134,F,21.0,Bachelor,7.2658873113713875,546491.092972317,89.9,79.3,81.1,Dakar,2.0,3.0,3.0,8.0,1,1
1135,F,15.0,High School,3.163205155041576,372648.5405715296,54.6,53.4,54.5,Saint louis,2.0,4.0,5.0,11.0,0,1
1136,F,19.0,High School,8.226966733187277,241545.1966874612,100.0,82.1,86.0,Thies,3.0,1.0,4.0,8.0,1,1
1137,F,18.0,Master,8.45382416022621,363696.1900407276,71.7,54.5,71.8,Thiès,2.0,0.0,2.0,4.0,0,1
1138,M,18.0,High School,8.743350515611013,171217.16711195407,57.5,59.4,58.2,Thies,1.0,4.0,4.0,9.0,0,1
1139,F,20.0,Master,11.67948606381772,313871.60864158894,73.6,66.9,62.5,Saint louis,0.0,4.0,1.0,5.0,1,1
1140,M,19.0,Master,12.075692960359593,296428.0213996318,68.6,43.5,55.3,Thies,3.0,3.0,3.0,9.0,1,1
1141,M,15.0,Master,,338590.14484473073,68.6,56.0,61.7,Dakar,2.0,2.0,3.0,7.0,1,1
1142,M,22.0,Master,5.535426167804227,313980.9662971045,86.2,83.4,86.0,Dakar,3.0,2.0,2.0,7.0,1,1
1143,F,17.0,High School,3.839205156178108,345563.9612900535,48.8,61.2,50.8,Dakar,2.0,4.0,4.0,10.0,1,0
1144,F,21.0,Master,10.795262681121905,262623.9366120958,84.5,46.6,65.5,Dakar,3.0,2.0,4.0,9.0,1,1
1145,F,25.0,Master,13.79528043335086,307033.07008461514,70.2,54.5,45.9,Thies,1.0,2.0,2.0,5.0,0,1
1146,M,18.0,High School,6.739672288364306,119901.57402132836,65.7,62.7,68.5,Dakar,2.0,2.0,3.0,7.0,0,1
1147,F,,Master,7.034277741100028,261611.12663965035,80.8,78.7,78.3,Dakar,2.0,2.0,2.0,6.0,1,1
1148,M,19.0,Bachelor,13.867130227595904,466900.0257811973,74.4,63.9,76.2,Thiès,3.0,2.0,2.0,7.0,0,1
1149,F,23.0,High School,10.02223141286003,338257.00075539073,71.5,71.3,71.0,Thiès,3.0,2.0,4.0,9.0,1,1
1150,M,25.0,Master,9.74494281920422,297489.4755140308,77.7,60.6,57.2,Thies,1.0,4.0,3.0,8.0,1,1
1151,F,17.0,High School,3.236333976105093,389331.16035157925,87.3,104.2,95.7,Thies,3.0,3.0,4.0,10.0,1,1
1152,F,21.0,Master,10.714912277117676,,66.2,49.3,53.3,Thies,2.0,2.0,1.0,5.0,0,1
1153,F,19.0,Master,4.283454637960967,,43.9,47.1,51.4,Saint-louis,1.0,3.0,3.0,7.0,0,0
1154,M,20.0,Bachelor,3.4639192562601675,505525.3693531527,77.0,83.4,72.3,Thiès,3.0,1.0,4.0,8.0,0,1
1155,F,27.0,Master,6.612913692933152,305515.3123258721,65.6,60.3,54.6,Dakar,2.0,3.0,3.0,8.0,1,1
1156,M,16.0,High School,5.656829106205239,270890.03564522474,72.6,59.5,73.2,Thies,1.0,2.0,1.0,4.0,0,1
1157,M,21.0,Master,,156095.48098852282,74.3,82.0,85.1,Thies,1.0,1.0,2.0,4.0,0,1
1158,M,,Master,2.2360734619003253,353723.5519674014,66.7,64.6,68.0,Thies,3.0,2.0,4.0,9.0,0,1
1159,F,23.0,Bachelor,11.835265225870687,365335.18434329546,103.1,81.8,95.6,Thies,2.0,3.0,2.0,7.0,1,1
1160,F,20.0,Master,12.510745178065717,168660.67669981244,69.6,68.1,60.6,Saint louis,2.0,2.0,2.0,6.0,1,1
1161,F,21.0,Master,0.2106301034367428,283166.9297339486,60.1,37.4,37.1,Saint-louis,4.0,3.0,3.0,10.0,1,1
1162,F,19.0,High School,11.9138312226662,216811.83123658245,37.6,41.2,29.6,Thies,3.0,1.0,3.0,7.0,1,0
1163,M,21.0,High School,4.757885480713495,229113.25436492197,59.3,48.1,75.7,Dakar,2.0,1.0,5.0,8.0,1,1
1164,M,19.0,High School,11.427902147931144,131384.45646038456,42.5,32.1,35.0,Dakar,2.0,1.0,1.0,4.0,1,0
1165,F,22.0,Master,7.726214029334337,450233.6945415789,62.8,70.5,58.8,Dakar,1.0,2.0,4.0,7.0,0,1
1166,M,19.0,Bachelor,8.115102256323995,409898.8537917125,84.6,69.2,85.5,Thies,2.0,2.0,5.0,9.0,1,1
1167,F,21.0,High School,7.259609402315125,,65.6,62.8,64.9,Saint louis,0.0,2.0,4.0,6.0,1,1
1168,M,20.0,Master,12.848516816933945,274029.7546033955,68.8,64.5,63.2,Dakar,1.0,1.0,6.0,8.0,1,1
1169,F,23.0,High School,3.041647949899887,283629.3419666861,82.8,73.3,74.5,Saint-louis,3.0,0.0,2.0,5.0,1,1
1170,F,20.0,Bachelor,10.431361354940034,206602.9736392196,76.4,65.6,61.9,Thies,4.0,0.0,4.0,8.0,0,1
1171,F,16.0,High School,12.405320659558202,246788.4698117957,88.2,70.7,71.8,Thiès,2.0,2.0,3.0,7.0,0,1
1172,F,23.0,High School,10.865360322161642,231355.95916626343,73.1,48.8,59.4,Dakar,1.0,1.0,2.0,4.0,0,1
1173,F,18.0,Bachelor,17.29879565729367,493544.2044848554,55.6,32.3,39.6,Dakar,1.0,2.0,0.0,3.0,1,1
1174,F,18.0,High School,5.8842129491012045,298054.64918225224,72.8,80.5,70.8,Thies,4.0,4.0,2.0,10.0,1,1
1175,M,19.0,Master,11.829219290374123,412158.5648803949,57.8,53.9,57.0,Dakar,1.0,1.0,4.0,6.0,1,1
1176,F,23.0,Master,7.5756374586343185,344391.0735605268,64.1,46.6,58.1,Thiès,1.0,2.0,1.0,4.0,1,1
1177,F,15.0,Bachelor,12.933624305410678,165920.75892825186,77.3,75.2,79.2,Thies,2.0,1.0,6.0,9.0,0,1
1178,F,28.0,Master,7.969244017114522,,69.2,61.1,57.0,Dakar,2.0,0.0,4.0,6.0,1,1
1179,F,23.0,High School,6.4484968725501215,416458.6151536056,55.5,53.5,51.8,Thies,2.0,2.0,1.0,5.0,1,1
1180,F,21.0,Master,13.224288815486515,149008.24447592546,53.6,48.3,35.5,Saint-louis,1.0,3.0,3.0,7.0,1,1
1181,M,20.0,High School,6.03375224392428,233354.52487899107,74.8,64.5,65.5,Dakar,2.0,3.0,4.0,9.0,0,1
1182,F,21.0,Master,,578713.1070315319,42.6,54.6,48.1,Dakar,1.0,3.0,2.0,6.0,1,0
1183,F,21.0,Bachelor,5.932612467304686,427417.99751876784,68.5,68.3,68.9,Thiès,2.0,2.0,2.0,6.0,1,1
1184,F,22.0,Bachelor,10.47613178635413,469683.4962674385,78.0,70.8,57.4,Dakar,2.0,2.0,6.0,10.0,1,1
1185,F,21.0,High School,,246221.22414432812,75.3,78.7,63.8,Thies,1.0,2.0,3.0,6.0,0,1
1186,F,20.0,High School,8.444517501186048,292884.2258900281,91.8,70.9,94.6,Saint louis,1.0,4.0,3.0,8.0,1,1
1187,F,20.0,Master,13.2727882689361,213857.6142775157,73.5,54.6,59.0,Thies,1.0,1.0,5.0,7.0,1,1
1188,M,20.0,High School,,317062.47348594706,61.3,51.3,56.1,Thiès,1.0,3.0,3.0,7.0,0,1
1189,F,20.0,Master,6.226946140728389,378526.5760872916,87.8,74.3,81.7,Dakar,2.0,1.0,4.0,7.0,1,1
1190,F,23.0,High School,6.845699531383596,296392.31034153054,86.8,67.5,67.9,Thies,2.0,2.0,2.0,6.0,0,1
1191,F,21.0,Master,7.541762290109921,457920.8903662198,59.3,68.2,57.3,Saint-louis,2.0,0.0,2.0,4.0,1,1
1192,F,13.0,Master,8.336377553000785,235345.81945831337,74.0,63.6,69.6,Dakar,2.0,2.0,4.0,8.0,1,1
1193,F,22.0,Bachelor,10.763643829568773,277553.0980231605,64.9,59.4,64.4,Thiès,3.0,4.0,2.0,9.0,1,1
1194,F,20.0,Master,6.220772647318039,311455.4449629956,66.6,60.4,61.9,Thiès,3.0,1.0,4.0,8.0,1,1
1195,M,20.0,Master,8.556114747812503,176446.68346927193,72.5,56.0,58.0,Thies,4.0,2.0,2.0,8.0,1,1
1196,F,,High School,7.819508438703793,244011.04999636344,49.5,46.6,50.2,Saint louis,1.0,3.0,4.0,8.0,0,0
1197,M,23.0,Bachelor,4.2964403844354,93728.35044553837,74.1,69.8,62.4,Thiès,1.0,2.0,5.0,8.0,1,1
1198,F,22.0,Master,,,86.6,68.7,88.7,Dakar,3.0,3.0,0.0,6.0,1,1
1199,F,18.0,Master,7.425361880411527,305596.4839879159,59.0,59.1,50.1,Dakar,2.0,2.0,2.0,6.0,1,1
1200,F,21.0,High School,7.339677739987816,175710.765053665,58.0,72.8,59.4,Dakar,1.0,3.0,0.0,4.0,1,1
1201,F,18.0,Bachelor,8.127037826325804,199875.16652458545,54.9,58.2,53.6,Thiès,2.0,0.0,3.0,5.0,1,1
1202,M,17.0,Bachelor,8.302694162453545,271850.5164456975,78.7,67.0,78.3,Thies,1.0,2.0,3.0,6.0,0,1
1203,F,18.0,Master,6.270819283570679,382591.1652926896,68.8,66.6,78.7,Thies,3.0,1.0,3.0,7.0,1,1
1204,M,22.0,Bachelor,13.09085893588506,365728.6774485073,60.6,51.9,44.6,Dakar,2.0,2.0,0.0,4.0,1,1
1205,F,22.0,High School,3.3220774831879334,215335.44632658467,36.4,34.0,32.4,Dakar,2.0,3.0,4.0,9.0,1,0
1206,M,21.0,High School,5.116119566120415,158060.80602584544,73.6,66.8,68.2,Thies,0.0,2.0,1.0,3.0,1,1
1207,F,22.0,High School,19.119854496894224,378827.8447583577,58.6,43.2,47.8,Dakar,1.0,1.0,4.0,6.0,1,1
1208,M,21.0,Bachelor,3.84803458004308,213318.3114461965,71.9,214.2,69.3,Dakar,4.0,4.0,2.0,10.0,1,1
1209,M,18.0,High School,2.584981301160965,307189.17288954044,57.1,51.4,66.1,Saint louis,4.0,3.0,2.0,9.0,1,1
1210,F,21.0,Bachelor,10.937906980004872,314850.55710291327,74.0,59.9,68.4,Dakar,5.0,0.0,3.0,8.0,1,1
1211,M,22.0,Master,0.3084794150954959,337447.4558072086,70.7,70.4,59.6,Thies,2.0,3.0,4.0,9.0,0,1
1212,F,22.0,Bachelor,7.058904360110244,402992.45162182464,56.2,47.7,55.5,Thies,1.0,2.0,6.0,9.0,0,1
1213,M,,Bachelor,16.583299700305954,148444.44757592128,62.6,49.8,58.7,Thies,3.0,2.0,2.0,7.0,1,1
1214,M,22.0,Master,1.820256311386398,70660.88096874146,61.8,63.8,62.0,Dakar,2.0,4.0,1.0,7.0,0,1
1215,M,21.0,High School,0.0721420570451467,231906.3262525978,57.1,54.4,46.6,Thies,1.0,2.0,3.0,6.0,0,1
1216,M,23.0,Master,2.003275192169207,516183.40893986233,81.5,214.2,72.2,Thies,2.0,3.0,1.0,6.0,1,1
1217,M,20.0,Master,11.593438273387942,542660.8920104854,62.9,52.0,46.1,Saint louis,4.0,2.0,4.0,10.0,1,1
1218,M,,High School,12.49910687994325,327982.3305222378,75.1,59.3,56.1,Dakar,2.0,2.0,4.0,8.0,1,1
1219,F,20.0,High School,5.949644812085965,276842.23586871725,59.9,51.4,46.1,Saint-louis,2.0,1.0,5.0,8.0,1,1
1220,F,18.0,High School,10.732849616004277,58239.291804592125,60.8,76.6,61.5,Thiès,0.0,5.0,4.0,9.0,1,1
1221,M,18.0,High School,13.56102131004796,16493.96221884889,55.7,58.2,55.9,Dakar,2.0,2.0,150.0,154.0,1,1
1222,M,20.0,Bachelor,15.149385657719302,226315.42061407067,73.7,56.5,53.6,Thies,3.0,1.0,3.0,7.0,1,1
1223,M,18.0,Master,7.014658875280607,276231.1643820768,34.0,25.2,28.8,Thies,2.0,1.0,2.0,5.0,0,0
1224,F,19.0,High School,,456075.0481267151,43.4,40.2,51.4,Thies,2.0,3.0,2.0,7.0,0,0
1225,M,15.0,High School,4.716484310361253,323706.5031582546,49.7,60.8,46.3,Saint louis,2.0,0.0,3.0,5.0,0,0
1226,M,21.0,Master,6.292783220258969,327288.60947899445,67.3,54.2,64.3,Dakar,1.0,2.0,1.0,4.0,1,1
1227,F,,Bachelor,6.964244813686438,193218.627487063,85.5,82.9,76.8,Thies,0.0,3.0,3.0,6.0,0,1
1228,F,18.0,High School,7.248562395965122,111568.83230985656,49.8,57.4,54.8,Dakar,2.0,1.0,2.0,5.0,1,0
1229,M,22.0,Bachelor,12.475578391722678,330495.32244857226,87.7,86.4,81.0,Dakar,2.0,2.0,4.0,8.0,1,1
1230,F,22.0,High School,13.097713706750326,383646.1174607672,62.1,55.0,64.2,Dakar,3.0,2.0,3.0,8.0,1,1
1231,F,16.0,Master,,347025.7514694701,43.8,45.2,40.6,Saint-louis,4.0,1.0,4.0,9.0,0,0
1232,F,18.0,Master,12.393939504207276,175848.24484720142,53.5,37.5,32.0,Saint louis,3.0,2.0,3.0,8.0,1,1
1233,F,18.0,High School,9.430645466524355,378080.1154550504,73.1,67.5,77.4,Dakar,0.0,1.0,1.0,2.0,1,1
1234,M,18.0,Master,8.258023891450287,351109.31605216936,59.1,59.2,-10.0,Dakar,5.0,3.0,4.0,12.0,0,1
1235,M,22.0,Master,11.626176628439856,171520.0312571786,74.9,55.2,67.0,Dakar,3.0,3.0,3.0,9.0,1,1
1236,F,20.0,High School,8.289008192951663,205881.4835639693,75.1,46.5,58.7,Dakar,2.0,2.0,3.0,7.0,1,1
1237,M,19.0,High School,16.23124470839105,253059.8200081317,71.1,65.2,58.5,Dakar,3.0,2.0,2.0,7.0,1,1
1238,F,15.0,High School,2.246355332821764,218806.1139822577,60.0,62.1,62.1,Saint louis,1.0,2.0,3.0,6.0,1,1
1239,M,22.0,High School,5.9393164036319295,406945.2794329701,93.7,92.6,76.9,Thies,1.0,4.0,3.0,8.0,1,1
1240,F,17.0,High School,7.493924412184199,306820.2853247149,61.6,51.7,60.2,Thies,2.0,3.0,4.0,9.0,1,1
1241,F,,Master,9.757810761831962,,92.4,84.6,72.6,Dakar,2.0,2.0,4.0,8.0,0,1
1242,F,21.0,Bachelor,13.071841948412356,298775.3279530881,83.1,76.7,65.1,Dakar,4.0,3.0,2.0,9.0,1,1
1243,F,23.0,Bachelor,7.902405731055373,307606.0071165262,67.2,75.3,61.8,Thiès,3.0,4.0,6.0,13.0,0,1
1244,F,17.0,High School,2.311081401975171,,65.5,64.4,79.5,Thies,3.0,1.0,2.0,6.0,0,1
1245,F,12.0,Bachelor,11.370055585820015,190489.4162186848,34.4,14.7,21.0,Dakar,2.0,3.0,3.0,8.0,0,0
1246,F,20.0,Master,,384166.7872571399,321.5,65.4,58.8,Dakar,3.0,2.0,1.0,6.0,1,1
1247,M,,Master,0.2325653624823758,401432.79564505146,60.2,49.9,46.7,Thies,1.0,2.0,3.0,6.0,1,1
1248,M,23.0,Master,7.984783465316802,372453.77634635504,97.9,82.0,90.6,Dakar,3.0,1.0,3.0,7.0,0,1
1249,M,21.0,Bachelor,1.6394326772788084,481838.1713188562,51.5,53.1,73.6,Thiès,1.0,3.0,3.0,7.0,1,1
1250,F,19.0,High School,5.34139560999175,206626.27115685848,71.3,54.6,62.6,Dakar,2.0,2.0,4.0,8.0,1,1
1251,F,22.0,Master,4.388764292148801,500912.4919285356,63.7,64.9,57.4,Thiès,1.0,4.0,5.0,10.0,1,1
1252,M,18.0,High School,11.237058792967945,146965.0846670347,60.2,35.0,32.1,Dakar,3.0,3.0,5.0,11.0,1,1
1253,F,21.0,Bachelor,8.467320696688736,178477.73239578083,60.7,54.0,57.4,Dakar,2.0,2.0,3.0,7.0,1,1
1254,M,21.0,High School,2.857635996975889,88804.93414208997,71.2,71.6,63.9,Thiès,1.0,1.0,3.0,5.0,1,1
1255,F,23.0,High School,11.52026385182937,199412.7514645703,42.2,30.2,29.9,Thiès,1.0,4.0,5.0,10.0,1,0
1256,M,27.0,Master,,239553.3195804656,51.5,74.8,69.3,Dakar,2.0,1.0,2.0,5.0,0,1
1257,M,21.0,High School,9.320455161883777,282872.48155098443,61.3,55.5,46.3,Dakar,1.0,3.0,4.0,8.0,1,1
1258,F,19.0,Master,4.7439573228337775,329266.9129944541,75.9,72.4,75.0,Saint louis,3.0,0.0,2.0,5.0,1,1
1259,F,20.0,Master,6.53729166987792,156843.1954777036,74.8,64.0,69.2,Saint louis,2.0,4.0,5.0,11.0,1,1
1260,F,16.0,Bachelor,10.017082992153536,252872.85138890188,58.1,48.0,37.5,Thies,3.0,0.0,3.0,6.0,0,1
1261,F,18.0,Bachelor,10.085797596238116,255424.55746947776,60.2,55.6,47.3,Thiès,2.0,2.0,2.0,6.0,0,1
1262,F,19.0,Bachelor,13.34787629422384,86882.13036457289,72.9,75.3,68.2,Saint louis,3.0,1.0,2.0,6.0,1,1
1263,F,19.0,Bachelor,7.6709852013141875,182286.39275839567,67.5,60.3,60.9,Thies,2.0,4.0,2.0,8.0,1,1
1264,F,20.0,Master,9.225803451853364,,66.8,63.5,58.3,Thies,2.0,1.0,4.0,7.0,0,1
1265,M,18.0,High School,6.2490507103827015,472035.0023785136,71.4,61.5,56.0,Thies,1.0,3.0,5.0,9.0,1,1
1266,F,23.0,Master,8.72795953049119,322974.0859148823,73.9,92.4,63.8,Dakar,2.0,2.0,2.0,6.0,0,1
1267,F,20.0,Bachelor,9.757944192034048,379460.2504737,80.3,58.1,69.6,Saint-louis,3.0,0.0,2.0,5.0,1,1
1268,F,20.0,Bachelor,7.606760610182496,120163.74034209456,64.0,51.8,70.9,Dakar,1.0,3.0,6.0,10.0,1,1
1269,F,19.0,Bachelor,0.7849980636300149,443305.737961679,62.5,58.5,65.8,Saint-louis,2.0,2.0,4.0,8.0,0,1
1270,M,20.0,Bachelor,9.32588358532358,456132.2475628911,59.4,214.2,46.5,Saint-louis,1.0,4.0,2.0,7.0,1,1
1271,M,22.0,Master,9.458245909421828,,87.7,60.4,81.9,Saint-louis,4.0,3.0,4.0,11.0,1,1
1272,M,18.0,Master,5.279306094608197,215361.9931300982,321.5,82.2,90.6,Dakar,2.0,1.0,2.0,5.0,0,1
1273,F,18.0,High School,2.862451855709943,228932.33674519043,51.0,53.2,58.2,Saint-louis,2.0,2.0,1.0,5.0,1,1
1274,F,19.0,High School,13.903516602015864,335418.6067732635,69.7,75.4,54.1,Dakar,2.0,2.0,3.0,7.0,1,1
1275,F,17.0,High School,9.965782043577608,139205.845990699,80.5,72.4,71.4,Thies,3.0,3.0,1.0,7.0,0,1
1276,F,18.0,High School,7.083675876313161,178140.227907419,74.0,64.0,78.6,Saint louis,2.0,3.0,2.0,7.0,0,1
1277,M,19.0,Bachelor,3.4518684674100504,228314.27267458284,69.8,67.9,67.0,Thiès,2.0,1.0,2.0,5.0,0,1
1278,F,22.0,Bachelor,4.712740686314616,,49.5,59.9,51.7,Dakar,2.0,3.0,2.0,7.0,0,0
1279,F,21.0,High School,13.210361587144927,443661.4237754296,88.6,77.3,84.3,Thies,1.0,2.0,4.0,7.0,1,1
1280,F,20.0,High School,8.550647763472185,207474.94114305545,79.7,71.4,63.8,Saint louis,3.0,3.0,4.0,10.0,1,1
1281,M,22.0,High School,5.797651731997174,354600.2216223828,62.1,63.7,63.5,Thies,3.0,3.0,2.0,8.0,1,1
1282,F,20.0,Master,10.038756924898625,206199.3513183735,54.4,55.3,56.0,Thies,2.0,3.0,3.0,8.0,0,1
1283,M,,High School,4.742407250214705,155768.3409824195,67.0,57.5,59.2,Saint louis,2.0,1.0,5.0,8.0,1,1
1284,M,20.0,High School,14.003372121121512,339071.9956658374,56.1,42.6,37.0,Thies,1.0,2.0,2.0,5.0,1,1
1285,F,21.0,Master,13.4112021395869,410632.365360914,80.4,74.8,66.1,Saint-louis,1.0,3.0,1.0,5.0,1,1
1286,M,19.0,High School,6.133703715188894,303525.47735964647,68.6,76.8,70.1,Saint louis,1.0,3.0,1.0,5.0,1,1
1287,M,14.0,High School,5.485319011876559,101334.29579888814,70.6,51.4,58.1,Dakar,3.0,3.0,4.0,10.0,1,1
1288,M,20.0,Master,2.472532794769119,244085.88263135392,47.5,38.4,48.6,Dakar,2.0,1.0,150.0,153.0,1,0
1289,F,24.0,High School,2.073676913794528,,72.7,60.6,63.5,Dakar,3.0,4.0,4.0,11.0,1,1
1290,M,22.0,Master,2.642120900168975,304985.02086766734,69.7,71.3,60.6,Thiès,2.0,4.0,5.0,11.0,1,1
1291,M,22.0,Master,8.540761363949544,171156.8584563043,63.6,55.0,66.7,Thiès,1.0,1.0,0.0,2.0,1,1
1292,F,23.0,Master,6.695065182234561,354998.152695053,74.5,63.8,65.0,Thiès,1.0,2.0,2.0,5.0,1,1
1293,F,20.0,High School,2.618658050339034,,64.9,68.6,65.5,Saint-louis,2.0,3.0,1.0,6.0,0,1
1294,M,20.0,Bachelor,6.875343830141771,515342.98180706543,52.6,63.3,57.1,Saint louis,0.0,1.0,4.0,5.0,1,1
1295,F,18.0,Bachelor,10.021348590589394,485380.975490191,58.0,58.0,50.1,Thies,1.0,3.0,3.0,7.0,1,1
1296,M,19.0,Bachelor,10.11135739966235,,66.8,54.6,57.3,Thies,2.0,2.0,1.0,5.0,0,1
1297,F,22.0,Bachelor,,463320.8045723728,48.9,45.8,43.4,Dakar,3.0,4.0,4.0,11.0,1,0
1298,M,23.0,High School,7.486946078064677,307774.96201480576,72.2,54.0,67.5,Dakar,2.0,3.0,5.0,10.0,1,1
1299,F,20.0,High School,2.4666368921135584,391852.4993250019,74.9,78.9,66.6,Dakar,2.0,0.0,6.0,8.0,1,1
1300,M,19.0,Master,11.606914788561095,477326.435436249,83.5,77.3,78.3,Dakar,2.0,3.0,3.0,8.0,0,1
1301,F,20.0,Master,11.136585665413994,329459.8418153175,72.8,52.3,72.4,Saint louis,3.0,3.0,4.0,10.0,1,1
1302,F,22.0,Bachelor,4.407891094702166,,73.8,73.3,63.0,Thies,2.0,2.0,1.0,5.0,0,1
1303,F,16.0,High School,4.935819190398401,58305.253714640174,61.9,61.4,61.4,Saint-louis,1.0,2.0,1.0,4.0,1,1
1304,M,14.0,Master,6.154931798006771,290023.9769134207,49.8,57.9,58.7,Dakar,2.0,2.0,5.0,9.0,1,0
1305,M,19.0,Master,1.0111735789253569,398810.7821474774,53.0,50.9,54.1,Dakar,1.0,1.0,4.0,6.0,0,1
1306,F,17.0,Master,9.343872693762307,413476.0113081156,74.0,74.2,81.3,Dakar,0.0,5.0,5.0,10.0,0,1
1307,F,19.0,Bachelor,6.908621814639477,360523.8078862092,68.5,61.9,64.8,Thies,2.0,1.0,3.0,6.0,1,1
1308,F,20.0,Master,11.880700330271436,235044.1086045312,65.9,79.7,72.1,Thies,3.0,3.0,6.0,12.0,0,1
1309,M,,Bachelor,3.606363128149789,62781.41172628914,42.9,34.7,35.2,Dakar,2.0,3.0,3.0,8.0,1,0
1310,F,24.0,Master,5.5235082070002735,,74.2,57.1,68.0,Thies,3.0,1.0,2.0,6.0,0,1
1311,F,21.0,High School,1.9738989678435388,225758.77082121503,40.9,39.5,50.0,Saint-louis,3.0,1.0,3.0,7.0,0,0
1312,M,21.0,Master,3.9828377460229873,262448.52393719833,43.6,42.6,37.8,Thies,1.0,2.0,1.0,4.0,1,0
1313,M,22.0,Master,3.272072015727124,374226.76283735095,53.6,57.1,42.2,Dakar,2.0,3.0,2.0,7.0,0,1
1314,F,,Master,11.983894715385784,538281.1693217808,58.1,52.7,46.5,Thiès,1.0,2.0,2.0,5.0,1,1
1315,M,23.0,High School,5.206952604994431,210694.16172335812,75.4,78.6,76.5,Dakar,2.0,4.0,5.0,11.0,0,1
1316,F,20.0,Master,8.496702738978454,273992.1853012246,73.2,64.7,55.7,Saint-louis,3.0,1.0,3.0,7.0,0,1
1317,M,22.0,Master,6.476946384552782,268893.3824395089,50.3,47.4,50.6,Thiès,1.0,1.0,5.0,7.0,0,1
1318,F,17.0,High School,2.922138935948748,269142.48804578884,51.9,45.7,57.4,Thiès,3.0,3.0,3.0,9.0,0,1
1319,M,16.0,High School,7.326798307313429,200604.7487581921,69.3,77.1,67.0,Saint louis,1.0,0.0,2.0,3.0,1,1
1320,F,22.0,Master,10.39641332745438,314423.8270495266,68.9,75.3,76.0,Dakar,3.0,1.0,4.0,8.0,0,1
1321,F,21.0,Bachelor,3.168962429826591,354097.480359816,66.6,69.2,50.1,Saint louis,0.0,2.0,2.0,4.0,1,1
1322,F,18.0,Master,11.236451162925515,325162.3276289386,58.2,52.7,49.9,Dakar,4.0,2.0,2.0,8.0,0,1
1323,F,18.0,Master,4.601116314089214,354905.0320805737,59.1,50.1,54.0,Dakar,1.0,1.0,6.0,8.0,0,1
1324,M,23.0,Master,6.068064295708637,352049.71312182426,100.2,90.4,79.5,Dakar,2.0,0.0,4.0,6.0,1,1
1325,F,17.0,High School,10.12273249204019,87372.39813042677,52.3,53.1,39.0,Thiès,3.0,4.0,2.0,9.0,0,1
1326,M,24.0,Master,5.346255371122048,376424.4190074484,71.9,71.1,73.9,Dakar,1.0,4.0,4.0,9.0,1,1
1327,M,18.0,Master,,219478.2185205056,87.9,86.5,89.2,Thiès,4.0,0.0,2.0,6.0,1,1
1328,F,22.0,Master,6.74123668484763,168499.30043952505,58.1,70.5,61.5,Dakar,4.0,3.0,1.0,8.0,1,1
1329,M,19.0,High School,8.517472026815273,107472.66925365782,94.6,85.7,87.8,Thies,3.0,2.0,5.0,10.0,1,1
1330,F,22.0,Master,1.5229564220939888,352024.99325670354,53.6,61.0,43.6,Dakar,2.0,3.0,3.0,8.0,0,1
1331,M,19.0,Master,0.6812727391676683,273291.00873301766,41.7,37.7,37.8,Thies,2.0,2.0,3.0,7.0,1,0
1332,M,20.0,Master,10.463868024187352,98163.74592175071,54.9,50.4,59.6,Dakar,3.0,0.0,1.0,4.0,1,1
1333,F,20.0,High School,12.1487256225962,276623.6272324803,61.2,57.7,48.5,Dakar,3.0,3.0,3.0,9.0,0,1
1334,F,17.0,High School,4.358053185873915,127247.02430414072,41.1,45.1,48.1,Saint-louis,0.0,1.0,3.0,4.0,1,0
1335,F,22.0,Bachelor,7.0238865913154624,316778.5630221853,56.4,57.4,51.3,Dakar,2.0,1.0,1.0,4.0,1,1
1336,M,19.0,Bachelor,9.178877011609206,328619.8710807665,86.3,66.0,72.6,Saint louis,1.0,2.0,150.0,153.0,1,1
1337,F,19.0,High School,10.772870406634816,352004.8312824195,62.5,59.9,55.3,Thiès,1.0,0.0,5.0,6.0,1,1
1338,M,18.0,High School,0.1107090866833946,381273.0146945844,48.2,49.9,60.0,Thies,1.0,3.0,3.0,7.0,0,0
1339,M,14.0,Bachelor,4.455839012086491,136238.840891935,77.5,81.9,74.7,Thiès,1.0,2.0,4.0,7.0,0,1
1340,M,20.0,Master,6.6696824806005,293703.1372724341,61.1,43.3,57.1,Thies,4.0,2.0,2.0,8.0,1,1
1341,F,26.0,Bachelor,10.812560788944197,266839.7645946939,71.8,61.5,70.0,Saint louis,1.0,3.0,2.0,6.0,1,1
1342,F,22.0,Master,17.99372193488598,352049.9623153155,49.1,41.6,29.7,Dakar,2.0,2.0,2.0,6.0,1,0
1343,F,20.0,Master,7.087977092761129,325880.2525120342,53.3,52.5,59.4,Dakar,2.0,1.0,4.0,7.0,1,1
1344,M,19.0,Bachelor,2.372090151584045,257694.4508716056,61.7,59.0,51.7,Saint louis,1.0,3.0,3.0,7.0,0,1
1345,F,20.0,High School,9.609072308805192,247091.7373666973,78.6,70.8,86.0,Dakar,2.0,2.0,3.0,7.0,1,1
1346,F,21.0,High School,13.28398315816284,136800.35901794446,61.6,56.8,48.1,Dakar,2.0,1.0,2.0,5.0,1,1
1347,F,17.0,Master,8.432056483918004,418543.3898887811,55.8,49.9,46.8,Saint louis,3.0,2.0,1.0,6.0,1,1
1348,F,23.0,High School,4.373405819382828,355104.5017919435,67.5,64.6,65.7,Thiès,4.0,2.0,5.0,11.0,1,1
1349,F,22.0,High School,11.831975765920076,345085.8285875532,62.6,64.1,61.0,Thies,1.0,2.0,3.0,6.0,1,1
1350,F,22.0,Bachelor,10.65418247399374,262752.4636229384,56.2,42.5,36.3,Thies,2.0,2.0,2.0,6.0,0,1
1351,F,21.0,Bachelor,3.8956766232175024,221179.74375666835,55.6,61.6,53.1,Dakar,2.0,2.0,3.0,7.0,1,1
1352,F,20.0,High School,9.525702470137368,170602.19200449268,82.6,68.5,75.3,Thies,1.0,4.0,2.0,7.0,1,1
1353,F,22.0,Bachelor,11.98906227063549,343070.1100488792,52.2,57.7,55.1,Thiès,3.0,1.0,3.0,7.0,1,1
1354,M,21.0,High School,12.727560170235574,143850.5058458696,72.4,58.3,56.9,Saint-louis,2.0,0.0,2.0,4.0,0,1
1355,M,19.0,High School,7.734204098762176,521839.568275986,62.6,56.1,57.3,Thiès,4.0,2.0,3.0,9.0,1,1
1356,F,19.0,Master,6.567682215282725,143082.89026878716,89.3,77.3,76.2,Dakar,3.0,3.0,3.0,9.0,1,1
1357,F,20.0,High School,12.909095288325052,332839.2143055002,70.7,66.2,67.2,Dakar,2.0,0.0,6.0,8.0,1,1
1358,F,24.0,Bachelor,3.15935798807646,488022.56486565433,75.7,75.3,76.4,Dakar,2.0,2.0,6.0,10.0,0,1
1359,F,,Master,9.75431716368402,371890.7711116571,67.5,59.1,50.5,Dakar,4.0,0.0,4.0,8.0,0,1
1360,F,16.0,Master,2.519893490542283,321080.8454990135,75.4,73.6,70.9,Thies,1.0,3.0,3.0,7.0,0,1
1361,M,20.0,High School,12.261505089038412,183781.9623645725,85.2,62.1,76.1,Saint-louis,2.0,2.0,4.0,8.0,0,1
1362,M,20.0,Master,6.967817937555354,134187.69737187552,69.1,58.0,72.4,Dakar,2.0,1.0,4.0,7.0,1,1
1363,M,20.0,Bachelor,13.074332942589876,392406.0130701103,73.3,48.0,49.3,Saint louis,3.0,0.0,2.0,5.0,1,1
1364,M,21.0,Bachelor,9.965651025422108,480737.6688929936,66.3,60.2,58.3,Dakar,3.0,5.0,1.0,9.0,1,1
1365,F,19.0,Master,3.1071190797522803,,40.5,52.6,36.9,Thies,3.0,5.0,0.0,8.0,0,0
1366,M,24.0,Bachelor,13.698510928308972,163312.61908603788,89.6,80.8,86.0,Dakar,1.0,1.0,3.0,5.0,0,1
1367,F,16.0,High School,14.204981065710918,,61.8,67.5,51.2,Dakar,2.0,1.0,2.0,5.0,1,1
1368,M,18.0,Bachelor,11.529145970396865,182308.21876049548,56.6,55.7,56.5,Thies,1.0,2.0,2.0,5.0,1,1
1369,M,20.0,Bachelor,4.95364853985512,286361.1789001152,38.3,45.3,51.7,Thies,2.0,2.0,2.0,6.0,1,0
1370,M,16.0,High School,6.775944182570365,361075.50218876783,79.4,72.2,66.0,Saint louis,1.0,2.0,2.0,5.0,1,1
1371,F,,High School,8.581708869623037,248242.2317446868,64.2,64.3,75.2,Saint-louis,4.0,2.0,4.0,10.0,1,1
1372,F,24.0,High School,5.185158402674267,336610.2485648104,61.9,58.0,46.8,Dakar,1.0,4.0,1.0,6.0,1,1
1373,F,20.0,Master,14.769386289852818,251985.6406438643,37.3,20.1,29.6,Thies,3.0,4.0,4.0,11.0,0,0
1374,M,21.0,Master,8.577305886904147,230020.1139292853,54.1,45.2,43.3,Thies,4.0,2.0,3.0,9.0,1,1
1375,F,17.0,Master,2.813392188429429,468677.7117009557,71.2,53.7,66.2,Thies,3.0,3.0,5.0,11.0,1,1
1376,F,18.0,Master,9.357423251024882,324088.62489100674,71.3,68.1,67.5,Saint-louis,1.0,0.0,3.0,4.0,0,1
1377,F,19.0,Master,6.607370412730747,47687.91696947735,64.1,49.9,58.5,Saint-louis,1.0,2.0,1.0,4.0,1,1
1378,F,19.0,High School,7.700293775526209,219175.24225233088,66.8,64.8,52.1,Dakar,5.0,2.0,0.0,7.0,1,1
1379,M,23.0,High School,6.525522536857202,121034.28147650724,44.8,43.5,32.9,Dakar,4.0,3.0,1.0,8.0,0,0
1380,M,21.0,Bachelor,11.22818566642675,234448.3188987042,86.7,78.3,81.7,Dakar,2.0,3.0,3.0,8.0,0,1
1381,M,17.0,High School,12.478751114213525,367549.2792342102,47.4,38.2,42.6,Saint-louis,2.0,2.0,1.0,5.0,1,0
1382,F,21.0,Master,9.132212649034615,287106.61418469006,58.9,49.7,54.8,Dakar,1.0,3.0,3.0,7.0,1,1
1383,F,21.0,Master,6.642755251447364,290776.15115956054,52.2,45.1,-10.0,Thiès,1.0,1.0,4.0,6.0,1,1
1384,F,23.0,Master,7.834651180763319,457616.7793590284,78.2,79.4,69.8,Dakar,3.0,3.0,2.0,8.0,1,1
1385,M,24.0,Bachelor,8.078398466310514,,69.2,81.8,61.5,Dakar,4.0,3.0,2.0,9.0,1,1
1386,F,17.0,Master,4.790279840540652,523703.9431064819,58.2,59.3,51.5,Dakar,2.0,2.0,0.0,4.0,1,1
1387,M,18.0,Master,10.31571459428494,219443.0890354697,83.4,59.1,63.2,Thies,3.0,2.0,5.0,10.0,0,1
1388,F,17.0,Master,9.840169295441864,310703.7835935086,48.0,35.3,35.7,Saint louis,3.0,3.0,6.0,12.0,1,0
1389,F,19.0,Bachelor,14.161764959106694,266255.568551668,60.7,48.6,54.9,Dakar,2.0,3.0,5.0,10.0,1,1
1390,M,21.0,Master,13.0213991211539,314810.2960201153,49.0,46.4,61.8,Dakar,3.0,2.0,3.0,8.0,1,0
1391,M,22.0,Master,,353351.03940877545,82.7,70.4,65.4,Dakar,3.0,1.0,3.0,7.0,1,1
1392,M,20.0,Bachelor,11.281193498035858,352060.2288106652,80.8,63.5,55.5,Dakar,3.0,1.0,4.0,8.0,1,1
1393,F,19.0,High School,4.1961864676221134,209625.9203255304,69.0,60.3,69.5,Saint-louis,2.0,2.0,3.0,7.0,1,1
1394,M,20.0,Master,10.783728403763398,165250.2387062915,66.0,45.1,52.9,Dakar,3.0,2.0,1.0,6.0,1,1
1395,F,,Bachelor,5.933543204959569,600380.6149086852,75.0,69.6,72.9,Dakar,3.0,3.0,4.0,10.0,1,1
1396,M,25.0,High School,3.9069871064976622,241921.87924793363,56.1,50.0,43.3,Thies,3.0,1.0,5.0,9.0,1,1
1397,F,16.0,High School,9.120181370789618,383905.4926406384,50.3,40.0,43.1,Dakar,3.0,2.0,5.0,10.0,1,1
1398,F,20.0,Bachelor,2.698268512616563,107083.04273721635,54.8,61.2,67.9,Thiès,2.0,2.0,4.0,8.0,1,1
1399,F,25.0,Master,0.996097702379088,266446.4736114388,56.2,55.4,39.1,Thiès,3.0,2.0,4.0,9.0,1,1
1400,F,20.0,High School,7.290032464902867,191894.4490512453,66.9,52.2,70.7,Dakar,3.0,2.0,1.0,6.0,0,1
1401,F,20.0,Master,8.32976706653937,356737.8083913399,61.3,65.3,58.5,Saint louis,2.0,3.0,3.0,8.0,1,1
1402,F,19.0,Master,6.522724919367245,-26694.49691903265,52.0,51.9,52.0,Thies,1.0,2.0,2.0,5.0,0,1
1403,M,20.0,Bachelor,1.6822548051296051,319936.8735693997,50.7,52.2,43.7,Dakar,4.0,1.0,5.0,10.0,1,1
1404,M,23.0,Bachelor,4.728432631445978,162031.02535585285,72.9,61.2,60.9,Thiès,2.0,2.0,3.0,7.0,1,1
1405,M,14.0,High School,9.564837308949576,217912.70441980177,36.5,35.0,38.5,Saint-louis,1.0,4.0,3.0,8.0,0,0
1406,F,24.0,Bachelor,10.32712708251345,175640.49637942045,54.2,54.2,45.2,Thiès,2.0,3.0,2.0,7.0,0,1
1407,M,16.0,Master,7.935107529616235,197342.07648893024,78.2,72.3,86.0,Saint-louis,2.0,3.0,2.0,7.0,1,1
1408,F,19.0,Master,12.627335124147956,267164.6867528078,65.1,61.3,58.1,Thies,0.0,3.0,1.0,4.0,1,1
1409,F,19.0,High School,9.589588093836936,173720.46364761656,82.1,67.6,65.7,Thies,3.0,3.0,4.0,10.0,1,1
1410,M,21.0,High School,,242935.86639175744,63.7,60.8,67.5,Saint-louis,3.0,3.0,4.0,10.0,1,1
1411,F,16.0,Bachelor,6.8779917863535305,156794.90777480215,70.2,56.3,64.6,Thies,1.0,1.0,3.0,5.0,1,1
1412,M,21.0,High School,2.3885353711685813,61405.76893782827,45.7,41.3,40.6,Dakar,2.0,2.0,4.0,8.0,1,0
1413,F,25.0,Master,7.567444038434333,422154.8462915232,52.5,42.0,39.7,Thies,1.0,2.0,2.0,5.0,0,1
1414,F,17.0,Bachelor,12.448402476885354,144474.1568611286,53.0,38.3,33.2,Thies,1.0,2.0,0.0,3.0,1,1
1415,M,20.0,High School,10.741160338843873,182590.39334885083,71.2,68.5,63.2,Saint louis,1.0,1.0,4.0,6.0,0,1
1416,F,18.0,Master,13.608037303676488,390346.9297792542,87.3,72.0,72.9,Thies,3.0,2.0,3.0,8.0,0,1
1417,M,21.0,High School,,138366.14434216762,53.4,50.5,43.4,Saint-louis,4.0,0.0,4.0,8.0,0,1
1418,F,20.0,Master,13.38439917805703,200980.09203053545,69.1,47.7,63.1,Dakar,2.0,3.0,4.0,9.0,1,1
1419,F,18.0,Master,,327148.57064009056,68.6,56.0,60.3,Thies,3.0,1.0,3.0,7.0,1,1
1420,M,21.0,Master,13.886340330279577,434152.05872725823,75.2,55.0,65.4,Thies,3.0,1.0,3.0,7.0,1,1
1421,M,25.0,Bachelor,7.9125730102315055,159682.16818962374,50.1,63.0,36.8,Dakar,0.0,2.0,5.0,7.0,1,1
1422,M,20.0,Master,10.828925495217106,281982.2601579073,86.2,80.5,71.1,Dakar,1.0,4.0,3.0,8.0,1,1
1423,F,22.0,Master,13.90044945723942,92100.64860392072,82.9,66.2,65.4,Saint louis,4.0,0.0,4.0,8.0,1,1
1424,F,17.0,High School,,252815.8795581372,68.4,57.0,72.1,Thies,1.0,2.0,3.0,6.0,1,1
1425,F,18.0,High School,8.873555950176696,,72.7,52.9,49.2,Saint-louis,2.0,0.0,1.0,3.0,1,1
1426,M,21.0,High School,13.155453700825207,120598.82978608175,321.5,55.3,49.2,Dakar,2.0,2.0,1.0,5.0,1,1
1427,F,24.0,High School,7.467987344279746,245160.97994097223,73.8,52.0,77.7,Dakar,0.0,3.0,3.0,6.0,0,1
1428,F,21.0,High School,2.716430869975356,111291.54415170688,53.4,55.9,-10.0,Dakar,1.0,1.0,2.0,4.0,1,1
1429,M,19.0,Master,16.57202821833964,309249.43336577923,70.4,58.1,66.8,Saint louis,3.0,1.0,2.0,6.0,0,1
1430,F,20.0,High School,6.120942142651453,331718.53023002145,33.7,40.2,33.4,Thies,1.0,2.0,4.0,7.0,1,0
1431,M,17.0,High School,8.635024203750172,168342.73562754437,62.5,59.2,60.7,Dakar,2.0,3.0,1.0,6.0,1,1
1432,F,22.0,High School,,159368.40410840232,65.0,53.8,66.7,Saint louis,1.0,0.0,3.0,4.0,0,1
1433,M,22.0,Master,,360305.5495745018,75.5,62.0,74.6,Saint-louis,1.0,1.0,2.0,4.0,1,1
1434,F,19.0,Bachelor,,445450.8863187283,49.4,46.8,48.4,Dakar,1.0,4.0,5.0,10.0,1,0
1435,F,19.0,High School,9.014949187099331,120817.22253492824,55.5,51.2,45.5,Dakar,0.0,1.0,7.0,8.0,1,1
1436,M,21.0,High School,0.8276944083504416,242894.4691188538,80.8,71.2,55.6,Saint-louis,3.0,2.0,3.0,8.0,1,1
1437,M,19.0,Bachelor,6.848375692528319,333975.698678343,60.6,56.6,65.8,Thies,1.0,2.0,4.0,7.0,1,1
1438,F,20.0,Master,8.980154657261624,287753.23312453827,34.4,34.9,34.2,Thies,2.0,5.0,5.0,12.0,0,0
1439,F,25.0,Bachelor,6.920192412699343,2784.951974749565,47.2,36.0,38.3,Thies,1.0,1.0,4.0,6.0,1,0
1440,F,19.0,High School,1.826196227257012,223662.46924082024,59.1,43.2,60.1,Saint louis,3.0,3.0,4.0,10.0,1,1
1441,M,19.0,High School,14.376711824816049,431241.0064154196,62.8,64.5,65.6,Thies,1.0,1.0,1.0,3.0,1,1
1442,M,18.0,Master,8.414152615796702,313999.4101403404,87.6,83.4,66.9,Dakar,1.0,1.0,5.0,7.0,0,1
1443,F,22.0,Master,13.724608471046963,176267.2736046884,56.3,44.3,41.3,Saint-louis,1.0,1.0,4.0,6.0,1,1
1444,F,20.0,Master,6.959854999278221,238424.730436286,73.7,63.0,70.3,Saint louis,0.0,3.0,3.0,6.0,1,1
1445,F,18.0,Master,4.479952073236944,512389.5681186712,35.5,31.6,26.0,Thies,3.0,1.0,3.0,7.0,1,0
1446,M,23.0,High School,9.07672368102064,321172.45202623395,66.7,61.2,72.8,Saint louis,2.0,2.0,3.0,7.0,0,1
1447,F,24.0,Master,7.1368514946871215,376803.1942061195,78.3,72.9,78.8,Saint louis,2.0,1.0,3.0,6.0,0,1
1448,F,18.0,High School,3.288954168034568,,67.7,60.6,70.2,Dakar,3.0,2.0,3.0,8.0,1,1
1449,M,,Master,13.879137035149984,220663.5465370833,60.0,57.5,47.5,Dakar,2.0,0.0,2.0,4.0,1,1
1450,F,,Bachelor,5.510919108424016,275931.4583213078,80.5,79.6,70.9,Dakar,2.0,0.0,4.0,6.0,1,1
1451,F,18.0,High School,0.6389344608177261,190386.68857187827,64.8,58.3,70.4,Dakar,2.0,1.0,3.0,6.0,0,1
1452,F,22.0,High School,13.312664215829331,294120.73134727473,66.6,62.9,60.1,Saint-louis,1.0,3.0,2.0,6.0,0,1
1453,F,15.0,Master,5.982807936749508,481070.2673120285,53.0,52.3,40.3,Dakar,3.0,2.0,3.0,8.0,1,1
1454,F,22.0,Bachelor,5.568704429537503,434200.57641517534,70.0,57.8,67.7,Thies,2.0,1.0,3.0,6.0,0,1
1455,M,17.0,Bachelor,0.938449651880104,129673.87730447511,57.8,52.8,42.2,Thies,2.0,1.0,4.0,7.0,1,1
1456,F,22.0,High School,14.963765946387962,270987.7193570112,83.2,72.2,72.4,Saint-louis,3.0,3.0,3.0,9.0,1,1
1457,M,20.0,Master,2.84207765116125,388411.6014201477,57.8,58.9,61.7,Dakar,4.0,4.0,4.0,12.0,1,1
1458,F,18.0,Master,8.2337979228226,374263.2396173562,81.4,58.9,67.7,Thiès,1.0,3.0,3.0,7.0,1,1
1459,M,19.0,High School,11.650481290161762,163610.3684263851,51.3,35.5,60.0,Saint-louis,1.0,2.0,3.0,6.0,1,1
1460,F,22.0,Master,9.686867732012388,649693.1058922034,70.2,60.4,65.2,Dakar,2.0,1.0,3.0,6.0,0,1
1461,F,20.0,High School,7.761382752031234,146749.85252026573,81.3,70.3,69.6,Dakar,1.0,3.0,4.0,8.0,1,1
1462,F,21.0,High School,,145958.18896533002,43.8,58.5,70.8,Dakar,3.0,4.0,5.0,12.0,1,0
1463,F,25.0,Master,4.761100656930864,328031.4097513892,61.9,63.2,73.3,Dakar,2.0,3.0,4.0,9.0,1,1
1464,F,16.0,Master,8.751201352170089,554016.3665956624,57.6,44.8,57.1,Thiès,1.0,3.0,3.0,7.0,0,1
1465,F,24.0,High School,4.851303720052014,128822.38754462214,60.2,52.4,64.4,Dakar,3.0,0.0,1.0,4.0,1,1
1466,M,20.0,Bachelor,,268100.5961223609,65.4,71.0,75.9,Thies,4.0,1.0,4.0,9.0,1,1
1467,M,18.0,High School,10.726973635260569,293474.56570425176,90.4,87.2,75.2,Thies,1.0,2.0,150.0,153.0,1,1
1468,M,17.0,High School,11.850011543200406,297856.541413472,54.3,38.1,41.6,Thies,2.0,1.0,3.0,6.0,1,1
1469,F,20.0,High School,3.0952825687492664,163196.6504523926,45.7,34.8,40.7,Saint-louis,0.0,1.0,4.0,5.0,1,0
1470,M,22.0,Master,16.786584219915817,,66.8,60.7,53.4,Dakar,2.0,3.0,2.0,7.0,0,1
1471,F,20.0,High School,11.069917378216523,332702.1588275512,68.5,61.0,61.3,Saint louis,2.0,3.0,1.0,6.0,1,1
1472,M,24.0,Bachelor,7.993143385323744,423652.65427641495,62.5,50.0,58.6,Thies,2.0,0.0,2.0,4.0,0,1
1473,M,16.0,Master,12.358146332306562,454976.2666878436,62.8,39.5,43.7,Dakar,2.0,3.0,1.0,6.0,1,1
1474,M,20.0,Master,17.461631087999894,336840.3672006434,56.0,49.2,47.3,Thiès,1.0,2.0,4.0,7.0,1,1
1475,F,17.0,High School,2.245119595772522,222198.4806997419,56.3,48.3,51.2,Saint louis,3.0,4.0,3.0,10.0,1,1
1476,F,21.0,High School,7.098949430034586,,82.0,71.1,78.2,Thies,2.0,3.0,4.0,9.0,1,1
1477,F,22.0,Master,1.5137266394933135,358695.66679791454,56.0,62.2,68.1,Saint louis,1.0,2.0,4.0,7.0,1,1
1478,F,19.0,Bachelor,8.770606130592098,306620.47654457565,77.4,60.1,63.0,Thies,2.0,2.0,2.0,6.0,0,1
1479,M,13.0,Bachelor,9.461576967700562,299926.9821213253,57.9,48.5,53.4,Dakar,3.0,2.0,2.0,7.0,0,1
1480,F,20.0,High School,7.843351538228962,388274.4713587292,81.4,71.3,80.5,Dakar,3.0,4.0,2.0,9.0,0,1
1481,F,21.0,Master,5.381865716006761,481933.9416426052,63.8,42.8,51.9,Saint louis,1.0,3.0,6.0,10.0,1,1
1482,F,21.0,High School,0.198058064753301,119093.64664398952,65.6,54.3,-10.0,Thies,4.0,2.0,3.0,9.0,0,1
1483,M,23.0,High School,9.494134733647074,187779.57387848687,60.5,58.5,51.6,Dakar,2.0,3.0,3.0,8.0,1,1
1484,M,17.0,Master,13.8217379356613,217356.66798657185,58.2,64.7,46.2,Thies,0.0,3.0,3.0,6.0,1,1
1485,F,22.0,High School,5.635926177066272,262683.4240216713,73.6,65.5,54.2,Dakar,3.0,1.0,1.0,5.0,1,1
1486,F,23.0,Bachelor,9.76023971609258,348301.9451682386,78.5,79.7,67.3,Dakar,2.0,1.0,2.0,5.0,0,1
1487,F,,High School,1.7274227463197978,276967.53452107083,101.5,102.4,79.9,Thiès,2.0,3.0,2.0,7.0,0,1
1488,M,21.0,High School,9.828852254770055,286544.8267666386,78.9,71.3,62.5,Thies,3.0,2.0,2.0,7.0,1,1
1489,M,19.0,High School,6.426470809021372,70399.15983326366,72.1,78.5,71.4,Saint-louis,2.0,2.0,3.0,7.0,1,1
1490,M,20.0,Bachelor,4.950328197588343,184194.53033085843,80.1,84.0,82.7,Thiès,2.0,3.0,3.0,8.0,0,1
1491,M,21.0,Master,4.958545435135478,407579.9604240199,70.7,74.6,59.5,Thies,1.0,1.0,1.0,3.0,1,1
1492,F,19.0,Master,6.42555367186796,-28851.17064419173,63.0,46.3,63.2,Thies,1.0,2.0,2.0,5.0,0,1
1493,F,18.0,Bachelor,9.529733262770142,442491.25820184,68.8,62.3,62.1,Dakar,2.0,2.0,3.0,7.0,1,1
1494,M,20.0,Master,2.751347195217929,362547.598877345,63.8,65.4,67.2,Thies,1.0,1.0,4.0,6.0,1,1
1495,M,17.0,Bachelor,6.411538673728589,457941.12978360266,78.1,84.9,77.6,Dakar,0.0,2.0,3.0,5.0,1,1
1496,F,17.0,High School,7.83411288800341,209813.053315904,48.0,39.7,37.9,Dakar,3.0,2.0,3.0,8.0,1,0
1497,F,22.0,Master,,52631.34911725141,23.8,49.6,36.8,Dakar,3.0,2.0,3.0,8.0,0,0
1498,F,17.0,Master,15.186660806700068,351643.51698077976,85.8,76.9,76.6,Dakar,3.0,0.0,5.0,8.0,1,1
1499,F,22.0,Bachelor,4.586018079754634,452958.374884601,58.7,50.2,57.4,Thies,1.0,0.0,4.0,5.0,0,1
1500,F,21.0,Master,5.322252345466039,410966.61666161055,51.1,37.5,48.4,Thies,2.0,3.0,2.0,7.0,1,1
1501,F,16.0,Master,4.086768200710008,220477.02198143577,39.6,37.7,35.4,Thiès,2.0,2.0,2.0,6.0,1,0
1502,M,18.0,Bachelor,15.19392034855247,310411.3290555176,91.0,83.5,80.0,Dakar,3.0,0.0,4.0,7.0,1,1
1503,M,23.0,High School,10.211620914397926,205279.3383616503,75.1,70.1,75.4,Saint louis,3.0,2.0,2.0,7.0,0,1
1504,F,18.0,Master,4.253631975025432,201688.02429727532,51.1,47.2,49.4,Thies,1.0,0.0,0.0,1.0,1,1
1505,F,19.0,High School,12.424926235439877,372895.3891379165,66.6,48.1,55.2,Dakar,4.0,1.0,3.0,8.0,1,1
1506,F,21.0,High School,8.802794777155514,129103.165952266,75.8,73.4,66.1,Dakar,1.0,2.0,2.0,5.0,1,1
1507,F,22.0,High School,9.029013684446006,171778.8843802134,69.1,84.3,76.4,Saint louis,0.0,2.0,4.0,6.0,1,1
1508,M,19.0,Bachelor,6.62209116499019,167516.92398331375,57.7,53.2,57.0,Dakar,1.0,3.0,3.0,7.0,1,1
1509,F,19.0,High School,5.002336052172106,101314.1617701887,45.3,56.5,43.6,Dakar,3.0,3.0,4.0,10.0,0,0
1510,F,24.0,Master,9.351064396218405,317569.7150211124,81.0,67.8,72.6,Saint louis,3.0,3.0,7.0,13.0,1,1
1511,F,24.0,Master,5.819651080017639,439380.3658178371,61.9,57.4,56.6,Dakar,1.0,2.0,5.0,8.0,1,1
1512,F,22.0,Master,15.267022518300418,277814.78925056814,71.7,50.1,62.4,Thiès,0.0,1.0,3.0,4.0,0,1
1513,F,20.0,Bachelor,2.9228355790275837,119310.26393230003,72.8,74.2,76.3,Saint louis,3.0,2.0,4.0,9.0,0,1
1514,M,18.0,High School,14.144627091419782,356289.56931101903,48.4,37.8,43.7,Thies,1.0,3.0,3.0,7.0,0,0
1515,F,18.0,Master,7.554724604808797,502284.21048419655,63.5,70.4,71.0,Dakar,3.0,3.0,3.0,9.0,0,1
1516,M,21.0,Master,9.196342936084424,222450.92110240867,72.2,71.1,59.3,Dakar,1.0,2.0,1.0,4.0,1,1
1517,F,21.0,High School,11.332631066517738,,44.0,37.4,51.9,Thies,2.0,2.0,4.0,8.0,0,0
1518,F,24.0,High School,5.479002819982255,361879.2756100073,49.8,34.4,39.3,Dakar,2.0,1.0,0.0,3.0,0,0
1519,F,22.0,High School,11.456993538794546,494624.84973420616,60.6,56.3,48.3,Dakar,2.0,3.0,3.0,8.0,1,1
1520,F,16.0,High School,2.830175421524709,148257.954721719,57.6,59.8,67.4,Dakar,2.0,4.0,1.0,7.0,1,1
1521,M,23.0,Master,5.120041867112244,140106.0262802154,64.8,63.9,62.1,Thies,3.0,3.0,2.0,8.0,1,1
1522,M,18.0,Master,4.303748770635739,375770.2327526888,84.9,74.9,68.8,Thiès,4.0,0.0,3.0,7.0,1,1
1523,M,19.0,High School,2.985975950512953,285267.53531316674,68.3,71.5,56.3,Saint-louis,4.0,3.0,4.0,11.0,0,1
1524,F,21.0,High School,7.140180647684195,300735.7740522272,55.4,49.8,42.8,Dakar,2.0,4.0,4.0,10.0,1,1
1525,F,25.0,Master,9.54299987272678,233024.0088411059,64.9,65.6,56.4,Saint louis,2.0,1.0,3.0,6.0,0,1
1526,F,28.0,Master,10.810639993997224,419325.4477190456,51.4,49.0,38.0,Thies,3.0,3.0,4.0,10.0,0,1
1527,F,22.0,Bachelor,8.963507028801631,363364.3205457557,68.4,50.2,62.4,Dakar,1.0,2.0,3.0,6.0,1,1
1528,M,20.0,Master,5.337226140425813,207787.73797158085,84.5,73.6,80.0,Dakar,2.0,3.0,2.0,7.0,0,1
1529,M,21.0,Bachelor,9.476065751300668,305891.3677566806,73.7,60.6,56.9,Dakar,2.0,1.0,4.0,7.0,0,1
1530,F,22.0,High School,8.497142779403402,137795.09615704243,62.2,49.5,67.2,Thiès,2.0,1.0,2.0,5.0,1,1
1531,M,19.0,High School,11.744224671744064,303543.68502602924,73.5,74.5,59.8,Saint louis,2.0,0.0,3.0,5.0,1,1
1532,M,24.0,High School,11.107746811726066,189372.92285833537,59.4,40.4,47.9,Dakar,1.0,2.0,2.0,5.0,1,1
1533,M,21.0,Bachelor,8.121905655682516,247714.70011383155,23.2,22.8,29.1,Saint louis,3.0,3.0,1.0,7.0,0,0
1534,F,21.0,Master,4.410987975354972,296055.0617817079,55.7,42.4,42.5,Dakar,2.0,2.0,3.0,7.0,1,1
1535,F,22.0,Master,5.388199376671677,304836.9239196297,67.4,56.3,74.2,Thies,2.0,1.0,3.0,6.0,0,1
1536,M,,Master,5.800842561447867,407391.6073878673,80.9,70.7,68.2,Saint-louis,2.0,1.0,5.0,8.0,0,1
1537,M,22.0,Master,6.738934664334977,370930.8637590266,82.7,78.2,75.1,Thies,3.0,2.0,0.0,5.0,1,1
1538,M,18.0,High School,9.072201710359014,281230.8865448637,72.9,71.9,67.8,Saint louis,2.0,3.0,2.0,7.0,1,1
1539,M,19.0,Master,10.860697560512234,391640.1779662794,85.1,74.2,58.8,Thies,2.0,0.0,5.0,7.0,1,1
1540,F,,Master,7.795525227938489,348088.4704429936,70.8,70.8,70.8,Saint-louis,2.0,2.0,4.0,8.0,1,1
1541,F,21.0,High School,8.06449915160189,169690.86153642897,80.1,72.1,79.0,Saint louis,2.0,0.0,4.0,6.0,1,1
1542,F,22.0,Master,8.573225220000015,285033.8210116217,86.5,55.9,59.4,Dakar,1.0,2.0,5.0,8.0,1,1
1543,F,21.0,Master,5.93637874747064,282213.2533388255,79.5,55.8,63.4,Dakar,1.0,2.0,2.0,5.0,0,1
1544,F,24.0,Master,4.298430969428176,360631.3611809042,80.1,75.6,63.0,Dakar,3.0,5.0,2.0,10.0,1,1
1545,F,20.0,High School,0.9782484107571604,197911.2365866043,46.3,54.0,51.7,Dakar,2.0,1.0,4.0,7.0,0,0
1546,F,22.0,High School,5.21940256769251,222785.5899854288,28.0,30.4,44.3,Saint-louis,1.0,3.0,4.0,8.0,1,0
1547,F,17.0,High School,9.892581813071148,327378.2443862732,81.4,77.1,69.2,Dakar,2.0,0.0,3.0,5.0,0,1
1548,F,19.0,Master,5.18835424784173,412768.2578096525,63.7,68.1,63.2,Thiès,0.0,2.0,150.0,152.0,0,1
1549,F,22.0,Master,7.048771850296241,208727.9202689833,58.2,60.5,32.6,Thies,2.0,2.0,2.0,6.0,0,1
1550,F,22.0,Master,9.865725149649268,368512.9192730638,53.4,27.6,38.2,Dakar,2.0,3.0,5.0,10.0,0,1
1551,F,19.0,Master,10.082757985690677,314202.0078786213,76.2,73.7,60.8,Thies,4.0,1.0,6.0,11.0,0,1
1552,F,20.0,Bachelor,3.681868591335844,346986.14103121124,74.1,64.4,69.2,Dakar,3.0,1.0,5.0,9.0,0,1
1553,F,16.0,High School,11.988237425814566,262922.68405349983,75.7,66.4,68.3,Saint-louis,1.0,0.0,4.0,5.0,1,1
1554,F,19.0,Bachelor,12.509400357421942,442757.11745822825,68.1,56.1,52.4,Dakar,1.0,2.0,4.0,7.0,0,1
1555,F,22.0,Master,3.480600571125761,341474.4413581735,57.4,35.7,45.0,Thiès,3.0,1.0,3.0,7.0,0,1
1556,F,21.0,High School,4.704652521435383,292549.35621428554,74.6,66.3,68.3,Thies,3.0,3.0,1.0,7.0,1,1
1557,M,21.0,Master,12.764362732584766,425062.86923796206,67.7,67.9,57.9,Dakar,4.0,3.0,2.0,9.0,1,1
1558,F,20.0,Master,7.412585914978797,327994.20493054466,72.9,68.4,67.1,Thies,3.0,3.0,4.0,10.0,0,1
1559,F,20.0,Bachelor,0.8791117898074035,314577.42951948696,55.5,62.5,50.9,Dakar,2.0,1.0,150.0,153.0,0,1
1560,F,18.0,Master,2.401273981069255,337682.71229833376,63.3,73.6,72.1,Dakar,3.0,2.0,3.0,8.0,1,1
1561,F,,High School,7.002521499310075,235870.0687339504,63.5,60.7,44.1,Thies,2.0,2.0,5.0,9.0,0,1
1562,F,21.0,High School,3.3478293988615926,267740.34987476416,58.0,55.5,40.2,Thiès,2.0,1.0,5.0,8.0,0,1
1563,F,21.0,Master,6.346304917454234,,81.1,80.2,90.1,Dakar,1.0,3.0,4.0,8.0,0,1
1564,M,19.0,Master,8.129584854734315,209859.93364513456,52.9,52.3,44.1,Saint-louis,4.0,3.0,3.0,10.0,1,1
1565,F,,Bachelor,13.849018416138914,180171.55362210725,86.6,67.4,69.7,Dakar,2.0,4.0,4.0,10.0,1,1
1566,F,23.0,Master,6.838184335088844,132962.00558435087,321.5,56.0,61.7,Thiès,2.0,3.0,3.0,8.0,1,1
1567,F,19.0,Master,12.290167198291035,194433.9166338532,68.2,62.6,55.2,Saint-louis,1.0,4.0,5.0,10.0,0,1
1568,F,18.0,Bachelor,13.71504064814708,279087.95586396893,88.6,75.3,75.8,Dakar,3.0,4.0,1.0,8.0,1,1
1569,F,22.0,High School,13.737238677408303,274643.49282928515,75.0,74.7,67.4,Saint louis,3.0,1.0,3.0,7.0,0,1
1570,M,,High School,9.139018373542273,221623.0993588821,74.0,57.3,64.4,Saint-louis,1.0,0.0,2.0,3.0,1,1
1571,M,23.0,Bachelor,0.146843408644103,17315.58118471707,59.1,68.3,60.6,Saint-louis,3.0,4.0,4.0,11.0,1,1
1572,F,22.0,High School,9.84329946161546,369706.4340681728,84.1,76.1,84.6,Dakar,3.0,3.0,3.0,9.0,1,1
1573,M,22.0,Bachelor,12.193599551254165,430377.6147468458,90.0,94.0,73.4,Dakar,1.0,3.0,6.0,10.0,0,1
1574,M,17.0,Bachelor,7.675731578258332,353491.18214605545,77.1,64.8,68.1,Saint louis,3.0,1.0,4.0,8.0,0,1
1575,F,23.0,Bachelor,14.978335480300997,528898.8807063922,81.4,60.9,63.2,Saint-louis,2.0,2.0,2.0,6.0,1,1
1576,F,21.0,High School,11.43933424586983,182716.3059019547,61.8,50.7,45.5,Dakar,3.0,3.0,1.0,7.0,1,1
1577,F,19.0,Bachelor,10.273093508611137,526515.0144751206,63.1,66.7,70.5,Dakar,4.0,3.0,1.0,8.0,1,1
1578,M,20.0,Bachelor,12.345522844823352,,85.4,70.1,62.2,Saint louis,5.0,1.0,4.0,10.0,1,1
1579,M,16.0,High School,9.333479405043512,328648.5510349628,81.3,84.4,78.6,Dakar,3.0,4.0,3.0,10.0,1,1
1580,F,21.0,Master,1.971241997581414,147139.5209838955,70.9,68.6,68.6,Dakar,2.0,2.0,2.0,6.0,1,1
1581,F,17.0,Master,6.003444194118537,301763.291465324,65.2,63.5,70.2,Dakar,3.0,3.0,2.0,8.0,1,1
1582,M,17.0,High School,12.788672108991411,229027.79393162875,101.3,78.9,84.0,Thies,2.0,3.0,4.0,9.0,1,1
1583,F,16.0,High School,4.769634639606815,214897.17383030365,66.8,54.7,47.6,Thies,4.0,5.0,3.0,12.0,1,1
1584,F,23.0,Bachelor,7.106109979052244,385665.2932908165,77.9,62.4,72.3,Dakar,2.0,2.0,2.0,6.0,0,1
1585,M,18.0,High School,3.8206547443877152,258738.8324441609,67.3,66.2,74.3,Dakar,2.0,2.0,4.0,8.0,0,1
1586,M,24.0,Bachelor,15.135690380807077,237310.2325946989,85.7,56.9,59.6,Dakar,3.0,4.0,5.0,12.0,1,1
1587,M,19.0,High School,14.725969829672062,201523.289685169,75.7,70.8,79.7,Thiès,4.0,3.0,1.0,8.0,1,1
1588,M,16.0,Master,4.464524419437083,397309.6527138836,65.7,75.9,70.4,Thies,1.0,2.0,5.0,8.0,0,1
1589,F,17.0,Master,8.589192001556336,221550.95642316388,58.1,53.1,56.4,Dakar,1.0,2.0,3.0,6.0,1,1
1590,F,23.0,Master,5.278023808943809,409848.35645819246,70.9,60.1,70.4,Saint louis,1.0,0.0,4.0,5.0,1,1
1591,F,20.0,High School,10.459778556125512,446725.4151398317,76.5,74.2,55.0,Thiès,1.0,2.0,4.0,7.0,0,1
1592,F,19.0,High School,10.038732308969315,83485.76116691717,55.0,63.6,68.1,Thies,1.0,0.0,3.0,4.0,1,1
1593,F,20.0,High School,11.246822286453062,287108.7543369018,48.1,45.0,51.6,Thiès,3.0,1.0,3.0,7.0,1,0
1594,F,21.0,High School,,426804.06514470046,45.6,34.3,45.5,Dakar,2.0,1.0,4.0,7.0,0,0
1595,F,23.0,High School,19.74162482555387,,61.5,44.0,48.6,Thies,1.0,0.0,1.0,2.0,1,1
1596,F,24.0,High School,3.888304939957045,224161.1103173425,69.6,63.7,52.0,Thies,3.0,2.0,1.0,6.0,0,1
1597,F,19.0,Bachelor,1.157586582253943,424440.63892429904,56.1,50.7,43.6,Thiès,2.0,2.0,6.0,10.0,1,1
1598,F,17.0,High School,6.4276391971941536,266942.12217851734,75.2,74.2,59.8,Dakar,3.0,3.0,5.0,11.0,1,1
1599,F,19.0,High School,,212457.9277252773,69.2,68.3,71.9,Thies,1.0,2.0,4.0,7.0,0,1
1600,F,21.0,High School,2.0301509199760286,90210.88946524476,79.0,79.0,69.6,Thies,1.0,0.0,3.0,4.0,0,1
1601,F,18.0,High School,3.994741383208132,270032.3372032065,69.0,67.9,63.1,Thiès,3.0,2.0,1.0,6.0,1,1
1602,F,18.0,High School,4.31124437827349,243765.16872489185,76.0,62.3,74.2,Thies,3.0,1.0,2.0,6.0,1,1
1603,M,21.0,High School,4.18152759219976,248076.7751632987,61.1,53.2,42.9,Saint louis,1.0,4.0,4.0,9.0,1,1
1604,M,,Master,10.072875801781644,427850.96683170967,64.4,44.1,53.6,Saint-louis,2.0,2.0,5.0,9.0,0,1
1605,F,20.0,Master,5.975243755658656,207023.7386237365,49.4,56.3,42.5,Saint-louis,1.0,1.0,4.0,6.0,1,0
1606,F,18.0,Bachelor,7.281941700510079,236087.18919918043,77.0,65.3,70.8,Saint-louis,3.0,1.0,4.0,8.0,1,1
1607,M,19.0,Master,,527460.8815189626,81.3,82.3,83.7,Saint-louis,3.0,2.0,3.0,8.0,1,1
1608,M,18.0,Bachelor,4.934709900874295,281960.5951483548,59.0,55.8,56.6,Dakar,3.0,2.0,4.0,9.0,0,1
1609,M,22.0,High School,6.941816405181111,,38.6,27.2,31.4,Dakar,1.0,2.0,2.0,5.0,0,0
1610,F,23.0,Master,9.463039944371662,,55.0,61.5,44.5,Dakar,1.0,3.0,3.0,7.0,0,1
1611,F,15.0,Master,0.2337287975191149,201398.30084339733,57.0,47.4,52.1,Saint-louis,2.0,1.0,3.0,6.0,0,1
1612,M,18.0,Master,1.5396220358023296,494823.5053070168,52.8,42.2,52.7,Thiès,1.0,3.0,5.0,9.0,1,1
1613,F,16.0,Master,9.384469315190891,236675.8305695273,48.7,42.8,38.9,Thies,2.0,2.0,1.0,5.0,1,0
1614,M,18.0,High School,9.968057122267597,146273.320116634,77.8,57.6,69.2,Dakar,1.0,3.0,3.0,7.0,1,1
1615,M,20.0,Master,16.256880539409643,245911.1667236698,84.3,67.2,58.1,Dakar,4.0,1.0,3.0,8.0,1,1
1616,F,16.0,Master,8.63237950346724,59795.279792936,37.7,40.1,37.4,Saint-louis,4.0,3.0,0.0,7.0,1,0
1617,F,18.0,Bachelor,11.27895886903238,221845.5042020182,61.0,54.7,59.9,Saint louis,3.0,1.0,4.0,8.0,1,1
1618,M,17.0,Bachelor,7.218109425656104,183824.5682577208,67.6,55.1,52.5,Dakar,3.0,4.0,3.0,10.0,1,1
1619,M,21.0,Master,9.188908886340345,374091.4357112789,46.3,47.2,49.3,Saint louis,2.0,2.0,2.0,6.0,0,0
1620,F,20.0,Bachelor,14.669027366998137,219190.2912528153,74.1,53.3,56.6,Dakar,2.0,1.0,4.0,7.0,1,1
1621,F,18.0,Master,0.4959712725025422,406536.4722694618,61.6,66.9,65.6,Thiès,1.0,1.0,2.0,4.0,0,1
1622,M,20.0,High School,9.654465030286724,333893.934285469,58.6,51.1,45.0,Thies,2.0,2.0,4.0,8.0,1,1
1623,M,19.0,Bachelor,16.542346920309463,393741.04035451193,55.5,46.5,44.3,Dakar,2.0,2.0,3.0,7.0,1,1
1624,F,19.0,Bachelor,,274153.40533679083,64.3,49.7,64.1,Dakar,1.0,0.0,2.0,3.0,0,1
1625,M,24.0,Master,14.60229185293139,316933.73960467114,73.6,47.3,55.1,Thies,4.0,1.0,2.0,7.0,0,1
1626,F,23.0,Master,5.48315140188223,117001.80718271286,40.0,51.0,39.8,Dakar,2.0,0.0,2.0,4.0,1,0
1627,M,17.0,High School,7.871810023345146,171184.42779821192,63.1,64.5,63.2,Thies,1.0,1.0,4.0,6.0,1,1
1628,M,22.0,Master,8.13409880955435,196747.38383198003,50.6,52.9,41.8,Thiès,2.0,2.0,5.0,9.0,1,1
1629,F,22.0,Bachelor,0.870364317435083,383319.1657379159,48.8,41.1,33.7,Dakar,1.0,2.0,4.0,7.0,0,0
1630,M,17.0,Bachelor,3.3272886885991992,608730.2867093368,56.0,43.2,70.3,Thies,1.0,2.0,3.0,6.0,0,1
1631,F,22.0,Master,3.612499682464056,,64.8,58.5,61.0,Saint-louis,4.0,3.0,4.0,11.0,1,1
1632,F,,Master,11.28826431213011,61063.18212544001,56.3,51.0,46.7,Thiès,2.0,1.0,3.0,6.0,1,1
1633,F,17.0,Master,11.48861242273622,256652.37685027524,70.0,69.0,52.8,Thies,3.0,3.0,2.0,8.0,1,1
1634,F,18.0,Bachelor,9.296145770826133,314698.91104493453,67.5,64.8,72.4,Saint louis,2.0,2.0,2.0,6.0,0,1
1635,F,23.0,High School,11.296411587422824,,70.7,57.5,70.5,Thies,2.0,2.0,3.0,7.0,1,1
1636,F,21.0,Master,7.343402349112904,212302.4249269496,63.4,61.7,61.1,Thiès,2.0,2.0,2.0,6.0,1,1
1637,M,21.0,High School,12.807726678158172,209451.4429968027,48.3,38.3,36.8,Saint louis,2.0,1.0,3.0,6.0,0,0
1638,F,21.0,High School,8.035153770528288,150899.89956967352,69.6,79.2,74.0,Dakar,3.0,0.0,5.0,8.0,1,1
1639,M,21.0,Bachelor,8.231456189707027,186610.953277792,64.6,66.0,65.4,Thiès,3.0,1.0,3.0,7.0,1,1
1640,M,17.0,Master,6.937629466950354,377495.7169924454,55.8,41.7,53.2,Thiès,2.0,0.0,5.0,7.0,1,1
1641,F,23.0,High School,10.737801910545713,112365.93839778854,74.8,63.8,53.0,Saint-louis,3.0,2.0,3.0,8.0,1,1
1642,M,23.0,Master,6.315204733548347,,83.3,57.0,58.6,Thiès,4.0,3.0,3.0,10.0,1,1
1643,F,,Bachelor,11.905725508792273,135664.34704127302,73.7,57.3,58.4,Thiès,2.0,4.0,1.0,7.0,1,1
1644,M,,Master,3.471403437135973,,81.7,78.3,83.1,Dakar,4.0,1.0,4.0,9.0,1,1
1645,M,16.0,Master,3.604334981087225,207087.60931151343,29.6,38.3,41.9,Thies,2.0,2.0,2.0,6.0,1,0
1646,F,21.0,High School,10.749707020506015,170245.9355468214,53.6,32.7,44.2,Thiès,1.0,4.0,2.0,7.0,1,1
1647,F,21.0,Master,7.645823141667949,339673.5913308487,31.3,32.6,42.9,Thiès,2.0,2.0,2.0,6.0,1,0
1648,F,20.0,Master,,232158.00569986863,56.9,68.5,55.0,Thies,2.0,1.0,3.0,6.0,0,1
1649,M,23.0,High School,11.560230929901838,317208.71532855654,80.2,67.2,75.3,Dakar,4.0,2.0,2.0,8.0,1,1
1650,M,19.0,Master,5.570954343655663,369042.8069424151,70.3,59.7,58.6,Dakar,2.0,1.0,5.0,8.0,1,1
1651,F,21.0,Master,,415273.5879004182,51.9,54.0,54.2,Saint louis,2.0,1.0,5.0,8.0,0,1
1652,M,17.0,High School,13.596911800284635,394979.6923167549,67.2,66.9,67.2,Thies,3.0,0.0,2.0,5.0,1,1
1653,M,20.0,Master,14.1565693832426,279382.7443436791,68.8,60.4,63.5,Thies,2.0,4.0,0.0,6.0,1,1
1654,F,20.0,High School,14.289592841081308,219704.1997957652,82.0,79.4,66.5,Saint-louis,2.0,3.0,3.0,8.0,0,1
1655,M,21.0,High School,6.871496892264355,382189.8521932622,86.3,61.9,75.6,Saint-louis,1.0,4.0,3.0,8.0,1,1
1656,F,19.0,High School,12.922811619937882,413986.68818991503,46.7,50.7,46.9,Saint louis,3.0,3.0,4.0,10.0,0,0
1657,M,20.0,Bachelor,4.204188688925287,189381.1612415744,60.5,57.8,42.8,Dakar,1.0,2.0,3.0,6.0,1,1
1658,F,22.0,Bachelor,4.372388501111756,311998.5796518662,66.6,58.0,58.3,Saint louis,2.0,0.0,5.0,7.0,1,1
1659,M,19.0,Master,1.4018234104974443,259782.8233466169,76.1,79.6,69.7,Dakar,2.0,1.0,4.0,7.0,0,1
1660,F,16.0,Master,14.69147280759412,283759.8919292268,54.0,48.6,57.9,Saint-louis,3.0,2.0,1.0,6.0,0,1
1661,F,24.0,Bachelor,4.5440806036956864,152460.58107502945,72.2,66.2,80.8,Dakar,3.0,1.0,2.0,6.0,1,1
1662,F,23.0,High School,7.49386968101176,177496.4237835826,48.6,43.9,37.4,Thies,2.0,0.0,2.0,4.0,1,0
1663,F,17.0,Master,4.358702632286864,517386.6927832696,76.0,79.5,69.0,Thies,3.0,1.0,3.0,7.0,1,1
1664,F,22.0,Bachelor,10.780660993320565,369489.1561050604,80.4,69.9,66.4,Saint-louis,3.0,2.0,3.0,8.0,0,1
1665,F,19.0,High School,6.49746535713064,910.6634324218824,69.7,65.5,61.3,Thiès,2.0,4.0,4.0,10.0,0,1
1666,M,21.0,High School,2.7807324382682026,446006.8190997536,71.2,69.3,74.2,Dakar,2.0,1.0,4.0,7.0,0,1
1667,F,21.0,Bachelor,9.766650256744242,430755.5427490993,67.9,57.2,74.4,Saint louis,3.0,3.0,2.0,8.0,1,1
1668,M,19.0,Master,2.265079900759086,256885.76348323,50.2,37.9,47.1,Dakar,4.0,1.0,4.0,9.0,0,1
1669,F,18.0,Bachelor,4.650377098738035,386071.6252539858,85.9,96.2,81.0,Saint-louis,1.0,2.0,1.0,4.0,1,1
1670,F,18.0,High School,0.4275564585043234,196872.09470193592,53.3,51.9,65.1,Thies,0.0,2.0,4.0,6.0,0,1
1671,M,18.0,Bachelor,2.3041675512095727,243569.3140480371,71.8,64.7,69.8,Thies,3.0,4.0,4.0,11.0,1,1
1672,F,18.0,Bachelor,8.714116678881911,479825.5632803824,83.0,71.4,-10.0,Dakar,3.0,1.0,3.0,7.0,0,1
1673,F,20.0,High School,0.1418558475883014,194474.87460382291,73.0,63.0,71.7,Thiès,2.0,1.0,4.0,7.0,1,1
1674,M,18.0,Master,2.0754171015131373,75632.20056540106,68.9,59.0,71.4,Dakar,5.0,2.0,4.0,11.0,1,1
1675,M,22.0,Master,7.990524335468768,292403.6132662396,57.9,68.4,66.1,Dakar,1.0,3.0,4.0,8.0,0,1
1676,F,24.0,Master,5.825572415627789,290569.3928502772,80.3,73.5,77.5,Saint louis,1.0,1.0,4.0,6.0,1,1
1677,F,19.0,Master,15.968146543837236,,66.7,214.2,68.1,Dakar,1.0,2.0,5.0,8.0,1,1
1678,F,21.0,High School,15.3355861840975,263917.04246127524,68.8,59.3,56.8,Thiès,2.0,2.0,1.0,5.0,1,1
1679,M,21.0,Bachelor,4.528310148995386,249410.12262716488,35.2,43.0,52.9,Thies,2.0,4.0,3.0,9.0,1,0
1680,M,21.0,High School,10.228550473613929,425406.7374277447,80.5,55.4,59.1,Dakar,1.0,2.0,3.0,6.0,0,1
1681,F,20.0,Bachelor,10.997130227517806,314494.8279001332,83.2,68.9,75.0,Saint-louis,3.0,2.0,150.0,155.0,1,1
1682,M,22.0,Bachelor,,209997.27821211395,45.2,47.9,43.2,Dakar,2.0,1.0,4.0,7.0,1,0
1683,F,21.0,High School,2.0178338540071845,328678.4696956207,66.0,53.5,47.1,Saint louis,1.0,3.0,3.0,7.0,1,1
1684,M,17.0,Master,7.95080620276777,323239.4117420159,74.1,67.1,67.3,Saint louis,3.0,2.0,3.0,8.0,0,1
1685,F,22.0,Master,7.308617300743556,300351.11600153253,84.6,77.2,89.7,Dakar,2.0,1.0,4.0,7.0,1,1
1686,M,22.0,Master,6.256942012117523,321349.0069693985,53.1,45.1,45.8,Saint louis,2.0,1.0,1.0,4.0,1,1
1687,F,18.0,Master,9.76926747265794,,75.4,71.0,60.6,Saint louis,3.0,2.0,5.0,10.0,0,1
1688,M,20.0,Master,4.9970815719776045,236681.54685859955,53.5,59.1,57.0,Saint louis,3.0,3.0,3.0,9.0,0,1
1689,M,22.0,High School,3.392009809683428,216204.68208788143,59.4,56.9,47.0,Dakar,3.0,1.0,5.0,9.0,1,1
1690,F,19.0,High School,8.436331881399328,228260.57207127524,55.4,62.9,55.3,Saint-louis,2.0,2.0,2.0,6.0,1,1
1691,M,23.0,Bachelor,9.543880370275504,452691.40593799145,51.0,58.2,50.8,Thies,1.0,1.0,2.0,4.0,1,1
1692,M,26.0,Master,3.293420224399788,326088.70232724043,71.2,55.6,55.4,Saint-louis,2.0,2.0,3.0,7.0,1,1
1693,F,18.0,Bachelor,,402588.4707163683,57.5,49.7,60.3,Dakar,2.0,2.0,3.0,7.0,0,1
1694,F,17.0,Bachelor,0.9180754488956876,301127.44254910195,77.8,66.6,69.8,Dakar,4.0,1.0,2.0,7.0,1,1
1695,F,21.0,Master,5.687546165137427,426754.61804953474,52.4,41.2,44.7,Dakar,1.0,3.0,2.0,6.0,0,1
1696,F,22.0,Bachelor,6.967965855209564,347703.3307887785,68.0,71.1,62.1,Dakar,2.0,0.0,4.0,6.0,0,1
1697,M,19.0,Master,5.455105149392281,301610.4582466152,60.6,68.7,75.9,Saint louis,1.0,3.0,5.0,9.0,1,1
1698,F,24.0,High School,5.739758105795231,298406.02932491765,52.8,38.5,39.2,Saint-louis,2.0,2.0,5.0,9.0,1,1
1699,M,17.0,High School,15.484297929232456,115351.89672928468,90.1,86.4,83.5,Dakar,2.0,3.0,3.0,8.0,1,1
1700,F,22.0,Master,4.596463643844405,360829.8864163573,63.4,74.3,61.3,Thies,2.0,0.0,1.0,3.0,1,1
1701,F,18.0,Bachelor,17.764886889887656,295175.4318556345,79.8,56.5,73.3,Saint-louis,3.0,2.0,150.0,155.0,1,1
1702,M,24.0,Bachelor,9.748507118924207,239760.96477825544,88.2,63.9,74.2,Thies,1.0,4.0,5.0,10.0,1,1
1703,F,25.0,Bachelor,8.368220549247967,432775.4124974486,80.7,79.3,71.8,Saint-louis,3.0,2.0,4.0,9.0,1,1
1704,F,18.0,High School,9.904961413550664,94010.27750246412,71.9,64.6,53.5,Saint-louis,1.0,2.0,4.0,7.0,0,1
1705,F,19.0,High School,18.119710997007807,198341.5059316888,84.4,72.2,71.9,Dakar,3.0,1.0,2.0,6.0,0,1
1706,F,,High School,4.025627984274208,,37.3,38.4,46.7,Saint louis,0.0,0.0,4.0,4.0,0,0
1707,F,19.0,High School,3.518328324254443,282833.21347082884,76.5,64.0,58.5,Thiès,2.0,2.0,6.0,10.0,1,1
1708,M,20.0,Master,,294256.9286816691,78.8,84.5,75.8,Saint-louis,3.0,1.0,3.0,7.0,1,1
1709,F,,Master,8.128572587858244,330120.4251780176,62.2,52.9,69.3,Dakar,2.0,1.0,0.0,3.0,1,1
1710,M,15.0,Master,1.096915500749707,321529.70052586094,77.3,80.1,65.0,Dakar,2.0,2.0,2.0,6.0,1,1
1711,F,20.0,Master,8.089356957274433,118000.49444568944,87.8,76.5,77.9,Saint-louis,2.0,3.0,3.0,8.0,1,1
1712,M,18.0,Master,14.774188533654687,258088.57375824463,74.5,68.4,76.6,Saint-louis,2.0,3.0,3.0,8.0,1,1
1713,F,19.0,High School,8.60562956249911,432176.1138846573,75.8,78.5,80.8,Dakar,2.0,2.0,5.0,9.0,0,1
1714,F,24.0,Master,6.829258164098892,220881.10382673988,50.0,42.3,26.6,Thiès,4.0,3.0,2.0,9.0,1,0
1715,M,17.0,Bachelor,5.52735820526549,261803.8783074799,55.9,53.5,53.4,Saint-louis,1.0,3.0,3.0,7.0,1,1
1716,F,22.0,Master,11.59404681820626,235005.5084028975,92.9,81.8,76.0,Thies,2.0,2.0,2.0,6.0,1,1
1717,F,19.0,Bachelor,4.69666890704781,289558.1732018235,81.0,68.6,70.6,Saint-louis,2.0,4.0,4.0,10.0,1,1
1718,F,19.0,Master,15.385583682396993,230025.2602410842,73.5,58.8,72.9,Thies,2.0,1.0,2.0,5.0,0,1
1719,M,22.0,High School,15.73343899085743,358408.9802589672,76.6,51.6,54.7,Dakar,2.0,0.0,3.0,5.0,1,1
1720,M,21.0,Master,,323677.609474832,58.3,55.8,60.3,Thies,2.0,4.0,1.0,7.0,1,1
1721,M,21.0,Master,7.95393964769342,392825.71381284215,90.2,67.9,78.9,Dakar,1.0,1.0,2.0,4.0,1,1
1722,F,22.0,Master,12.122639232966238,173887.06005732474,80.6,66.4,56.7,Dakar,3.0,1.0,5.0,9.0,0,1
1723,F,19.0,High School,12.379194008909302,185690.1332783017,79.9,55.2,70.5,Dakar,2.0,2.0,5.0,9.0,1,1
1724,M,18.0,Bachelor,4.776033075762339,272913.2842065438,63.0,81.1,76.0,Dakar,2.0,3.0,4.0,9.0,1,1
1725,M,17.0,High School,5.893779467453192,276266.5658063264,55.1,48.3,54.6,Saint louis,2.0,2.0,4.0,8.0,1,1
1726,M,18.0,High School,2.710610261266818,153652.89587532787,66.0,51.0,52.9,Thiès,1.0,0.0,2.0,3.0,0,1
1727,F,27.0,Master,9.636259753336228,409878.4565110013,85.0,67.7,81.6,Thiès,3.0,2.0,3.0,8.0,0,1
1728,M,23.0,High School,10.666511533827563,395692.416209293,82.0,69.5,71.5,Dakar,1.0,2.0,3.0,6.0,1,1
1729,M,17.0,High School,2.600297448554908,181335.31828372995,49.1,50.0,55.3,Dakar,2.0,2.0,3.0,7.0,0,0
1730,M,17.0,Bachelor,6.179204380735364,241095.2526127721,59.4,56.7,52.3,Thiès,2.0,1.0,4.0,7.0,1,1
1731,M,21.0,Master,2.610984329674604,236168.2190049489,49.2,42.7,50.7,Thies,2.0,1.0,2.0,5.0,1,0
1732,F,21.0,Master,4.404800759024649,615886.3445612998,86.1,214.2,60.1,Saint-louis,1.0,3.0,7.0,11.0,1,1
1733,F,21.0,Master,10.204068240905196,248411.9873750536,63.6,51.2,66.2,Dakar,2.0,1.0,5.0,8.0,0,1
1734,F,19.0,High School,5.066071733286883,425779.5689663196,51.8,57.7,66.3,Dakar,1.0,2.0,2.0,5.0,0,1
1735,M,20.0,Master,,148004.16058720683,82.0,73.3,75.4,Thies,2.0,2.0,3.0,7.0,1,1
1736,F,21.0,Master,1.490753088210738,181241.8840602764,42.2,50.0,47.3,Saint-louis,3.0,1.0,2.0,6.0,1,0
1737,F,20.0,Master,8.747960838898656,217607.4561782159,69.8,65.2,59.1,Saint-louis,2.0,1.0,4.0,7.0,1,1
1738,F,14.0,Bachelor,7.822906720621405,198517.2826264173,58.1,60.5,55.4,Thies,3.0,2.0,3.0,8.0,1,1
1739,F,19.0,High School,5.084162999867351,267852.15190098016,61.9,56.5,49.0,Dakar,2.0,0.0,0.0,2.0,1,1
1740,F,18.0,Bachelor,7.243942809270103,214946.61567342025,59.3,55.6,59.5,Thies,3.0,4.0,2.0,9.0,1,1
1741,F,20.0,High School,8.721179522013777,176170.91253005163,53.6,56.8,47.0,Saint-louis,3.0,1.0,5.0,9.0,1,1
1742,M,27.0,Master,4.740527404362624,439016.63957679935,70.5,58.2,61.1,Dakar,3.0,2.0,3.0,8.0,1,1
1743,M,21.0,High School,2.0949498239928825,302209.1006795011,41.0,54.2,49.2,Dakar,1.0,3.0,3.0,7.0,1,0
1744,F,19.0,Master,15.22229773074726,413915.5798050379,69.2,55.4,61.7,Dakar,1.0,2.0,4.0,7.0,0,1
1745,M,22.0,Bachelor,5.466909181158909,362879.8746701194,63.8,56.6,55.0,Dakar,2.0,1.0,4.0,7.0,1,1
1746,M,21.0,High School,7.612959587252442,311129.1678935463,56.6,58.0,43.3,Thiès,3.0,0.0,3.0,6.0,1,1
1747,F,21.0,Bachelor,12.043358940081257,240356.3171200909,69.5,57.7,61.0,Saint louis,2.0,2.0,0.0,4.0,1,1
1748,M,22.0,Master,22.116220750281936,185621.09942938897,72.2,43.2,59.0,Dakar,2.0,1.0,2.0,5.0,1,1
1749,F,25.0,High School,3.022054200444537,285758.3245380518,75.8,73.4,72.6,Dakar,3.0,4.0,0.0,7.0,0,1
1750,F,17.0,Master,9.79930885490604,159164.35289438424,69.6,39.9,53.1,Thies,2.0,2.0,1.0,5.0,1,1
1751,F,21.0,High School,5.169790858823575,122831.34514856944,77.6,71.3,78.3,Thiès,2.0,1.0,3.0,6.0,1,1
1752,F,18.0,Master,5.844838781693157,438349.5907445772,48.0,42.1,48.3,Thies,3.0,3.0,3.0,9.0,1,0
1753,M,21.0,Master,5.11915191597284,528077.8850066505,51.0,72.4,51.7,Saint louis,4.0,1.0,5.0,10.0,1,1
1754,F,18.0,Master,,347195.41657997767,35.8,47.5,38.8,Thies,2.0,2.0,3.0,7.0,1,0
1755,F,19.0,Master,7.834834552861354,432774.8582753573,58.0,54.6,54.1,Dakar,1.0,4.0,2.0,7.0,0,1
1756,F,19.0,Master,2.101989251807057,270498.201906722,59.5,66.5,66.4,Dakar,1.0,2.0,5.0,8.0,1,1
1757,M,22.0,Bachelor,11.787230266047482,139479.0976694779,71.9,65.9,64.4,Thies,2.0,2.0,5.0,9.0,1,1
1758,M,22.0,Bachelor,8.2200117441335,373460.5942342301,63.1,60.2,61.0,Thiès,3.0,3.0,4.0,10.0,1,1
1759,F,17.0,High School,,244053.71552535225,72.6,63.1,65.3,Dakar,2.0,4.0,3.0,9.0,0,1
1760,F,20.0,Bachelor,6.135245552215109,308600.2264656293,78.1,214.2,71.2,Saint-louis,2.0,2.0,3.0,7.0,0,1
1761,F,18.0,High School,6.531184263153007,270914.94502738665,49.0,42.6,50.7,Thiès,2.0,4.0,1.0,7.0,0,0
1762,F,17.0,Master,9.150255620669313,415465.26942973176,72.5,63.1,65.8,Thies,1.0,0.0,2.0,3.0,1,1
1763,F,,Bachelor,3.343797470376698,181712.03598870308,40.1,52.7,48.2,Dakar,2.0,1.0,2.0,5.0,1,0
1764,F,,Bachelor,6.568038262346657,207146.33053312107,62.3,63.1,65.0,Dakar,0.0,1.0,1.0,2.0,1,1
1765,F,26.0,Bachelor,4.561545944486184,179027.21918874863,95.9,82.7,68.3,Thies,2.0,3.0,3.0,8.0,1,1
1766,F,21.0,Master,4.437724757635943,310196.7555162993,49.9,51.5,53.6,Saint-louis,2.0,2.0,3.0,7.0,1,0
1767,M,17.0,High School,0.439352962502566,149674.2774573543,64.9,73.7,67.2,Thies,1.0,1.0,5.0,7.0,0,1
1768,M,19.0,Master,13.35730635792,217890.9383381708,83.8,75.7,74.1,Saint louis,1.0,1.0,1.0,3.0,0,1
1769,F,23.0,High School,5.253844987384925,130432.52584317904,52.6,49.2,50.8,Saint louis,1.0,0.0,3.0,4.0,0,1
1770,F,,Master,12.6535042206542,268727.000119925,75.5,69.3,60.6,Thies,0.0,3.0,1.0,4.0,0,1
1771,F,16.0,High School,12.275169285577167,121515.06643152278,67.9,41.5,54.2,Dakar,0.0,2.0,0.0,2.0,0,1
1772,F,,Master,2.8560011739340254,,59.8,68.9,53.9,Dakar,3.0,3.0,2.0,8.0,0,1
1773,M,25.0,Bachelor,3.646355057308617,449676.4380797613,60.0,54.4,63.6,Dakar,2.0,0.0,3.0,5.0,1,1
1774,F,21.0,Master,18.242011837422737,316258.9646780114,71.1,52.2,44.0,Saint louis,2.0,3.0,5.0,10.0,1,1
1775,F,18.0,High School,15.003703767708574,431427.1705441199,81.8,78.1,68.1,Dakar,4.0,2.0,3.0,9.0,1,1
1776,F,21.0,Master,7.873925946687583,460079.782305231,59.8,63.1,57.1,Dakar,3.0,1.0,2.0,6.0,1,1
1777,M,13.0,High School,9.029492425669398,393328.20566974254,66.6,45.9,61.8,Dakar,3.0,1.0,2.0,6.0,0,1
1778,F,20.0,Master,5.476614388211245,308962.3011164263,68.4,61.3,65.1,Thiès,2.0,2.0,2.0,6.0,1,1
1779,F,21.0,Master,9.72941085680136,302700.0465894528,47.5,34.8,24.7,Thiès,4.0,2.0,2.0,8.0,1,0
1780,F,22.0,Master,5.131272397110115,391655.9726835912,54.3,50.0,49.5,Saint louis,3.0,1.0,2.0,6.0,1,1
1781,M,17.0,High School,0.1294150571935386,252999.5268595161,76.2,86.4,79.3,Dakar,3.0,3.0,4.0,10.0,1,1
1782,F,20.0,Bachelor,,74097.50982390434,57.4,58.1,71.6,Saint louis,2.0,3.0,0.0,5.0,1,1
1783,F,18.0,High School,8.084370991402348,231501.61112830296,66.5,53.4,52.2,Thiès,1.0,2.0,2.0,5.0,1,1
1784,M,21.0,Bachelor,3.475731057989649,164271.76440780345,63.1,57.3,55.0,Saint louis,4.0,3.0,3.0,10.0,0,1
1785,F,18.0,High School,7.730890140345862,156092.3130837547,70.1,63.1,70.8,Saint-louis,3.0,2.0,4.0,9.0,1,1
1786,F,19.0,High School,3.701355842268548,,81.5,78.7,75.7,Saint-louis,2.0,5.0,3.0,10.0,1,1
1787,F,18.0,Master,4.870584309992026,288585.0146935836,57.7,51.3,57.4,Thies,2.0,2.0,4.0,8.0,1,1
1788,F,22.0,Master,11.412661225652768,130550.92724212437,65.2,53.5,59.0,Saint-louis,1.0,3.0,2.0,6.0,0,1
1789,F,22.0,Master,8.989922190560419,319858.98769597686,68.1,58.7,59.2,Thies,3.0,3.0,1.0,7.0,1,1
1790,M,19.0,High School,7.961342314746611,283991.9553445495,75.8,72.8,75.5,Dakar,2.0,1.0,2.0,5.0,1,1
1791,F,20.0,Master,11.515855892282604,164599.01156810607,68.8,61.6,70.5,Dakar,2.0,3.0,3.0,8.0,0,1
1792,M,16.0,Bachelor,9.92243437338939,452697.9997018511,92.4,86.9,84.2,Thies,3.0,3.0,5.0,11.0,0,1
1793,F,19.0,High School,13.78625316500547,112779.50098440672,75.5,62.4,50.7,Dakar,3.0,3.0,1.0,7.0,0,1
1794,F,20.0,Master,6.16056295073944,554078.8973245143,86.2,99.6,83.0,Thies,1.0,3.0,6.0,10.0,0,1
1795,F,27.0,Master,6.281460085889965,250648.748341982,55.1,57.9,41.6,Dakar,2.0,1.0,3.0,6.0,1,1
1796,M,17.0,High School,2.795562934434619,223886.08914952556,39.8,40.8,36.6,Thies,2.0,5.0,2.0,9.0,1,0
1797,F,24.0,Master,6.284077130510321,72955.9713017196,67.5,67.3,53.9,Dakar,2.0,1.0,2.0,5.0,1,1
1798,M,22.0,Master,11.859079577209783,292543.672023683,85.3,66.3,66.2,Thies,0.0,1.0,3.0,4.0,1,1
1799,F,21.0,High School,,,50.1,50.3,-10.0,Dakar,1.0,0.0,3.0,4.0,1,1
1800,M,24.0,Bachelor,11.841220672346672,289660.54750806064,71.7,57.5,52.9,Dakar,3.0,4.0,150.0,157.0,1,1
1801,F,21.0,Master,0.8232325338022548,232430.2707537152,74.6,77.0,76.5,Saint-louis,3.0,2.0,4.0,9.0,0,1
1802,F,21.0,Master,12.332580850642938,186412.2577766622,75.2,72.7,71.5,Dakar,4.0,1.0,2.0,7.0,1,1
1803,F,20.0,High School,,289727.9236806866,50.5,46.4,49.2,Thies,0.0,1.0,3.0,4.0,1,1
1804,F,23.0,High School,11.59246929648939,303696.856199754,57.2,45.7,55.6,Dakar,3.0,0.0,3.0,6.0,1,1
1805,F,23.0,Master,6.52886189371578,,82.9,70.9,67.1,Saint louis,2.0,3.0,5.0,10.0,0,1
1806,F,18.0,High School,10.810133255735424,183692.07305142912,53.7,38.7,39.4,Saint-louis,1.0,3.0,0.0,4.0,1,1
1807,F,17.0,Bachelor,2.6702066084217364,247824.636795334,77.4,79.2,68.7,Thies,0.0,2.0,6.0,8.0,1,1
1808,F,19.0,Bachelor,12.684670530824588,,87.0,66.4,76.7,Thies,3.0,1.0,2.0,6.0,1,1
1809,F,18.0,Bachelor,2.140101015580444,105243.00455957232,29.1,30.5,32.0,Thiès,1.0,4.0,1.0,6.0,0,0
1810,M,,Master,5.326180356587289,154384.39678164924,68.3,48.8,63.8,Thiès,1.0,3.0,3.0,7.0,1,1
1811,M,23.0,High School,4.007621488923859,304100.5839645908,42.2,42.4,32.8,Thiès,2.0,0.0,3.0,5.0,1,0
1812,M,19.0,Bachelor,0.982860588710004,159367.92849321663,45.2,47.8,50.6,Thiès,2.0,2.0,2.0,6.0,0,0
1813,F,20.0,Bachelor,8.378110270353874,81713.87816369429,59.5,38.0,58.6,Saint louis,3.0,1.0,4.0,8.0,1,1
1814,F,20.0,Master,15.224356471347846,524223.2625687709,61.6,47.9,35.0,Thiès,2.0,4.0,2.0,8.0,1,1
1815,F,22.0,High School,18.66762088928004,105824.20618623316,105.8,83.8,86.6,Thies,5.0,1.0,150.0,156.0,1,1
1816,F,14.0,High School,8.38862314834499,322094.32779938035,70.0,75.8,71.1,Dakar,3.0,0.0,2.0,5.0,1,1
1817,M,,High School,12.46672510027009,186421.30841805672,95.5,75.7,-10.0,Dakar,3.0,2.0,5.0,10.0,1,1
1818,F,21.0,Bachelor,8.928378551714149,,71.2,52.7,66.6,Thies,1.0,4.0,4.0,9.0,0,1
1819,M,23.0,Master,,267921.9572198629,59.0,72.5,53.1,Thies,4.0,3.0,1.0,8.0,1,1
1820,F,19.0,Master,6.631405395491044,353809.58993749315,80.3,90.0,76.3,Dakar,1.0,1.0,2.0,4.0,1,1
1821,F,15.0,Master,8.780307701690408,342517.1257822633,77.8,63.9,60.1,Dakar,1.0,2.0,1.0,4.0,1,1
1822,F,22.0,Master,10.149914818425714,408422.4820564202,77.9,70.0,73.5,Thies,2.0,3.0,7.0,12.0,1,1
1823,F,18.0,Master,5.686161084494675,253501.0422113479,57.2,45.9,42.9,Saint-louis,2.0,4.0,3.0,9.0,1,1
1824,F,17.0,Master,7.690022800428048,385500.5330510593,58.0,37.1,38.0,Dakar,2.0,0.0,0.0,2.0,0,1
1825,F,18.0,High School,7.766279524010047,134564.5293899857,75.4,72.4,65.7,Dakar,1.0,2.0,1.0,4.0,1,1
1826,F,20.0,Bachelor,11.305613269322098,,77.8,58.9,63.6,Thies,1.0,2.0,1.0,4.0,1,1
1827,M,18.0,High School,3.7358713134892776,90877.06888607568,48.4,56.9,54.3,Dakar,2.0,1.0,3.0,6.0,1,0
1828,F,14.0,Master,7.793831165569394,124546.74537655024,67.6,69.2,69.2,Dakar,3.0,4.0,1.0,8.0,0,1
1829,M,22.0,Master,,421150.31614694325,47.1,47.4,45.1,Thiès,3.0,0.0,1.0,4.0,1,0
1830,M,23.0,Bachelor,12.656240610343753,118251.1789129732,81.7,59.9,51.5,Dakar,0.0,3.0,3.0,6.0,0,1
1831,M,22.0,High School,13.39671619555482,332884.6608779164,52.7,47.7,35.6,Dakar,1.0,1.0,3.0,5.0,0,1
1832,F,17.0,High School,8.097727360712137,268089.09671130806,84.2,69.4,65.3,Thies,3.0,1.0,2.0,6.0,1,1
1833,F,19.0,High School,9.283990254744094,208770.40664252627,68.2,65.6,55.4,Thies,2.0,2.0,2.0,6.0,0,1
1834,F,20.0,Master,12.0089446668117,463632.875423964,59.2,52.7,47.7,Dakar,2.0,0.0,1.0,3.0,1,1
1835,F,21.0,Master,14.241022118123723,247388.7159341672,61.6,56.7,45.2,Thies,5.0,5.0,4.0,14.0,1,1
1836,M,22.0,High School,0.1935883484684533,315306.86998654273,45.3,44.2,46.1,Dakar,0.0,1.0,0.0,1.0,1,0
1837,M,18.0,Master,2.738234771800617,304507.6021657334,73.7,66.2,76.6,Dakar,2.0,1.0,3.0,6.0,1,1
1838,F,20.0,High School,13.237776405610592,244129.9367065573,77.9,73.9,75.5,Thies,3.0,1.0,5.0,9.0,1,1
1839,F,21.0,Master,6.892442576924786,575996.2949263768,87.9,74.9,71.3,Thiès,1.0,3.0,2.0,6.0,0,1
1840,M,24.0,Bachelor,5.313116842967691,127038.99051415564,79.4,89.4,67.4,Dakar,2.0,3.0,1.0,6.0,1,1
1841,M,22.0,High School,2.9833560520175846,454695.8202524934,86.0,77.9,81.1,Thies,1.0,1.0,3.0,5.0,1,1
1842,M,22.0,High School,5.779933193823562,378768.7878587967,76.1,70.6,76.8,Dakar,3.0,2.0,3.0,8.0,0,1
1843,F,20.0,Master,,242457.00064418596,48.6,53.8,56.3,Thies,1.0,2.0,3.0,6.0,0,0
1844,F,24.0,High School,16.364377090929906,495518.22209299344,79.3,45.8,55.7,Thies,2.0,0.0,3.0,5.0,1,1
1845,M,21.0,High School,7.910255792077706,52681.29915770304,37.9,29.0,30.7,Thiès,3.0,2.0,4.0,9.0,0,0
1846,F,18.0,Master,7.76819783294913,237388.0011241114,76.5,64.2,68.1,Thiès,3.0,1.0,2.0,6.0,0,1
1847,F,24.0,Master,10.352306700671328,154982.13548771085,66.0,80.3,59.3,Dakar,3.0,0.0,2.0,5.0,1,1
1848,F,22.0,Master,11.84938067706628,349450.0157845752,87.3,81.0,75.4,Thies,4.0,2.0,2.0,8.0,0,1
1849,M,19.0,Master,11.783552626218558,166432.3078575387,59.0,54.5,38.2,Dakar,2.0,3.0,2.0,7.0,1,1
1850,M,19.0,Master,12.294487775630287,351967.6736089583,78.8,55.9,61.6,Saint-louis,4.0,2.0,3.0,9.0,1,1
1851,F,21.0,Master,5.476617796836575,277627.6301014135,53.9,47.5,49.5,Saint-louis,2.0,1.0,1.0,4.0,0,1
1852,M,21.0,Master,6.808532780172556,,63.2,65.2,63.9,Thiès,3.0,1.0,2.0,6.0,1,1
1853,M,20.0,High School,11.076126621769102,267712.05651100416,47.4,58.0,40.8,Dakar,2.0,1.0,3.0,6.0,1,0
1854,M,,Bachelor,5.89044375344152,267765.4051274323,82.6,71.5,82.6,Thies,3.0,4.0,5.0,12.0,1,1
1855,F,24.0,High School,7.9795734718911,140658.2601257324,80.0,59.9,72.2,Saint louis,2.0,2.0,2.0,6.0,1,1
1856,M,23.0,High School,,436821.78663566784,55.0,48.9,49.1,Thies,3.0,0.0,3.0,6.0,1,1
1857,F,20.0,Master,11.140740329241504,241539.93803650263,81.9,57.7,60.3,Dakar,3.0,2.0,3.0,8.0,1,1
1858,M,22.0,Bachelor,0.8892761505191951,,63.9,55.1,63.5,Dakar,2.0,3.0,4.0,9.0,0,1
1859,F,17.0,High School,10.85898259955578,198948.1572334334,71.0,59.0,51.0,Dakar,2.0,2.0,3.0,7.0,1,1
1860,M,21.0,High School,7.065103768593098,106907.03981874912,66.8,63.9,57.6,Dakar,1.0,1.0,3.0,5.0,1,1
1861,M,25.0,Bachelor,10.829830843457524,,63.1,46.8,45.3,Saint-louis,3.0,1.0,7.0,11.0,1,1
1862,M,19.0,Master,11.107726769419315,338598.31915099034,78.1,81.7,66.4,Dakar,3.0,3.0,7.0,13.0,0,1
1863,F,18.0,Bachelor,14.43166024447663,,70.5,70.7,55.1,Saint-louis,1.0,2.0,3.0,6.0,0,1
1864,M,18.0,Master,13.413814590484812,255597.30409953068,97.8,76.8,85.2,Thiès,4.0,4.0,2.0,10.0,1,1
1865,F,17.0,High School,13.386286650441184,201775.05682663445,67.4,67.3,53.2,Thies,2.0,2.0,3.0,7.0,1,1
1866,M,18.0,High School,13.774681276664952,163630.6427943983,62.9,60.2,70.7,Dakar,2.0,0.0,4.0,6.0,1,1
1867,M,19.0,High School,9.165515939263784,290256.81790374365,81.0,59.7,69.9,Thiès,3.0,2.0,5.0,10.0,0,1
1868,F,16.0,High School,8.128740348147359,243263.75341394648,74.6,59.9,83.2,Thies,1.0,1.0,0.0,2.0,0,1
1869,F,20.0,Bachelor,11.491268332713338,340329.0495006416,77.5,57.8,51.3,Dakar,3.0,0.0,2.0,5.0,1,1
1870,M,22.0,Master,10.92832380573209,360013.539554504,74.3,62.4,68.0,Saint-louis,1.0,2.0,2.0,5.0,1,1
1871,F,18.0,High School,,359947.0689899043,65.4,63.2,59.6,Dakar,2.0,1.0,2.0,5.0,0,1
1872,F,24.0,Bachelor,,406133.0924858085,51.0,65.7,50.8,Thies,2.0,2.0,1.0,5.0,1,1
1873,F,21.0,Bachelor,7.859614132861623,334578.00498483056,55.8,43.9,58.5,Dakar,1.0,4.0,3.0,8.0,0,1
1874,M,23.0,High School,4.584268366159776,221563.610597576,67.0,58.5,58.0,Thiès,1.0,2.0,4.0,7.0,1,1
1875,M,18.0,High School,13.1618429655054,348838.34518011165,94.6,75.9,74.8,Saint-louis,2.0,3.0,1.0,6.0,1,1
1876,F,22.0,Master,8.220796970120357,220194.48983962653,45.2,47.7,35.9,Thiès,1.0,2.0,3.0,6.0,1,0
1877,F,17.0,High School,16.1948330307954,122744.23966349324,60.4,41.1,39.4,Thiès,2.0,2.0,4.0,8.0,1,1
1878,M,22.0,High School,1.498030919200669,103587.57710599,36.6,47.2,30.0,Dakar,3.0,2.0,5.0,10.0,1,0
1879,F,20.0,Bachelor,,321949.7476344307,65.5,70.5,77.0,Saint-louis,2.0,2.0,4.0,8.0,0,1
1880,M,21.0,Master,8.130555346763487,77552.1310537052,78.7,70.7,78.3,Thies,2.0,2.0,3.0,7.0,1,1
1881,M,17.0,Master,12.549524390515655,355458.49152716127,57.5,59.4,51.8,Thiès,3.0,4.0,3.0,10.0,1,1
1882,M,18.0,Master,9.59787749040874,286896.8286599337,96.4,79.7,78.4,Thies,2.0,3.0,4.0,9.0,1,1
1883,M,21.0,High School,9.241891016723006,436156.7639785268,63.8,48.1,57.0,Saint-louis,1.0,2.0,3.0,6.0,1,1
1884,F,18.0,High School,3.490944829783412,153856.44788766277,89.2,70.9,82.4,Thiès,0.0,3.0,4.0,7.0,1,1
1885,M,,Master,3.3722344110821147,275601.8057498992,75.1,72.1,72.0,Dakar,3.0,2.0,3.0,8.0,1,1
1886,M,17.0,Master,9.29001864115962,434664.3999952042,53.8,48.9,48.2,Dakar,0.0,3.0,5.0,8.0,1,1
1887,M,22.0,High School,2.5435760247265664,290471.44737892546,55.1,60.0,63.4,Thiès,0.0,1.0,2.0,3.0,1,1
1888,F,17.0,High School,5.872488998842686,143588.1144098506,60.2,49.0,45.3,Thiès,3.0,5.0,2.0,10.0,1,1
1889,F,21.0,Master,10.00366931634343,321813.74791045923,44.2,42.5,42.9,Dakar,2.0,2.0,2.0,6.0,1,0
1890,F,22.0,Master,4.070702910892896,335330.2773220858,63.0,59.3,60.7,Thies,3.0,1.0,2.0,6.0,1,1
1891,M,18.0,High School,14.421423849447226,344838.4086745378,51.6,57.5,47.5,Thies,1.0,3.0,4.0,8.0,0,1
1892,M,21.0,Bachelor,12.89574537695156,268490.9208821253,73.8,49.8,61.3,Saint louis,3.0,4.0,1.0,8.0,1,1
1893,F,21.0,Bachelor,1.7143200066467985,453766.00777483615,82.4,76.8,86.4,Thies,2.0,1.0,2.0,5.0,0,1
1894,F,19.0,High School,4.270515027272051,63962.56117636111,74.4,68.6,71.5,Dakar,3.0,1.0,3.0,7.0,1,1
1895,M,17.0,Master,1.1431089779798,249464.3718238699,54.4,67.5,51.1,Dakar,2.0,3.0,3.0,8.0,1,1
1896,F,15.0,Master,4.869634549807467,353751.68793275364,49.3,44.8,48.2,Dakar,3.0,3.0,3.0,9.0,1,0
1897,M,21.0,Master,11.065553906289598,354866.97743392125,67.2,55.1,56.0,Thies,2.0,1.0,3.0,6.0,1,1
1898,F,16.0,Bachelor,6.344420230900573,462331.0836737716,86.3,78.7,93.9,Dakar,2.0,2.0,3.0,7.0,1,1
1899,F,20.0,Bachelor,9.84318897446387,,58.8,49.7,46.8,Dakar,1.0,0.0,2.0,3.0,0,1
1900,M,19.0,Master,1.9106627268730236,265735.00496313313,56.5,45.5,63.6,Thies,2.0,1.0,2.0,5.0,1,1
1901,F,22.0,High School,11.191901018327622,276230.7613668824,75.7,58.3,66.3,Saint louis,3.0,0.0,3.0,6.0,1,1
1902,F,19.0,High School,5.779563088286601,170601.07148293234,79.4,83.5,86.8,Dakar,2.0,2.0,4.0,8.0,0,1
1903,M,19.0,High School,8.048678729131622,411706.4859350205,59.4,56.1,55.2,Thies,2.0,3.0,4.0,9.0,0,1
1904,F,22.0,Bachelor,7.628501994427789,517262.6974105192,61.4,43.2,52.1,Saint-louis,0.0,2.0,3.0,5.0,1,1
1905,F,21.0,High School,2.9138059164308645,318886.05262448604,66.0,63.2,59.2,Dakar,4.0,3.0,4.0,11.0,0,1
1906,M,21.0,Master,3.3876626730408708,312692.4460228948,76.4,75.3,69.1,Thies,1.0,1.0,3.0,5.0,1,1
1907,F,21.0,High School,11.871177876013704,208616.17436761485,67.7,60.7,56.7,Dakar,1.0,0.0,3.0,4.0,0,1
1908,M,16.0,Master,9.595968630006782,116569.04444888566,50.3,35.4,57.0,Dakar,1.0,3.0,4.0,8.0,0,1
1909,M,,Master,12.200196166213708,337264.75654970447,83.3,54.1,65.1,Dakar,2.0,2.0,1.0,5.0,1,1
1910,F,22.0,Master,9.298632942010071,166173.9326434897,42.5,33.8,28.0,Thies,2.0,3.0,4.0,9.0,0,0
1911,F,17.0,Master,8.571962539236866,204823.8403663276,67.0,61.8,61.8,Dakar,3.0,2.0,2.0,7.0,0,1
1912,M,19.0,Master,1.095957525332934,157110.5039115994,75.3,74.1,64.9,Dakar,3.0,4.0,4.0,11.0,1,1
1913,M,20.0,High School,6.918533212955321,244752.9200812014,81.9,80.6,75.5,Dakar,4.0,1.0,2.0,7.0,0,1
1914,M,20.0,Bachelor,7.890462718385024,296643.6702615621,65.5,64.1,61.5,Dakar,2.0,2.0,3.0,7.0,1,1
1915,F,21.0,Master,15.812428793090296,332833.74973988463,89.4,77.5,79.0,Saint louis,1.0,2.0,1.0,4.0,1,1
1916,M,24.0,High School,10.74782652839471,177019.29884840755,82.2,82.6,87.3,Saint louis,2.0,1.0,4.0,7.0,1,1
1917,F,23.0,Master,14.144244726838114,428314.044767422,70.4,77.0,66.4,Thies,1.0,2.0,2.0,5.0,1,1
1918,M,17.0,Master,10.390150823578914,275015.3690412041,49.5,52.4,43.3,Saint-louis,2.0,3.0,2.0,7.0,1,0
1919,F,22.0,High School,,137060.8933227667,44.3,36.8,28.8,Thies,0.0,2.0,3.0,5.0,1,0
1920,M,23.0,High School,,279443.7075309652,68.2,69.7,75.1,Dakar,1.0,2.0,1.0,4.0,0,1
1921,F,21.0,Bachelor,8.944894585056932,535626.3400252579,79.3,48.2,68.5,Saint louis,0.0,3.0,2.0,5.0,0,1
1922,F,23.0,Bachelor,4.243377720917273,340219.2679842141,88.5,64.9,71.6,Dakar,3.0,3.0,3.0,9.0,1,1
1923,F,25.0,High School,6.462450493628316,,42.4,47.2,48.8,Saint louis,2.0,2.0,5.0,9.0,0,0
1924,F,23.0,Master,7.176932025291312,116704.6372657555,321.5,61.2,46.0,Dakar,4.0,2.0,3.0,9.0,0,1
1925,M,21.0,Master,14.422479330260472,273670.52148335153,79.0,67.6,65.2,Dakar,3.0,2.0,4.0,9.0,1,1
1926,F,23.0,Master,0.3229621015639132,328191.3750105739,53.0,60.4,49.4,Thies,3.0,3.0,3.0,9.0,1,1
1927,F,20.0,High School,12.823273682864173,189504.8093547328,82.2,70.7,73.1,Dakar,2.0,3.0,8.0,13.0,1,1
1928,F,20.0,High School,4.252819060162469,,61.5,54.4,55.1,Dakar,2.0,4.0,4.0,10.0,1,1
1929,F,19.0,Bachelor,2.511683250921544,,59.8,68.5,56.7,Thies,1.0,3.0,0.0,4.0,1,1
1930,F,24.0,Bachelor,12.719768520153856,474544.6153065309,56.9,53.1,52.4,Saint-louis,1.0,1.0,3.0,5.0,1,1
1931,F,18.0,Bachelor,10.927592276937524,,75.9,62.7,70.1,Dakar,2.0,2.0,5.0,9.0,1,1
1932,F,24.0,Bachelor,13.01807480952476,193603.29969544825,96.1,89.9,83.8,Dakar,0.0,1.0,1.0,2.0,1,1
1933,M,21.0,Master,11.202807790182309,380730.8144639306,70.3,69.2,62.3,Thies,1.0,2.0,3.0,6.0,0,1
1934,F,17.0,Master,16.23938000694961,158571.26582757916,68.5,65.7,48.8,Thies,3.0,4.0,2.0,9.0,1,1
1935,F,21.0,High School,10.23489534777794,338178.02111005085,83.8,75.8,90.1,Thies,2.0,3.0,2.0,7.0,1,1
1936,F,15.0,Master,7.374090495507366,329428.30174730835,59.5,42.6,51.0,Thies,1.0,3.0,5.0,9.0,1,1
1937,F,22.0,Master,,413956.9798339841,80.2,85.0,90.1,Dakar,2.0,2.0,2.0,6.0,0,1
1938,M,22.0,High School,12.973876513383852,,60.5,45.1,49.1,Saint-louis,3.0,3.0,2.0,8.0,0,1
1939,M,19.0,High School,4.882498698959532,341432.9119332108,73.3,64.1,62.6,Thiès,2.0,1.0,2.0,5.0,1,1
1940,F,20.0,Bachelor,5.392445669874476,299079.1123578596,88.6,78.1,74.4,Thies,2.0,0.0,1.0,3.0,1,1
1941,F,25.0,Master,6.76415994160837,402231.4884949011,52.3,38.5,54.3,Thies,2.0,2.0,2.0,6.0,0,1
1942,F,19.0,Master,0.4183311950613291,409784.135771742,58.5,62.8,56.3,Dakar,3.0,2.0,2.0,7.0,1,1
1943,M,17.0,High School,8.552313633670188,255905.2504222325,85.1,71.4,71.6,Saint louis,3.0,4.0,1.0,8.0,0,1
1944,M,24.0,Master,0.4554851841958953,227900.44330849024,33.0,30.8,36.9,Saint louis,2.0,4.0,3.0,9.0,1,0
1945,F,,High School,8.212237251730476,393563.5418615393,77.5,68.3,69.7,Thies,2.0,1.0,1.0,4.0,1,1
1946,F,20.0,Master,11.461159024541,292781.4600713847,64.6,58.7,56.6,Saint louis,3.0,3.0,3.0,9.0,0,1
1947,M,23.0,High School,6.092494157424658,173744.5968304904,89.2,79.1,75.5,Thies,3.0,0.0,4.0,7.0,1,1
1948,M,23.0,High School,14.708463480747485,143001.1107753334,67.0,49.9,45.9,Dakar,1.0,2.0,2.0,5.0,0,1
1949,F,18.0,Bachelor,2.1579964023260487,122740.2700425142,44.5,51.4,46.1,Saint-louis,1.0,2.0,3.0,6.0,1,0
1950,F,19.0,High School,12.76504272652733,177189.30411945347,60.5,58.8,53.7,Thies,1.0,1.0,3.0,5.0,1,1
1951,F,23.0,Master,10.700548225627683,432323.0455289254,58.3,52.7,45.1,Saint louis,2.0,2.0,6.0,10.0,1,1
1952,F,24.0,Bachelor,1.1358670067572438,321339.5759646521,59.1,50.3,54.6,Dakar,2.0,1.0,4.0,7.0,1,1
1953,F,21.0,Bachelor,18.84317719616213,236427.87528923512,71.4,58.4,52.2,Saint-louis,4.0,3.0,2.0,9.0,1,1
1954,F,18.0,Bachelor,,396582.7125816096,31.6,33.7,33.7,Dakar,2.0,2.0,5.0,9.0,0,0
1955,F,25.0,High School,4.490063911377473,165412.2112132036,56.2,57.7,62.5,Dakar,3.0,4.0,6.0,13.0,0,1
1956,M,19.0,Bachelor,2.3716512208639324,311442.03291993344,65.1,53.6,58.6,Dakar,3.0,0.0,3.0,6.0,1,1
1957,M,19.0,Master,7.119927889361303,278444.35527293815,67.7,60.6,73.9,Saint-louis,3.0,1.0,4.0,8.0,0,1
1958,F,21.0,High School,7.490372510440161,340014.64648182824,69.8,214.2,71.8,Saint-louis,3.0,1.0,4.0,8.0,1,1
1959,F,24.0,High School,8.410582114158657,110732.5954896599,66.5,57.5,69.3,Dakar,1.0,3.0,1.0,5.0,1,1
1960,F,22.0,Bachelor,6.808815375104159,197976.2705022413,43.2,47.8,37.2,Saint-louis,1.0,2.0,0.0,3.0,1,0
1961,M,21.0,Master,10.532901240460374,103410.52090865598,61.6,65.1,44.2,Saint louis,1.0,3.0,3.0,7.0,1,1
1962,M,21.0,Master,,268848.3933828876,65.8,57.7,59.3,Dakar,2.0,1.0,2.0,5.0,1,1
1963,M,20.0,Master,0.2601435310381159,445371.30043589167,51.1,40.2,58.9,Dakar,1.0,0.0,3.0,4.0,1,1
1964,M,21.0,High School,,212837.22965294696,51.0,47.0,41.1,Dakar,0.0,1.0,4.0,5.0,1,1
1965,F,14.0,Bachelor,1.4699106134931128,238717.9274165219,76.3,75.2,71.5,Thiès,1.0,4.0,4.0,9.0,1,1
1966,M,19.0,High School,9.41508252356556,404606.9309020964,47.9,50.5,37.9,Saint louis,5.0,1.0,4.0,10.0,0,0
1967,M,21.0,Master,4.082799078869458,428225.947014636,50.9,45.5,41.1,Saint-louis,2.0,2.0,3.0,7.0,1,1
1968,F,17.0,High School,8.653441419663203,201797.70198632104,69.7,68.6,59.0,Thiès,4.0,2.0,2.0,8.0,0,1
1969,M,21.0,Master,13.256299926098418,382165.7824859871,64.6,55.5,53.2,Thies,2.0,2.0,2.0,6.0,1,1
1970,M,19.0,Bachelor,4.205005218927999,,75.3,82.4,64.2,Thiès,3.0,0.0,5.0,8.0,1,1
1971,M,24.0,Master,12.24502503404847,465356.92007104965,77.2,75.4,65.7,Dakar,2.0,3.0,6.0,11.0,1,1
1972,F,24.0,Master,6.2664417332553874,557844.7552724462,76.8,75.7,78.6,Dakar,2.0,2.0,5.0,9.0,1,1
1973,F,19.0,Bachelor,15.01277920826234,362545.89494264696,71.8,60.0,64.2,Thiès,3.0,5.0,3.0,11.0,1,1
1974,F,20.0,Master,6.539389547207147,49880.20543886395,70.5,68.8,72.4,Thies,2.0,2.0,1.0,5.0,1,1
1975,M,20.0,High School,4.6380280579732345,233012.36851226588,51.7,29.5,42.9,Dakar,1.0,3.0,7.0,11.0,0,1
1976,M,19.0,Master,10.748953801581154,373539.03860031854,86.6,69.1,65.1,Dakar,1.0,2.0,4.0,7.0,1,1
1977,F,20.0,Master,6.256841081505456,249422.04034003647,54.6,62.7,59.6,Thies,1.0,4.0,4.0,9.0,1,1
1978,F,18.0,High School,4.634201943483966,380061.69650000415,89.2,83.2,91.7,Thiès,2.0,3.0,2.0,7.0,1,1
1979,F,17.0,High School,,245765.56541152849,83.0,65.6,82.5,Thies,0.0,0.0,4.0,4.0,0,1
1980,M,22.0,High School,7.821573871267994,215222.9399081044,70.7,52.8,61.4,Saint-louis,2.0,4.0,3.0,9.0,0,1
1981,F,22.0,Master,13.368720524979416,303871.7772925503,66.4,55.4,60.3,Thies,3.0,3.0,2.0,8.0,1,1
1982,F,18.0,Bachelor,0.2636490181616917,192740.0135233092,82.4,73.9,74.2,Dakar,1.0,1.0,3.0,5.0,1,1
1983,F,22.0,High School,,212369.4894338375,37.5,27.0,36.0,Dakar,1.0,0.0,4.0,5.0,1,0
1984,F,18.0,Bachelor,10.499614378616172,233448.81114809375,61.2,68.0,48.2,Thies,4.0,3.0,5.0,12.0,0,1
1985,M,21.0,High School,8.773794299967184,440971.41602796456,88.5,81.9,84.2,Thies,3.0,4.0,1.0,8.0,1,1
1986,M,22.0,Bachelor,13.239460677734137,553921.4468197194,83.1,60.4,67.2,Dakar,2.0,3.0,1.0,6.0,1,1
1987,M,20.0,Master,7.702618680965903,,50.7,60.7,63.2,Thiès,1.0,3.0,2.0,6.0,1,1
1988,F,21.0,Master,7.26179423125622,69214.04565482974,73.1,63.5,62.0,Thiès,3.0,3.0,2.0,8.0,0,1
1989,F,19.0,Bachelor,10.369318188053374,270579.30937783374,68.7,51.8,49.4,Dakar,1.0,3.0,3.0,7.0,1,1
1990,F,20.0,Bachelor,8.397255259805398,117790.1161405581,69.4,58.0,56.8,Saint louis,1.0,2.0,2.0,5.0,0,1
1991,F,19.0,High School,6.438365046878116,199812.7673899224,70.0,66.9,59.9,Dakar,2.0,0.0,3.0,5.0,1,1
1992,F,18.0,Bachelor,10.06457615834552,389872.3336567112,72.8,63.7,68.9,Dakar,2.0,3.0,3.0,8.0,1,1
1993,F,20.0,Bachelor,5.389886827133419,479297.027672019,74.7,71.1,70.8,Dakar,0.0,2.0,1.0,3.0,1,1
1994,M,16.0,Bachelor,5.555291391922692,324167.3470458337,74.4,73.8,80.9,Saint-louis,3.0,0.0,3.0,6.0,1,1
1995,F,19.0,High School,5.888023912937546,194942.92820960347,48.0,48.2,50.0,Dakar,3.0,1.0,2.0,6.0,0,0
1996,M,,Master,13.41227664066563,62593.810011229885,61.2,59.0,61.4,Saint-louis,3.0,2.0,5.0,10.0,1,1
1997,M,19.0,Master,,303142.2179022958,52.0,47.8,44.9,Dakar,2.0,2.0,2.0,6.0,1,1
1998,M,19.0,Master,9.58239533905177,308554.4712659354,61.2,45.0,50.5,Thies,0.0,2.0,2.0,4.0,1,1
1999,F,20.0,Bachelor,,376674.8177055295,54.0,50.9,60.9,Thies,2.0,3.0,2.0,7.0,1,1
2000,M,21.0,Bachelor,1.2765181630475189,214981.42781650907,67.6,67.6,66.5,Dakar,1.0,1.0,3.0,5.0,1,1
